,Question,Answer,Source,Context_1,Context_2,Context_3,Context_4
0,What is the product identifier?,Information not available in the provided context,N/A,"licensed waste disposal facility. Ensure that disposal or reprocessing is in compliance with government requirements and 
local disposal regulations. Consult your local or regional authorities. <br><br>**Waste Disposal**| Section XIV. Transport Information |  |
|---|---|
| Section XIV. Transport Information |   |
| DOT Classification Not a DOT controlled material (United States). | Special Provisions Not applicable. for Transport |
<br><br>| Section XV. Regulatory Information |  |
|---|---|
| Section XV. Regulatory Information |   |
| Other This product is acceptable for use under the provisions of WHMIS-CPR. All components of this formulation are listed on the Regulations CEPA-DSL (Domestic Substances List). All components of this formulation are listed on the US EPA-TSCA Inventory. This product has been classified in accordance with the hazard criteria of the Controlled Products Regulations (CPR) and the MSDS contains all of the information required by the CPR. Please contact Product Safety for more information. |   |
| DSD/DPD (EEC) Not evaluated. | WHMIS (Canada) D-2A |
| ADR (Europe) NOT EVALUATED FOR (Pictograms) EUROPEAN TRANSPORT NON ÉVALUÉ POUR LE TRANSPORT EUROPÉEN. | TDG (Canada) (Pictograms) |
**Section XVI. Other Information**<br><br>Available upon request. 
*Marque de commerce de Petro-Canada - Trademark 
**References**<br><br>**Glossary**
ACGIH - American Conference of Governmental Industrial Hygienists 
ADR - Agreement on Dangerous goods by Road (Europe) 
ASTM - American Society for Testing and Materials ( 
BOD5 - Biological Oxygen Demand in 5 days","XV. Regulatory Information Other Regulations This product is acceptable for use under the provisions of WHMIS-CPR. All components of this formulation are listed on the CEPA-DSL (Domestic Substances List). All components of this formulation are listed on the US EPA-TSCA Inventory. This product has been classified in accordance with the hazard criteria of the Controlled Products Regulations (CPR) and the MSDS contains all of the information required by the CPR. DSD/DPD (EEC) Not evaluated. WHMIS (Canada) D-2A Please contact Product Safety for more information. ADR (Europe) (Pictograms) NOT EVALUATED FOR EUROPEAN TRANSPORT NON ÉVALUÉ POUR LE TRANSPORT EUROPÉEN. TDG (Canada) (Pictograms) Section XVI. Other Information References Available upon request. * Marque de commerce de Petro-Canada - Trademark Propane Installation Code Glossary ACGIH - American Conference of Governmental Industrial Hygienists ADR - Agreement on Dangerous goods by Road (Europe) ASTM - American Society for Testing and Materials ( BOD5 - Biological Oxygen Demand in 5 days CAN/CGA B149.2 CAS - Chemical Abstract Services CEPA - Canadian Environmental Protection Act CERCLA - Comprehensive Environmental Response, Compensation and Liability Act CFR - Code of Federal Regulations CHIP - Chemicals Hazard Information and Packaging Approved Supply List COD5 - Chemical Oxygen Demand in 5 days CPR - Controlled Products Regulations DOT - Department of Transport DSCL - Dangerous Substances Classification and Labeling (Europe) DSD/DPD - Dangerous Substances or Dangerous Preparations Directives (Europe) DSL - Domestic","Ionicity (in water) Not available Vapour Pressure 0.06 mmHg @ 20°C (68ºF). Dispersion Properties Not available Volatility 0% (w/w) Solubility Soluble in water, methanol and diethyl ether. Section X. Stability and Reactivity Corrosivity Stability Not available The product is stable. Hazardous Polymerization Will not occur under normal working conditions. Incompatible Substances / Conditions to Avoid Reactive with oxidizing agents, acids and alkalis. Decomposition Products May release COx, smoke and irritating vapours when heated to decomposition. Section XI. Toxicological Information Routes of Entry Acute Lethality Chronic or Other Toxic Effects Chronic or Other Toxic Effects Dermal Route: Inhalation Route: Oral Route: Eye contact and ingestion. LD50: 4700 mg/kg (oral/rat). [Ethylene Glycol] LD50: 9530 mg/kg (dermal/rabbit). [Ethylene Glycol] Slightly hazardous in case of skin contact (irritant). Slightly hazardous in case of inhalation (lung irritant). Can cause nausea, headaches and vomiting. Extremely dangerous in case of ingestion. Eye Irritation/Inflammation: Slightly hazardous in case of eye contact (irritant). Immunotoxicity: Skin Sensitization: Respiratory Tract Sensitization: Mutagenic: Continued on Next Page Not available Not available Not available Not available Available in French ANTIFREEZE Page Number: 3 Reproductive Toxicity: Not available Teratogenicity/Embryotoxicity: Fetotoxic and teratogenic in mice at levels below maternal toxicity. Carcinogenicity (ACGIH): ACGIH A4: not classifiable as a human carcinogen. Carcinogenicity (IARC): Carcinogenicity (NTP):",organs damage. Repeated exposure to a highly toxic material may produce general deterioration of health by an accumulation in one or many human organs. Section XII. Ecological Information Environmental Fate Not available BOD5 and COD Not available Additional Remarks No additional remark. Section XIII. Disposal Considerations Persistance/ Bioaccumulation Potential Products of Biodegradation Not available Not available Waste Disposal Preferred waste management priorities are: (1) recycle or reprocess; (2) incineration with energy recovery; (3) disposal at licensed waste disposal facility. Ensure that disposal or reprocessing is in compliance with government requirements and local disposal regulations. Consult your local or regional authorities. Section XIV. Transport Information DOT Classification Not a DOT controlled material (United States). Special Provisions for Transport Not applicable. Section XV. Regulatory Information Other Regulations This product is acceptable for use under the provisions of WHMIS-CPR. All components of this formulation are listed on the CEPA-DSL (Domestic Substances List). All components of this formulation are listed on the US EPA-TSCA Inventory. This product has been classified in accordance with the hazard criteria of the Controlled Products Regulations (CPR) and the MSDS contains all of the information required by the CPR. DSD/DPD (EEC) Not evaluated. WHMIS (Canada) D-2A Please contact Product Safety for more information. ADR (Europe) (Pictograms) NOT EVALUATED FOR EUROPEAN TRANSPORT NON ÉVALUÉ POUR LE TRANSPORT EUROPÉEN. TDG (Canada)
1,When was the Safety Data Sheet issued?,Information not available in the provided context,N/A,"XV. Regulatory Information Other Regulations This product is acceptable for use under the provisions of WHMIS-CPR. All components of this formulation are listed on the CEPA-DSL (Domestic Substances List). All components of this formulation are listed on the US EPA-TSCA Inventory. This product has been classified in accordance with the hazard criteria of the Controlled Products Regulations (CPR) and the MSDS contains all of the information required by the CPR. DSD/DPD (EEC) Not evaluated. WHMIS (Canada) D-2A Please contact Product Safety for more information. ADR (Europe) (Pictograms) NOT EVALUATED FOR EUROPEAN TRANSPORT NON ÉVALUÉ POUR LE TRANSPORT EUROPÉEN. TDG (Canada) (Pictograms) Section XVI. Other Information References Available upon request. * Marque de commerce de Petro-Canada - Trademark Propane Installation Code Glossary ACGIH - American Conference of Governmental Industrial Hygienists ADR - Agreement on Dangerous goods by Road (Europe) ASTM - American Society for Testing and Materials ( BOD5 - Biological Oxygen Demand in 5 days CAN/CGA B149.2 CAS - Chemical Abstract Services CEPA - Canadian Environmental Protection Act CERCLA - Comprehensive Environmental Response, Compensation and Liability Act CFR - Code of Federal Regulations CHIP - Chemicals Hazard Information and Packaging Approved Supply List COD5 - Chemical Oxygen Demand in 5 days CPR - Controlled Products Regulations DOT - Department of Transport DSCL - Dangerous Substances Classification and Labeling (Europe) DSD/DPD - Dangerous Substances or Dangerous Preparations Directives (Europe) DSL - Domestic","on Dangerous goods by Road (Europe) ASTM - American Society for Testing and Materials ( BOD5 - Biological Oxygen Demand in 5 days CAN/CGA B149.2 CAS - Chemical Abstract Services CEPA - Canadian Environmental Protection Act CERCLA - Comprehensive Environmental Response, Compensation and Liability Act CFR - Code of Federal Regulations CHIP - Chemicals Hazard Information and Packaging Approved Supply List COD5 - Chemical Oxygen Demand in 5 days CPR - Controlled Products Regulations DOT - Department of Transport DSCL - Dangerous Substances Classification and Labeling (Europe) DSD/DPD - Dangerous Substances or Dangerous Preparations Directives (Europe) DSL - Domestic Substance List EEC/EU - European Economic Community/European Union EINECS - European Inventory of Existing Commercial Chemical Substances EPCRA - Emergency Planning and Community Right to Know Act IRIS - Integrated Risk Information System LD50/LC50 - Lethal Dose/Concentration kill 50% LDLo/LCLo - Lowest Published Lethal Dose/Concentration NAERG'96 - North American Emergency Response Guide Book (1996) NFPA - National Fire Prevention Association NIOSH - National Institute for Occupational Safety & Health NPRI - National Pollutant Release Inventory NSNR - New Substances Notification Regulations (Canada) NTP - National Toxicology Program OSHA - Occupational Safety & Health Administration PEL - Permissible Exposure Limit RCRA - Resource Conservation and Recovery Act SARA - Superfund Amendments and Reorganization Act SD - Single Dose STEL - Short Term Exposure Limit (15 minutes) TDG - Transportation Dangerous Goods","Material Safety Data Sheet Protective Clothing DOT (pictograms) NFPA HMIS (U.S.A.) Fire Hazard 1 Health 2 0 Reactivity Specific hazard Health Hazard Fire Hazard Reactivity Personal Protection Rating 0 Insignificant 1 2 3 4 Slight Moderate High Extreme 2* 1 0 H Section I. Chemical Product and Company Identification Product Name ANTIFREEZE Synonym Manufacturer Universal Antifreeze, Radiator Antifreeze, Diesel Antifreeze, Petro-Canada Antifreeze-Coolant, Petro-Canada Heavy Duty Antifreeze-Coolant, Pre-Mix Antifreeze, Petro-Canada Premium Radiator Antifreeze. PETRO-CANADA P.O. Box 2844 Calgary, Alberta T2P 3E3 Material Uses Used as an engine antifreeze coolant. Section II. Composition and Information on Ingredients Code DSL TSCA W269 On the DSL. On TSCA list. In case of Emergency Petro-Canada: 403-296-3000 Canutec Transportation: 613-996-6666 Poison Control Centre: Consult l o c a l t e l e p h o n e d i r e c t o r y f o r emergency number(s). Exposure Limits (ACGIH) Name CAS # % (V/V) TLV-TWA(8 h) STEL CEILING 1) Ethylene glycol 107-21-1 >55 Not established Not established 2) Sodium tetraborate pentahydrate 1330-43-4 <5 1 mg/m³ Not established 100 mg/m³ (aerosol) Not established Manufacturer Recommendation Not applicable Other Exposure Limits Consult local, state, provincial or territory authorities for acceptable exposure limits. Section III. Hazards Identification. Potential Health Effects Contact can cause slight irritation of skin, eyes and respiratory tract. Extremely dangerous in case of ingestion. For more information, refer to Section 11. Section IV. First Aid","DOT - Department of Transport 
DSCL - Dangerous Substances Classification and Labeling (Europe) 
DSD/DPD - Dangerous Substances or Dangerous Preparations Directives 
(Europe) 
DSL - Domestic Substance List 
EEC/EU - European Economic Community/European Union 
EINECS - European Inventory of Existing Commercial Chemical Substances 
EPCRA - Emergency Planning and Community Right to Know Act  IRIS - Integrated Risk Information System 
LD50/LC50 - Lethal Dose/Concentration kill 50% 
LDLo/LCLo - Lowest Published Lethal Dose/Concentration 
NAERG'96 - North American Emergency Response Guide Book (1996) 
NFPA - National Fire Prevention Association 
NIOSH - National Institute for Occupational Safety & Health 
NPRI - National Pollutant Release Inventory 
NSNR - New Substances Notification Regulations (Canada) 
NTP - National Toxicology Program 
OSHA - Occupational Safety & Health Administration 
PEL - Permissible Exposure Limit 
RCRA - Resource Conservation and Recovery Act 
SARA - Superfund Amendments and Reorganization Act 
SD - Single Dose 
STEL - Short Term Exposure Limit (15 minutes) 
TDG - Transportation Dangerous Goods (Canada) 
TDLo/TCLo - Lowest Published Toxic Dose/Concentration 
TLm - Median Tolerance Limit 
TLV-TWA - Threshold Limit Value-Time Weighted Average 
TSCA - Toxic Substances Control Act 
USEPA - United States Environmental Protection Agency <br><br>Propane Installation Code **ANTIFREEZE**<br><br>FDA - Food and Drug Administration 
FIFRA - Federal Insecticide, Fungicide and Rodenticide Act 
HCS - Hazardous Communication System"
2,What is the product description?,This product is acceptable for use under the provisions of WHMIS-CPR. All components of this formulation are listed on the CEPA-DSL (Domestic Substances List). All components of this formulation are listed on the US EPA-TSCA Inventory.,Section XV. Regulatory Information,"licensed waste disposal facility. Ensure that disposal or reprocessing is in compliance with government requirements and 
local disposal regulations. Consult your local or regional authorities. <br><br>**Waste Disposal**| Section XIV. Transport Information |  |
|---|---|
| Section XIV. Transport Information |   |
| DOT Classification Not a DOT controlled material (United States). | Special Provisions Not applicable. for Transport |
<br><br>| Section XV. Regulatory Information |  |
|---|---|
| Section XV. Regulatory Information |   |
| Other This product is acceptable for use under the provisions of WHMIS-CPR. All components of this formulation are listed on the Regulations CEPA-DSL (Domestic Substances List). All components of this formulation are listed on the US EPA-TSCA Inventory. This product has been classified in accordance with the hazard criteria of the Controlled Products Regulations (CPR) and the MSDS contains all of the information required by the CPR. Please contact Product Safety for more information. |   |
| DSD/DPD (EEC) Not evaluated. | WHMIS (Canada) D-2A |
| ADR (Europe) NOT EVALUATED FOR (Pictograms) EUROPEAN TRANSPORT NON ÉVALUÉ POUR LE TRANSPORT EUROPÉEN. | TDG (Canada) (Pictograms) |
**Section XVI. Other Information**<br><br>Available upon request. 
*Marque de commerce de Petro-Canada - Trademark 
**References**<br><br>**Glossary**
ACGIH - American Conference of Governmental Industrial Hygienists 
ADR - Agreement on Dangerous goods by Road (Europe) 
ASTM - American Society for Testing and Materials ( 
BOD5 - Biological Oxygen Demand in 5 days","XV. Regulatory Information Other Regulations This product is acceptable for use under the provisions of WHMIS-CPR. All components of this formulation are listed on the CEPA-DSL (Domestic Substances List). All components of this formulation are listed on the US EPA-TSCA Inventory. This product has been classified in accordance with the hazard criteria of the Controlled Products Regulations (CPR) and the MSDS contains all of the information required by the CPR. DSD/DPD (EEC) Not evaluated. WHMIS (Canada) D-2A Please contact Product Safety for more information. ADR (Europe) (Pictograms) NOT EVALUATED FOR EUROPEAN TRANSPORT NON ÉVALUÉ POUR LE TRANSPORT EUROPÉEN. TDG (Canada) (Pictograms) Section XVI. Other Information References Available upon request. * Marque de commerce de Petro-Canada - Trademark Propane Installation Code Glossary ACGIH - American Conference of Governmental Industrial Hygienists ADR - Agreement on Dangerous goods by Road (Europe) ASTM - American Society for Testing and Materials ( BOD5 - Biological Oxygen Demand in 5 days CAN/CGA B149.2 CAS - Chemical Abstract Services CEPA - Canadian Environmental Protection Act CERCLA - Comprehensive Environmental Response, Compensation and Liability Act CFR - Code of Federal Regulations CHIP - Chemicals Hazard Information and Packaging Approved Supply List COD5 - Chemical Oxygen Demand in 5 days CPR - Controlled Products Regulations DOT - Department of Transport DSCL - Dangerous Substances Classification and Labeling (Europe) DSD/DPD - Dangerous Substances or Dangerous Preparations Directives (Europe) DSL - Domestic","Ionicity (in water) Not available Vapour Pressure 0.06 mmHg @ 20°C (68ºF). Dispersion Properties Not available Volatility 0% (w/w) Solubility Soluble in water, methanol and diethyl ether. Section X. Stability and Reactivity Corrosivity Stability Not available The product is stable. Hazardous Polymerization Will not occur under normal working conditions. Incompatible Substances / Conditions to Avoid Reactive with oxidizing agents, acids and alkalis. Decomposition Products May release COx, smoke and irritating vapours when heated to decomposition. Section XI. Toxicological Information Routes of Entry Acute Lethality Chronic or Other Toxic Effects Chronic or Other Toxic Effects Dermal Route: Inhalation Route: Oral Route: Eye contact and ingestion. LD50: 4700 mg/kg (oral/rat). [Ethylene Glycol] LD50: 9530 mg/kg (dermal/rabbit). [Ethylene Glycol] Slightly hazardous in case of skin contact (irritant). Slightly hazardous in case of inhalation (lung irritant). Can cause nausea, headaches and vomiting. Extremely dangerous in case of ingestion. Eye Irritation/Inflammation: Slightly hazardous in case of eye contact (irritant). Immunotoxicity: Skin Sensitization: Respiratory Tract Sensitization: Mutagenic: Continued on Next Page Not available Not available Not available Not available Available in French ANTIFREEZE Page Number: 3 Reproductive Toxicity: Not available Teratogenicity/Embryotoxicity: Fetotoxic and teratogenic in mice at levels below maternal toxicity. Carcinogenicity (ACGIH): ACGIH A4: not classifiable as a human carcinogen. Carcinogenicity (IARC): Carcinogenicity (NTP):","| Boiling Point 129 to 197°C (264 to 387°F) | Penetration Not applicable. |
| Density 1.115 to 1.145 (Water = 1) | Oil / Water Dist. Coeff. Not available |
| Vapour Density 2.1 (Air=1). | Ionicity (in water) Not available |
| Vapour Pressure 0.06 mmHg @ 20°C (68ºF). | Dispersion Properties Not available |
| Volatility 0% (w/w) | Solubility Soluble in water, methanol and diethyl ether. |
<br><br>| Section X. Stability and Reactivity |  |
|---|---|
| Section X. Stability and Reactivity |   |
| Corrosivity Not available |   |
| Stability The product is stable. | Hazardous Will not occur under normal working conditions. Polymerization |
| Incompatible Reactive with oxidizing agents, acids and Substances / alkalis. Conditions to Avoid | Decomposition May release COx, smoke and irritating vapours when Products heated to decomposition. |
**Section XI. Toxicological Information**<br><br>Eye contact and ingestion.  **Routes of Entry**<br><br>LD50: 4700 mg/kg (oral/rat). [Ethylene Glycol] 
LD50: 9530 mg/kg (dermal/rabbit). [Ethylene Glycol] 
**Acute Lethality**<br><br>**Chronic or Other Toxic Effects**
**Chronic or Other Toxic Effects**"
3,Who is the manufacturer of the product?,PETRO-CANADA,Section |   |   |   |   | Material Uses Used as an engine antifreeze coolant.,"XV. Regulatory Information Other Regulations This product is acceptable for use under the provisions of WHMIS-CPR. All components of this formulation are listed on the CEPA-DSL (Domestic Substances List). All components of this formulation are listed on the US EPA-TSCA Inventory. This product has been classified in accordance with the hazard criteria of the Controlled Products Regulations (CPR) and the MSDS contains all of the information required by the CPR. DSD/DPD (EEC) Not evaluated. WHMIS (Canada) D-2A Please contact Product Safety for more information. ADR (Europe) (Pictograms) NOT EVALUATED FOR EUROPEAN TRANSPORT NON ÉVALUÉ POUR LE TRANSPORT EUROPÉEN. TDG (Canada) (Pictograms) Section XVI. Other Information References Available upon request. * Marque de commerce de Petro-Canada - Trademark Propane Installation Code Glossary ACGIH - American Conference of Governmental Industrial Hygienists ADR - Agreement on Dangerous goods by Road (Europe) ASTM - American Society for Testing and Materials ( BOD5 - Biological Oxygen Demand in 5 days CAN/CGA B149.2 CAS - Chemical Abstract Services CEPA - Canadian Environmental Protection Act CERCLA - Comprehensive Environmental Response, Compensation and Liability Act CFR - Code of Federal Regulations CHIP - Chemicals Hazard Information and Packaging Approved Supply List COD5 - Chemical Oxygen Demand in 5 days CPR - Controlled Products Regulations DOT - Department of Transport DSCL - Dangerous Substances Classification and Labeling (Europe) DSD/DPD - Dangerous Substances or Dangerous Preparations Directives (Europe) DSL - Domestic","on Next Page Available in French ANTIFREEZE Page Number: 4 FDA - Food and Drug Administration FIFRA - Federal Insecticide, Fungicide and Rodenticide Act HCS - Hazardous Communication System HMIS - Hazardous Material Information System IARC - International Agency for Research on Cancer USP - United States Pharmacopoeia WHMIS - Workplace Hazardous Material Information System For Copy of MSDS Western Canada, telephone: 403-296-4158; fax: 403-296-6551 Ontario & Central Canada, telephone: 1-800-668-0220; fax: 1-800-837-1228 Quebec & Eastern Canada, telephone: 514-640-8308; fax: 514-640-8385 For Product Safety Information: (905) 804-4752 Prepared by Product Safety - TAR on 7/3/2001. Data entry by Product Safety - JDW. To the best of our knowledge, the information contained herein is accurate. However, neither the above named supplier nor any of its subsidiaries assumes any liability whatsoever for the accuracy or completeness of the information contained herein. Final determination of suitability of any material is the sole responsibility of the user. All materials may present unknown hazards and should be used with caution. Although certain hazards are described herein, we cannot guarantee that these are the only hazards that exist.","Ionicity (in water) Not available Vapour Pressure 0.06 mmHg @ 20°C (68ºF). Dispersion Properties Not available Volatility 0% (w/w) Solubility Soluble in water, methanol and diethyl ether. Section X. Stability and Reactivity Corrosivity Stability Not available The product is stable. Hazardous Polymerization Will not occur under normal working conditions. Incompatible Substances / Conditions to Avoid Reactive with oxidizing agents, acids and alkalis. Decomposition Products May release COx, smoke and irritating vapours when heated to decomposition. Section XI. Toxicological Information Routes of Entry Acute Lethality Chronic or Other Toxic Effects Chronic or Other Toxic Effects Dermal Route: Inhalation Route: Oral Route: Eye contact and ingestion. LD50: 4700 mg/kg (oral/rat). [Ethylene Glycol] LD50: 9530 mg/kg (dermal/rabbit). [Ethylene Glycol] Slightly hazardous in case of skin contact (irritant). Slightly hazardous in case of inhalation (lung irritant). Can cause nausea, headaches and vomiting. Extremely dangerous in case of ingestion. Eye Irritation/Inflammation: Slightly hazardous in case of eye contact (irritant). Immunotoxicity: Skin Sensitization: Respiratory Tract Sensitization: Mutagenic: Continued on Next Page Not available Not available Not available Not available Available in French ANTIFREEZE Page Number: 3 Reproductive Toxicity: Not available Teratogenicity/Embryotoxicity: Fetotoxic and teratogenic in mice at levels below maternal toxicity. Carcinogenicity (ACGIH): ACGIH A4: not classifiable as a human carcinogen. Carcinogenicity (IARC): Carcinogenicity (NTP):","|   |   |   |   | TSCA On TSCA list. |   |
| Manufacturer PETRO-CANADA P.O. Box 2844 Calgary, Alberta T2P 3E3 |   |   |   | In case of Petro-Canada: 403-296-3000 Emergency Canutec Transportation: 613-996-6666 Poison Control Centre: Consult local telephone directory for emergency number(s). |   |
| Material Uses Used as an engine antifreeze coolant. |   |   |   |   |   |
| Section II. Composition and Information on Ingredients |  |  |  |  |  |
|---|---|---|---|---|---|
| Section II. Composition and Information on Ingredients |   |   |   |   |   |
|   |   |   | Exposure Limits (ACGIH) |   |   |
| Name | CAS # | % (V/V) | TLV-TWA(8 h) | STEL | CEILING |
| 1) Ethylene glycol 2) Sodium tetraborate pentahydrate | 107-21-1 1330-43-4 | >55 <5 | Not established 1 mg/m³ | Not established Not established | 100 mg/m³ (aerosol) Not established |
| Manufacturer Not applicable Recommendation |   |   |   |   |   |
| Other Exposure LimitsConsult local, state, provincial or territory authorities for acceptable exposure limits. |   |   |   |   |   |
<br><br>**Section III. Hazards Identification.**<br><br>Contact can cause slight irritation of skin, eyes and respiratory tract. Extremely dangerous in case of ingestion. For more 
information, refer to Section 11. 
**Potential Health**
**Effects****Section IV. First Aid Measures**<br><br>IMMEDIATELY flush eyes with running water for at least 15 minutes, keeping eyelids open. Seek medical attention.  **Eye Contact**<br><br>Remove contaminated clothing - launder before reuse. Wash gently and thoroughly the contaminated skin with running water"
4,What is the emergency telephone number for the product?,"403-296-3000 (Petro-Canada), 613-996-6666 (Canutec Transportation), Consult local telephone directory for Poison Control Centre emergency number(s)","Section II, Section I","r e c t o r y f o r emergency number(s). Exposure Limits (ACGIH) Name CAS # % (V/V) TLV-TWA(8 h) STEL CEILING 1) Ethylene glycol 107-21-1 >55 Not established Not established 2) Sodium tetraborate pentahydrate 1330-43-4 <5 1 mg/m³ Not established 100 mg/m³ (aerosol) Not established Manufacturer Recommendation Not applicable Other Exposure Limits Consult local, state, provincial or territory authorities for acceptable exposure limits. Section III. Hazards Identification. Potential Health Effects Contact can cause slight irritation of skin, eyes and respiratory tract. Extremely dangerous in case of ingestion. For more information, refer to Section 11. Section IV. First Aid Measures Eye Contact Skin Contact Inhalation Ingestion IMMEDIATELY flush eyes with running water for at least 15 minutes, keeping eyelids open. Seek medical attention. Remove contaminated clothing - launder before reuse. Wash gently and thoroughly the contaminated skin with running water and non-abrasive soap. Seek medical attention. Evacuate the victim to a safe area as soon as possible. If the victim is not breathing, perform artificial respiration. Allow the victim to rest in a well ventilated area. Seek medical attention. DO NOT induce vomiting because of danger of aspirating liquid into lungs. Seek medical attention. Note to Physician Not available Section V. Fire-fighting Measures Flammability Flash Points Fire Hazards in Presence of Various Substances Products of Combustion Fire Fighting Media and Instructions May be combustible at high temperature. Flammable Limits Lower: 3.2%, Upper: 15.3% Closed","Material Safety Data Sheet Protective Clothing DOT (pictograms) NFPA HMIS (U.S.A.) Fire Hazard 1 Health 2 0 Reactivity Specific hazard Health Hazard Fire Hazard Reactivity Personal Protection Rating 0 Insignificant 1 2 3 4 Slight Moderate High Extreme 2* 1 0 H Section I. Chemical Product and Company Identification Product Name ANTIFREEZE Synonym Manufacturer Universal Antifreeze, Radiator Antifreeze, Diesel Antifreeze, Petro-Canada Antifreeze-Coolant, Petro-Canada Heavy Duty Antifreeze-Coolant, Pre-Mix Antifreeze, Petro-Canada Premium Radiator Antifreeze. PETRO-CANADA P.O. Box 2844 Calgary, Alberta T2P 3E3 Material Uses Used as an engine antifreeze coolant. Section II. Composition and Information on Ingredients Code DSL TSCA W269 On the DSL. On TSCA list. In case of Emergency Petro-Canada: 403-296-3000 Canutec Transportation: 613-996-6666 Poison Control Centre: Consult l o c a l t e l e p h o n e d i r e c t o r y f o r emergency number(s). Exposure Limits (ACGIH) Name CAS # % (V/V) TLV-TWA(8 h) STEL CEILING 1) Ethylene glycol 107-21-1 >55 Not established Not established 2) Sodium tetraborate pentahydrate 1330-43-4 <5 1 mg/m³ Not established 100 mg/m³ (aerosol) Not established Manufacturer Recommendation Not applicable Other Exposure Limits Consult local, state, provincial or territory authorities for acceptable exposure limits. Section III. Hazards Identification. Potential Health Effects Contact can cause slight irritation of skin, eyes and respiratory tract. Extremely dangerous in case of ingestion. For more information, refer to Section 11. Section IV. First Aid","|   |   |   |   | TSCA On TSCA list. |   |
| Manufacturer PETRO-CANADA P.O. Box 2844 Calgary, Alberta T2P 3E3 |   |   |   | In case of Petro-Canada: 403-296-3000 Emergency Canutec Transportation: 613-996-6666 Poison Control Centre: Consult local telephone directory for emergency number(s). |   |
| Material Uses Used as an engine antifreeze coolant. |   |   |   |   |   |
| Section II. Composition and Information on Ingredients |  |  |  |  |  |
|---|---|---|---|---|---|
| Section II. Composition and Information on Ingredients |   |   |   |   |   |
|   |   |   | Exposure Limits (ACGIH) |   |   |
| Name | CAS # | % (V/V) | TLV-TWA(8 h) | STEL | CEILING |
| 1) Ethylene glycol 2) Sodium tetraborate pentahydrate | 107-21-1 1330-43-4 | >55 <5 | Not established 1 mg/m³ | Not established Not established | 100 mg/m³ (aerosol) Not established |
| Manufacturer Not applicable Recommendation |   |   |   |   |   |
| Other Exposure LimitsConsult local, state, provincial or territory authorities for acceptable exposure limits. |   |   |   |   |   |
<br><br>**Section III. Hazards Identification.**<br><br>Contact can cause slight irritation of skin, eyes and respiratory tract. Extremely dangerous in case of ingestion. For more 
information, refer to Section 11. 
**Potential Health**
**Effects****Section IV. First Aid Measures**<br><br>IMMEDIATELY flush eyes with running water for at least 15 minutes, keeping eyelids open. Seek medical attention.  **Eye Contact**<br><br>Remove contaminated clothing - launder before reuse. Wash gently and thoroughly the contaminated skin with running water","**Quebec & Eastern Canada, telephone: 514-640-8308; fax: 514-640-8385**<br><br>**Prepared by Product Safety - TAR on 7/3/2001.**<br><br>**Data entry by Product Safety - JDW.**<br><br>**For Product Safety Information: (905) 804-4752**<br><br>**To the best of our knowledge, the information contained herein is accurate. However, neither the above named supplier nor any of its**
**subsidiaries assumes any liability whatsoever for the accuracy or completeness of the information contained herein. Final**
**determination of suitability of any material is the sole responsibility of the user. All materials may present unknown hazards and should**
**be used with caution. Although certain hazards are described herein, we cannot guarantee that these are the only hazards that exist.**"
5,What are the hazard classifications associated with the product?,"Health Hazard 2, Fire Hazard 1, Reactivity Specific hazard Health Hazard","Section III. Hazards Identification., Section I. Chemical Product and Company Identification.","Ionicity (in water) Not available Vapour Pressure 0.06 mmHg @ 20°C (68ºF). Dispersion Properties Not available Volatility 0% (w/w) Solubility Soluble in water, methanol and diethyl ether. Section X. Stability and Reactivity Corrosivity Stability Not available The product is stable. Hazardous Polymerization Will not occur under normal working conditions. Incompatible Substances / Conditions to Avoid Reactive with oxidizing agents, acids and alkalis. Decomposition Products May release COx, smoke and irritating vapours when heated to decomposition. Section XI. Toxicological Information Routes of Entry Acute Lethality Chronic or Other Toxic Effects Chronic or Other Toxic Effects Dermal Route: Inhalation Route: Oral Route: Eye contact and ingestion. LD50: 4700 mg/kg (oral/rat). [Ethylene Glycol] LD50: 9530 mg/kg (dermal/rabbit). [Ethylene Glycol] Slightly hazardous in case of skin contact (irritant). Slightly hazardous in case of inhalation (lung irritant). Can cause nausea, headaches and vomiting. Extremely dangerous in case of ingestion. Eye Irritation/Inflammation: Slightly hazardous in case of eye contact (irritant). Immunotoxicity: Skin Sensitization: Respiratory Tract Sensitization: Mutagenic: Continued on Next Page Not available Not available Not available Not available Available in French ANTIFREEZE Page Number: 3 Reproductive Toxicity: Not available Teratogenicity/Embryotoxicity: Fetotoxic and teratogenic in mice at levels below maternal toxicity. Carcinogenicity (ACGIH): ACGIH A4: not classifiable as a human carcinogen. Carcinogenicity (IARC): Carcinogenicity (NTP):","Material Safety Data Sheet Protective Clothing DOT (pictograms) NFPA HMIS (U.S.A.) Fire Hazard 1 Health 2 0 Reactivity Specific hazard Health Hazard Fire Hazard Reactivity Personal Protection Rating 0 Insignificant 1 2 3 4 Slight Moderate High Extreme 2* 1 0 H Section I. Chemical Product and Company Identification Product Name ANTIFREEZE Synonym Manufacturer Universal Antifreeze, Radiator Antifreeze, Diesel Antifreeze, Petro-Canada Antifreeze-Coolant, Petro-Canada Heavy Duty Antifreeze-Coolant, Pre-Mix Antifreeze, Petro-Canada Premium Radiator Antifreeze. PETRO-CANADA P.O. Box 2844 Calgary, Alberta T2P 3E3 Material Uses Used as an engine antifreeze coolant. Section II. Composition and Information on Ingredients Code DSL TSCA W269 On the DSL. On TSCA list. In case of Emergency Petro-Canada: 403-296-3000 Canutec Transportation: 613-996-6666 Poison Control Centre: Consult l o c a l t e l e p h o n e d i r e c t o r y f o r emergency number(s). Exposure Limits (ACGIH) Name CAS # % (V/V) TLV-TWA(8 h) STEL CEILING 1) Ethylene glycol 107-21-1 >55 Not established Not established 2) Sodium tetraborate pentahydrate 1330-43-4 <5 1 mg/m³ Not established 100 mg/m³ (aerosol) Not established Manufacturer Recommendation Not applicable Other Exposure Limits Consult local, state, provincial or territory authorities for acceptable exposure limits. Section III. Hazards Identification. Potential Health Effects Contact can cause slight irritation of skin, eyes and respiratory tract. Extremely dangerous in case of ingestion. For more information, refer to Section 11. Section IV. First Aid","<br><br>**Section III. Hazards Identification.**<br><br>Contact can cause slight irritation of skin, eyes and respiratory tract. Extremely dangerous in case of ingestion. For more 
information, refer to Section 11. 
**Potential Health**
**Effects****Section IV. First Aid Measures**<br><br>IMMEDIATELY flush eyes with running water for at least 15 minutes, keeping eyelids open. Seek medical attention.  **Eye Contact**<br><br>Remove contaminated clothing - launder before reuse. Wash gently and thoroughly the contaminated skin with running water 
and non-abrasive soap. Seek medical attention. 
**Skin Contact**<br><br>Evacuate the victim to a safe area as soon as possible. If the victim is not breathing, perform artificial respiration. Allow the 
victim to rest in a well ventilated area. Seek medical attention. 
**Inhalation**<br><br>DO NOT induce vomiting because of danger of aspirating liquid into lungs. Seek medical attention.  **Ingestion**<br><br>Not available  **Note to Physician**<br><br>| Section V. Fire-fighting Measures |  |
|---|---|
| Section V. Fire-fighting Measures |   |
| Flammability May be combustible at high temperature. | Flammable Limits Lower: 3.2%, Upper: 15.3% |
| Flash Points Closed Cup: 116ºC (Tagliabue) Open Cup: 116ºC (Cleveland) | Auto-Ignition 413ºC Temperature |
| Fire Hazards in Combustible in presence of open flames and Presence of sparks. Various Substances | Explosion Hazards Not a product presenting risks of explosion. in Presence of Various Substances |","| Corrosivity Not available |   |
| Stability The product is stable. | Hazardous Will not occur under normal working conditions. Polymerization |
| Incompatible Reactive with oxidizing agents, acids and Substances / alkalis. Conditions to Avoid | Decomposition May release COx, smoke and irritating vapours when Products heated to decomposition. |
**Section XI. Toxicological Information**<br><br>Eye contact and ingestion.  **Routes of Entry**<br><br>LD50: 4700 mg/kg (oral/rat). [Ethylene Glycol] 
LD50: 9530 mg/kg (dermal/rabbit). [Ethylene Glycol] 
**Acute Lethality**<br><br>**Chronic or Other Toxic Effects**
**Chronic or Other Toxic Effects**
Slightly hazardous in case of skin contact (irritant).  Dermal Route: <br><br>Slightly hazardous in case of inhalation (lung irritant). Can cause nausea, headaches and vomiting.  Inhalation Route: <br><br>Extremely dangerous in case of ingestion.  Oral Route: <br><br>Slightly hazardous in case of eye contact (irritant).  Eye Irritation/Inflammation: <br><br>Not available  Immunotoxicity: <br><br>Not available  Skin Sensitization: <br><br>Not available  Respiratory Tract Sensitization: <br><br>Not available  Mutagenic:"
6,What is the signal word used for the product?,Information not available in the provided context,N/A,"licensed waste disposal facility. Ensure that disposal or reprocessing is in compliance with government requirements and 
local disposal regulations. Consult your local or regional authorities. <br><br>**Waste Disposal**| Section XIV. Transport Information |  |
|---|---|
| Section XIV. Transport Information |   |
| DOT Classification Not a DOT controlled material (United States). | Special Provisions Not applicable. for Transport |
<br><br>| Section XV. Regulatory Information |  |
|---|---|
| Section XV. Regulatory Information |   |
| Other This product is acceptable for use under the provisions of WHMIS-CPR. All components of this formulation are listed on the Regulations CEPA-DSL (Domestic Substances List). All components of this formulation are listed on the US EPA-TSCA Inventory. This product has been classified in accordance with the hazard criteria of the Controlled Products Regulations (CPR) and the MSDS contains all of the information required by the CPR. Please contact Product Safety for more information. |   |
| DSD/DPD (EEC) Not evaluated. | WHMIS (Canada) D-2A |
| ADR (Europe) NOT EVALUATED FOR (Pictograms) EUROPEAN TRANSPORT NON ÉVALUÉ POUR LE TRANSPORT EUROPÉEN. | TDG (Canada) (Pictograms) |
**Section XVI. Other Information**<br><br>Available upon request. 
*Marque de commerce de Petro-Canada - Trademark 
**References**<br><br>**Glossary**
ACGIH - American Conference of Governmental Industrial Hygienists 
ADR - Agreement on Dangerous goods by Road (Europe) 
ASTM - American Society for Testing and Materials ( 
BOD5 - Biological Oxygen Demand in 5 days","XV. Regulatory Information Other Regulations This product is acceptable for use under the provisions of WHMIS-CPR. All components of this formulation are listed on the CEPA-DSL (Domestic Substances List). All components of this formulation are listed on the US EPA-TSCA Inventory. This product has been classified in accordance with the hazard criteria of the Controlled Products Regulations (CPR) and the MSDS contains all of the information required by the CPR. DSD/DPD (EEC) Not evaluated. WHMIS (Canada) D-2A Please contact Product Safety for more information. ADR (Europe) (Pictograms) NOT EVALUATED FOR EUROPEAN TRANSPORT NON ÉVALUÉ POUR LE TRANSPORT EUROPÉEN. TDG (Canada) (Pictograms) Section XVI. Other Information References Available upon request. * Marque de commerce de Petro-Canada - Trademark Propane Installation Code Glossary ACGIH - American Conference of Governmental Industrial Hygienists ADR - Agreement on Dangerous goods by Road (Europe) ASTM - American Society for Testing and Materials ( BOD5 - Biological Oxygen Demand in 5 days CAN/CGA B149.2 CAS - Chemical Abstract Services CEPA - Canadian Environmental Protection Act CERCLA - Comprehensive Environmental Response, Compensation and Liability Act CFR - Code of Federal Regulations CHIP - Chemicals Hazard Information and Packaging Approved Supply List COD5 - Chemical Oxygen Demand in 5 days CPR - Controlled Products Regulations DOT - Department of Transport DSCL - Dangerous Substances Classification and Labeling (Europe) DSD/DPD - Dangerous Substances or Dangerous Preparations Directives (Europe) DSL - Domestic","Ionicity (in water) Not available Vapour Pressure 0.06 mmHg @ 20°C (68ºF). Dispersion Properties Not available Volatility 0% (w/w) Solubility Soluble in water, methanol and diethyl ether. Section X. Stability and Reactivity Corrosivity Stability Not available The product is stable. Hazardous Polymerization Will not occur under normal working conditions. Incompatible Substances / Conditions to Avoid Reactive with oxidizing agents, acids and alkalis. Decomposition Products May release COx, smoke and irritating vapours when heated to decomposition. Section XI. Toxicological Information Routes of Entry Acute Lethality Chronic or Other Toxic Effects Chronic or Other Toxic Effects Dermal Route: Inhalation Route: Oral Route: Eye contact and ingestion. LD50: 4700 mg/kg (oral/rat). [Ethylene Glycol] LD50: 9530 mg/kg (dermal/rabbit). [Ethylene Glycol] Slightly hazardous in case of skin contact (irritant). Slightly hazardous in case of inhalation (lung irritant). Can cause nausea, headaches and vomiting. Extremely dangerous in case of ingestion. Eye Irritation/Inflammation: Slightly hazardous in case of eye contact (irritant). Immunotoxicity: Skin Sensitization: Respiratory Tract Sensitization: Mutagenic: Continued on Next Page Not available Not available Not available Not available Available in French ANTIFREEZE Page Number: 3 Reproductive Toxicity: Not available Teratogenicity/Embryotoxicity: Fetotoxic and teratogenic in mice at levels below maternal toxicity. Carcinogenicity (ACGIH): ACGIH A4: not classifiable as a human carcinogen. Carcinogenicity (IARC): Carcinogenicity (NTP):","| Boiling Point 129 to 197°C (264 to 387°F) | Penetration Not applicable. |
| Density 1.115 to 1.145 (Water = 1) | Oil / Water Dist. Coeff. Not available |
| Vapour Density 2.1 (Air=1). | Ionicity (in water) Not available |
| Vapour Pressure 0.06 mmHg @ 20°C (68ºF). | Dispersion Properties Not available |
| Volatility 0% (w/w) | Solubility Soluble in water, methanol and diethyl ether. |
<br><br>| Section X. Stability and Reactivity |  |
|---|---|
| Section X. Stability and Reactivity |   |
| Corrosivity Not available |   |
| Stability The product is stable. | Hazardous Will not occur under normal working conditions. Polymerization |
| Incompatible Reactive with oxidizing agents, acids and Substances / alkalis. Conditions to Avoid | Decomposition May release COx, smoke and irritating vapours when Products heated to decomposition. |
**Section XI. Toxicological Information**<br><br>Eye contact and ingestion.  **Routes of Entry**<br><br>LD50: 4700 mg/kg (oral/rat). [Ethylene Glycol] 
LD50: 9530 mg/kg (dermal/rabbit). [Ethylene Glycol] 
**Acute Lethality**<br><br>**Chronic or Other Toxic Effects**
**Chronic or Other Toxic Effects**"
7,What are the hazard statements related to the product?,"Hazard statements related to the product include extremely flammable liquid and vapour, causes skin irritation, causes serious eye damage, is harmful if swallowed, may cause respiratory tract irritation, may cause nausea, headaches and vomiting.",Section III. Hazards Identification,"Ionicity (in water) Not available Vapour Pressure 0.06 mmHg @ 20°C (68ºF). Dispersion Properties Not available Volatility 0% (w/w) Solubility Soluble in water, methanol and diethyl ether. Section X. Stability and Reactivity Corrosivity Stability Not available The product is stable. Hazardous Polymerization Will not occur under normal working conditions. Incompatible Substances / Conditions to Avoid Reactive with oxidizing agents, acids and alkalis. Decomposition Products May release COx, smoke and irritating vapours when heated to decomposition. Section XI. Toxicological Information Routes of Entry Acute Lethality Chronic or Other Toxic Effects Chronic or Other Toxic Effects Dermal Route: Inhalation Route: Oral Route: Eye contact and ingestion. LD50: 4700 mg/kg (oral/rat). [Ethylene Glycol] LD50: 9530 mg/kg (dermal/rabbit). [Ethylene Glycol] Slightly hazardous in case of skin contact (irritant). Slightly hazardous in case of inhalation (lung irritant). Can cause nausea, headaches and vomiting. Extremely dangerous in case of ingestion. Eye Irritation/Inflammation: Slightly hazardous in case of eye contact (irritant). Immunotoxicity: Skin Sensitization: Respiratory Tract Sensitization: Mutagenic: Continued on Next Page Not available Not available Not available Not available Available in French ANTIFREEZE Page Number: 3 Reproductive Toxicity: Not available Teratogenicity/Embryotoxicity: Fetotoxic and teratogenic in mice at levels below maternal toxicity. Carcinogenicity (ACGIH): ACGIH A4: not classifiable as a human carcinogen. Carcinogenicity (IARC): Carcinogenicity (NTP):","Material Safety Data Sheet Protective Clothing DOT (pictograms) NFPA HMIS (U.S.A.) Fire Hazard 1 Health 2 0 Reactivity Specific hazard Health Hazard Fire Hazard Reactivity Personal Protection Rating 0 Insignificant 1 2 3 4 Slight Moderate High Extreme 2* 1 0 H Section I. Chemical Product and Company Identification Product Name ANTIFREEZE Synonym Manufacturer Universal Antifreeze, Radiator Antifreeze, Diesel Antifreeze, Petro-Canada Antifreeze-Coolant, Petro-Canada Heavy Duty Antifreeze-Coolant, Pre-Mix Antifreeze, Petro-Canada Premium Radiator Antifreeze. PETRO-CANADA P.O. Box 2844 Calgary, Alberta T2P 3E3 Material Uses Used as an engine antifreeze coolant. Section II. Composition and Information on Ingredients Code DSL TSCA W269 On the DSL. On TSCA list. In case of Emergency Petro-Canada: 403-296-3000 Canutec Transportation: 613-996-6666 Poison Control Centre: Consult l o c a l t e l e p h o n e d i r e c t o r y f o r emergency number(s). Exposure Limits (ACGIH) Name CAS # % (V/V) TLV-TWA(8 h) STEL CEILING 1) Ethylene glycol 107-21-1 >55 Not established Not established 2) Sodium tetraborate pentahydrate 1330-43-4 <5 1 mg/m³ Not established 100 mg/m³ (aerosol) Not established Manufacturer Recommendation Not applicable Other Exposure Limits Consult local, state, provincial or territory authorities for acceptable exposure limits. Section III. Hazards Identification. Potential Health Effects Contact can cause slight irritation of skin, eyes and respiratory tract. Extremely dangerous in case of ingestion. For more information, refer to Section 11. Section IV. First Aid","XV. Regulatory Information Other Regulations This product is acceptable for use under the provisions of WHMIS-CPR. All components of this formulation are listed on the CEPA-DSL (Domestic Substances List). All components of this formulation are listed on the US EPA-TSCA Inventory. This product has been classified in accordance with the hazard criteria of the Controlled Products Regulations (CPR) and the MSDS contains all of the information required by the CPR. DSD/DPD (EEC) Not evaluated. WHMIS (Canada) D-2A Please contact Product Safety for more information. ADR (Europe) (Pictograms) NOT EVALUATED FOR EUROPEAN TRANSPORT NON ÉVALUÉ POUR LE TRANSPORT EUROPÉEN. TDG (Canada) (Pictograms) Section XVI. Other Information References Available upon request. * Marque de commerce de Petro-Canada - Trademark Propane Installation Code Glossary ACGIH - American Conference of Governmental Industrial Hygienists ADR - Agreement on Dangerous goods by Road (Europe) ASTM - American Society for Testing and Materials ( BOD5 - Biological Oxygen Demand in 5 days CAN/CGA B149.2 CAS - Chemical Abstract Services CEPA - Canadian Environmental Protection Act CERCLA - Comprehensive Environmental Response, Compensation and Liability Act CFR - Code of Federal Regulations CHIP - Chemicals Hazard Information and Packaging Approved Supply List COD5 - Chemical Oxygen Demand in 5 days CPR - Controlled Products Regulations DOT - Department of Transport DSCL - Dangerous Substances Classification and Labeling (Europe) DSD/DPD - Dangerous Substances or Dangerous Preparations Directives (Europe) DSL - Domestic","on Dangerous goods by Road (Europe) ASTM - American Society for Testing and Materials ( BOD5 - Biological Oxygen Demand in 5 days CAN/CGA B149.2 CAS - Chemical Abstract Services CEPA - Canadian Environmental Protection Act CERCLA - Comprehensive Environmental Response, Compensation and Liability Act CFR - Code of Federal Regulations CHIP - Chemicals Hazard Information and Packaging Approved Supply List COD5 - Chemical Oxygen Demand in 5 days CPR - Controlled Products Regulations DOT - Department of Transport DSCL - Dangerous Substances Classification and Labeling (Europe) DSD/DPD - Dangerous Substances or Dangerous Preparations Directives (Europe) DSL - Domestic Substance List EEC/EU - European Economic Community/European Union EINECS - European Inventory of Existing Commercial Chemical Substances EPCRA - Emergency Planning and Community Right to Know Act IRIS - Integrated Risk Information System LD50/LC50 - Lethal Dose/Concentration kill 50% LDLo/LCLo - Lowest Published Lethal Dose/Concentration NAERG'96 - North American Emergency Response Guide Book (1996) NFPA - National Fire Prevention Association NIOSH - National Institute for Occupational Safety & Health NPRI - National Pollutant Release Inventory NSNR - New Substances Notification Regulations (Canada) NTP - National Toxicology Program OSHA - Occupational Safety & Health Administration PEL - Permissible Exposure Limit RCRA - Resource Conservation and Recovery Act SARA - Superfund Amendments and Reorganization Act SD - Single Dose STEL - Short Term Exposure Limit (15 minutes) TDG - Transportation Dangerous Goods"
8,What precautions should be taken while handling the product?,"Wear appropriate clothing to prevent skin contact, wear long sleeves and trousers. Wear appropriate chemically protective gloves when handling hot product. Ensure gloves are heat resistant and insulated. When handling hot product, also ensure footwear is suitable to prevent product from coming in contact with feet and skin. For respiratory protection, use NIOSH approved respirators where concentrations in air may exceed occupational exposure limits given in Section 2. Make sure eyewash station and safety shower are close to the work-station.","Section VIII. Exposure Controls/Personal Protection, Section VII. Handling and Storage","keep exposure to airborne contaminants below the exposure limit. Make-up air should always be supplied to balance air 
removed by exhaust ventilation. Ensure that eyewash station and safety shower are close to work-station. <br><br>**Engineering Controls**<br><br>**Personal Protection - The selection of personal protective equipment varies, depending upon conditions of use.**<br><br>Eye protection (i.e., safety glasses, safety goggles and/or face shield) should be determined based on conditions of use. If 
product is used in an application where splashing may occur, the use of safety goggles and/or a face shield should be 
considered. <br><br>**Eyes**<br><br>Wear appropriate clothing to prevent skin contact. As a minimum long sleeves and trousers should be worn.  **Body**<br><br>Where concentrations in air may exceed the occupational exposure limits given in Section 2 (and those applicable to your 
area) and where engineering, work practices or other means of exposure reduction are not adequate, NIOSH approved 
respirators may be necessary to prevent overexposure by inhalation. <br><br>**Respiratory**<br><br>Wear appropriate chemically protective gloves. When handling hot product ensure gloves are heat resistant and insulated. **Hands**<br><br>Wear appropriate footwear to prevent product from coming in contact with feet and skin.  **Feet**<br><br>| Section IX. Physical and Chemical Properties |  |
|---|---|
| Section IX. Physical and Chemical Properties |   |
| Physical State and Clear viscous liquid. Appearance | Viscosity Not available |","area) and where engineering, work practices or other means of exposure reduction are not adequate, NIOSH approved 
respirators may be necessary to prevent overexposure by inhalation. <br><br>**Respiratory**<br><br>Wear appropriate chemically protective gloves. When handling hot product ensure gloves are heat resistant and insulated. **Hands**<br><br>Wear appropriate footwear to prevent product from coming in contact with feet and skin.  **Feet**<br><br>| Section IX. Physical and Chemical Properties |  |
|---|---|
| Section IX. Physical and Chemical Properties |   |
| Physical State and Clear viscous liquid. Appearance | Viscosity Not available |
| Colour Green. | Pour Point Not available |
| Odour Odourless. | Softening Point Not applicable. |
| Odour Threshold Not available | Dropping Point Not applicable. |
| Boiling Point 129 to 197°C (264 to 387°F) | Penetration Not applicable. |
| Density 1.115 to 1.145 (Water = 1) | Oil / Water Dist. Coeff. Not available |
| Vapour Density 2.1 (Air=1). | Ionicity (in water) Not available |
| Vapour Pressure 0.06 mmHg @ 20°C (68ºF). | Dispersion Properties Not available |
| Volatility 0% (w/w) | Solubility Soluble in water, methanol and diethyl ether. |
<br><br>| Section X. Stability and Reactivity |  |
|---|---|
| Section X. Stability and Reactivity |   |
| Corrosivity Not available |   |
| Stability The product is stable. | Hazardous Will not occur under normal working conditions. Polymerization |","CO2), smoke and irritating vapours as products of incomplete combustion. SMALL FIRE: Use DRY chemicals, CO2, water spray or foam. LARGE FIRE: Use water spray, fog or foam. DO NOT use water jet. Continued on Next Page Available in French ANTIFREEZE Page Number: 2 Section VI. Accidental Release Measures Material Release or Spill Small spill or leak: Dilute with water and mop up or absorb with an inert DRY material and place in an appropriate waste disposal container. Large spill or leak: Absorb with an inert material and put the spilled material in an appropriate waste disposal. Dispose of in accordance with regional regulations. Section VII. Handling and Storage Handling Storage Avoid contamination with reactive substances. After handling, always wash hands thoroughly with soap and water. Keep container dry. Keep container tightly closed. Keep in a cool, well-ventilated place. Section VIII. Exposure Controls/Personal Protection Engineering Controls For normal application, special ventilation is not necessary. If user's operations generate vapours or mist, use ventilation to keep exposure to airborne contaminants below the exposure limit. Make-up air should always be supplied to balance air removed by exhaust ventilation. Ensure that eyewash station and safety shower are close to work-station. Personal Protection - The selection of personal protective equipment varies, depending upon conditions of use. Eyes Eye protection (i.e., safety glasses, safety goggles and/or face shield) should be determined based on conditions of use. If product is used in an application where","Protection Engineering Controls For normal application, special ventilation is not necessary. If user's operations generate vapours or mist, use ventilation to keep exposure to airborne contaminants below the exposure limit. Make-up air should always be supplied to balance air removed by exhaust ventilation. Ensure that eyewash station and safety shower are close to work-station. Personal Protection - The selection of personal protective equipment varies, depending upon conditions of use. Eyes Eye protection (i.e., safety glasses, safety goggles and/or face shield) should be determined based on conditions of use. If product is used in an application where splashing may occur, the use of safety goggles and/or a face shield should be considered. Body Wear appropriate clothing to prevent skin contact. As a minimum long sleeves and trousers should be worn. Respiratory Where concentrations in air may exceed the occupational exposure limits given in Section 2 (and those applicable to your area) and where engineering, work practices or other means of exposure reduction are not adequate, NIOSH approved respirators may be necessary to prevent overexposure by inhalation. Hands Wear appropriate chemically protective gloves. When handling hot product ensure gloves are heat resistant and insulated. Feet Wear appropriate footwear to prevent product from coming in contact with feet and skin. Section IX. Physical and Chemical Properties Clear viscous liquid. Viscosity Not available Physical State and Appearance Colour Odour Green. Odourless. Odour Threshold Not available Pour Point Not"
9,What are the first aid measures in case of inhalation?,"IMMEDIATELY evacuate the victim to a safe area as soon as possible. If the victim is not breathing, perform artificial respiration. Allow the victim to rest in a well ventilated area.","Section IV. First Aid Measures, Inhalation","the contaminated skin with running water and non-abrasive soap. Seek medical attention. Evacuate the victim to a safe area as soon as possible. If the victim is not breathing, perform artificial respiration. Allow the victim to rest in a well ventilated area. Seek medical attention. DO NOT induce vomiting because of danger of aspirating liquid into lungs. Seek medical attention. Note to Physician Not available Section V. Fire-fighting Measures Flammability Flash Points Fire Hazards in Presence of Various Substances Products of Combustion Fire Fighting Media and Instructions May be combustible at high temperature. Flammable Limits Lower: 3.2%, Upper: 15.3% Closed Cup: 116ºC (Tagliabue) Open Cup: 116ºC (Cleveland) Auto-Ignition Temperature 413ºC Combustible in presence of open flames and sparks. Explosion Hazards in Presence of Various Substances Not a product presenting risks of explosion. Carbon oxides (CO, CO2), smoke and irritating vapours as products of incomplete combustion. SMALL FIRE: Use DRY chemicals, CO2, water spray or foam. LARGE FIRE: Use water spray, fog or foam. DO NOT use water jet. Continued on Next Page Available in French ANTIFREEZE Page Number: 2 Section VI. Accidental Release Measures Material Release or Spill Small spill or leak: Dilute with water and mop up or absorb with an inert DRY material and place in an appropriate waste disposal container. Large spill or leak: Absorb with an inert material and put the spilled material in an appropriate waste disposal. Dispose of in accordance with regional regulations. Section VII. Handling and Storage Handling","r e c t o r y f o r emergency number(s). Exposure Limits (ACGIH) Name CAS # % (V/V) TLV-TWA(8 h) STEL CEILING 1) Ethylene glycol 107-21-1 >55 Not established Not established 2) Sodium tetraborate pentahydrate 1330-43-4 <5 1 mg/m³ Not established 100 mg/m³ (aerosol) Not established Manufacturer Recommendation Not applicable Other Exposure Limits Consult local, state, provincial or territory authorities for acceptable exposure limits. Section III. Hazards Identification. Potential Health Effects Contact can cause slight irritation of skin, eyes and respiratory tract. Extremely dangerous in case of ingestion. For more information, refer to Section 11. Section IV. First Aid Measures Eye Contact Skin Contact Inhalation Ingestion IMMEDIATELY flush eyes with running water for at least 15 minutes, keeping eyelids open. Seek medical attention. Remove contaminated clothing - launder before reuse. Wash gently and thoroughly the contaminated skin with running water and non-abrasive soap. Seek medical attention. Evacuate the victim to a safe area as soon as possible. If the victim is not breathing, perform artificial respiration. Allow the victim to rest in a well ventilated area. Seek medical attention. DO NOT induce vomiting because of danger of aspirating liquid into lungs. Seek medical attention. Note to Physician Not available Section V. Fire-fighting Measures Flammability Flash Points Fire Hazards in Presence of Various Substances Products of Combustion Fire Fighting Media and Instructions May be combustible at high temperature. Flammable Limits Lower: 3.2%, Upper: 15.3% Closed","<br><br>**Section III. Hazards Identification.**<br><br>Contact can cause slight irritation of skin, eyes and respiratory tract. Extremely dangerous in case of ingestion. For more 
information, refer to Section 11. 
**Potential Health**
**Effects****Section IV. First Aid Measures**<br><br>IMMEDIATELY flush eyes with running water for at least 15 minutes, keeping eyelids open. Seek medical attention.  **Eye Contact**<br><br>Remove contaminated clothing - launder before reuse. Wash gently and thoroughly the contaminated skin with running water 
and non-abrasive soap. Seek medical attention. 
**Skin Contact**<br><br>Evacuate the victim to a safe area as soon as possible. If the victim is not breathing, perform artificial respiration. Allow the 
victim to rest in a well ventilated area. Seek medical attention. 
**Inhalation**<br><br>DO NOT induce vomiting because of danger of aspirating liquid into lungs. Seek medical attention.  **Ingestion**<br><br>Not available  **Note to Physician**<br><br>| Section V. Fire-fighting Measures |  |
|---|---|
| Section V. Fire-fighting Measures |   |
| Flammability May be combustible at high temperature. | Flammable Limits Lower: 3.2%, Upper: 15.3% |
| Flash Points Closed Cup: 116ºC (Tagliabue) Open Cup: 116ºC (Cleveland) | Auto-Ignition 413ºC Temperature |
| Fire Hazards in Combustible in presence of open flames and Presence of sparks. Various Substances | Explosion Hazards Not a product presenting risks of explosion. in Presence of Various Substances |","keep exposure to airborne contaminants below the exposure limit. Make-up air should always be supplied to balance air 
removed by exhaust ventilation. Ensure that eyewash station and safety shower are close to work-station. <br><br>**Engineering Controls**<br><br>**Personal Protection - The selection of personal protective equipment varies, depending upon conditions of use.**<br><br>Eye protection (i.e., safety glasses, safety goggles and/or face shield) should be determined based on conditions of use. If 
product is used in an application where splashing may occur, the use of safety goggles and/or a face shield should be 
considered. <br><br>**Eyes**<br><br>Wear appropriate clothing to prevent skin contact. As a minimum long sleeves and trousers should be worn.  **Body**<br><br>Where concentrations in air may exceed the occupational exposure limits given in Section 2 (and those applicable to your 
area) and where engineering, work practices or other means of exposure reduction are not adequate, NIOSH approved 
respirators may be necessary to prevent overexposure by inhalation. <br><br>**Respiratory**<br><br>Wear appropriate chemically protective gloves. When handling hot product ensure gloves are heat resistant and insulated. **Hands**<br><br>Wear appropriate footwear to prevent product from coming in contact with feet and skin.  **Feet**<br><br>| Section IX. Physical and Chemical Properties |  |
|---|---|
| Section IX. Physical and Chemical Properties |   |
| Physical State and Clear viscous liquid. Appearance | Viscosity Not available |"
10,What are the first aid measures in case of skin contact?,Remove contaminated clothing - launder before reuse. Wash gently and thoroughly the contaminated skin with running water and non-abrasive soap. Seek medical attention.,"Section IV. First Aid Measures, Skin Contact","<br><br>**Section III. Hazards Identification.**<br><br>Contact can cause slight irritation of skin, eyes and respiratory tract. Extremely dangerous in case of ingestion. For more 
information, refer to Section 11. 
**Potential Health**
**Effects****Section IV. First Aid Measures**<br><br>IMMEDIATELY flush eyes with running water for at least 15 minutes, keeping eyelids open. Seek medical attention.  **Eye Contact**<br><br>Remove contaminated clothing - launder before reuse. Wash gently and thoroughly the contaminated skin with running water 
and non-abrasive soap. Seek medical attention. 
**Skin Contact**<br><br>Evacuate the victim to a safe area as soon as possible. If the victim is not breathing, perform artificial respiration. Allow the 
victim to rest in a well ventilated area. Seek medical attention. 
**Inhalation**<br><br>DO NOT induce vomiting because of danger of aspirating liquid into lungs. Seek medical attention.  **Ingestion**<br><br>Not available  **Note to Physician**<br><br>| Section V. Fire-fighting Measures |  |
|---|---|
| Section V. Fire-fighting Measures |   |
| Flammability May be combustible at high temperature. | Flammable Limits Lower: 3.2%, Upper: 15.3% |
| Flash Points Closed Cup: 116ºC (Tagliabue) Open Cup: 116ºC (Cleveland) | Auto-Ignition 413ºC Temperature |
| Fire Hazards in Combustible in presence of open flames and Presence of sparks. Various Substances | Explosion Hazards Not a product presenting risks of explosion. in Presence of Various Substances |","r e c t o r y f o r emergency number(s). Exposure Limits (ACGIH) Name CAS # % (V/V) TLV-TWA(8 h) STEL CEILING 1) Ethylene glycol 107-21-1 >55 Not established Not established 2) Sodium tetraborate pentahydrate 1330-43-4 <5 1 mg/m³ Not established 100 mg/m³ (aerosol) Not established Manufacturer Recommendation Not applicable Other Exposure Limits Consult local, state, provincial or territory authorities for acceptable exposure limits. Section III. Hazards Identification. Potential Health Effects Contact can cause slight irritation of skin, eyes and respiratory tract. Extremely dangerous in case of ingestion. For more information, refer to Section 11. Section IV. First Aid Measures Eye Contact Skin Contact Inhalation Ingestion IMMEDIATELY flush eyes with running water for at least 15 minutes, keeping eyelids open. Seek medical attention. Remove contaminated clothing - launder before reuse. Wash gently and thoroughly the contaminated skin with running water and non-abrasive soap. Seek medical attention. Evacuate the victim to a safe area as soon as possible. If the victim is not breathing, perform artificial respiration. Allow the victim to rest in a well ventilated area. Seek medical attention. DO NOT induce vomiting because of danger of aspirating liquid into lungs. Seek medical attention. Note to Physician Not available Section V. Fire-fighting Measures Flammability Flash Points Fire Hazards in Presence of Various Substances Products of Combustion Fire Fighting Media and Instructions May be combustible at high temperature. Flammable Limits Lower: 3.2%, Upper: 15.3% Closed","the contaminated skin with running water and non-abrasive soap. Seek medical attention. Evacuate the victim to a safe area as soon as possible. If the victim is not breathing, perform artificial respiration. Allow the victim to rest in a well ventilated area. Seek medical attention. DO NOT induce vomiting because of danger of aspirating liquid into lungs. Seek medical attention. Note to Physician Not available Section V. Fire-fighting Measures Flammability Flash Points Fire Hazards in Presence of Various Substances Products of Combustion Fire Fighting Media and Instructions May be combustible at high temperature. Flammable Limits Lower: 3.2%, Upper: 15.3% Closed Cup: 116ºC (Tagliabue) Open Cup: 116ºC (Cleveland) Auto-Ignition Temperature 413ºC Combustible in presence of open flames and sparks. Explosion Hazards in Presence of Various Substances Not a product presenting risks of explosion. Carbon oxides (CO, CO2), smoke and irritating vapours as products of incomplete combustion. SMALL FIRE: Use DRY chemicals, CO2, water spray or foam. LARGE FIRE: Use water spray, fog or foam. DO NOT use water jet. Continued on Next Page Available in French ANTIFREEZE Page Number: 2 Section VI. Accidental Release Measures Material Release or Spill Small spill or leak: Dilute with water and mop up or absorb with an inert DRY material and place in an appropriate waste disposal container. Large spill or leak: Absorb with an inert material and put the spilled material in an appropriate waste disposal. Dispose of in accordance with regional regulations. Section VII. Handling and Storage Handling","keep exposure to airborne contaminants below the exposure limit. Make-up air should always be supplied to balance air 
removed by exhaust ventilation. Ensure that eyewash station and safety shower are close to work-station. <br><br>**Engineering Controls**<br><br>**Personal Protection - The selection of personal protective equipment varies, depending upon conditions of use.**<br><br>Eye protection (i.e., safety glasses, safety goggles and/or face shield) should be determined based on conditions of use. If 
product is used in an application where splashing may occur, the use of safety goggles and/or a face shield should be 
considered. <br><br>**Eyes**<br><br>Wear appropriate clothing to prevent skin contact. As a minimum long sleeves and trousers should be worn.  **Body**<br><br>Where concentrations in air may exceed the occupational exposure limits given in Section 2 (and those applicable to your 
area) and where engineering, work practices or other means of exposure reduction are not adequate, NIOSH approved 
respirators may be necessary to prevent overexposure by inhalation. <br><br>**Respiratory**<br><br>Wear appropriate chemically protective gloves. When handling hot product ensure gloves are heat resistant and insulated. **Hands**<br><br>Wear appropriate footwear to prevent product from coming in contact with feet and skin.  **Feet**<br><br>| Section IX. Physical and Chemical Properties |  |
|---|---|
| Section IX. Physical and Chemical Properties |   |
| Physical State and Clear viscous liquid. Appearance | Viscosity Not available |"
11,What are the first aid measures in case of eye contact?,"IMMEDIATELY flush eyes with running water for at least 15 minutes, keeping eyelids open. Seek medical attention.",Section IV. First Aid Measures - Eye Contact,"<br><br>**Section III. Hazards Identification.**<br><br>Contact can cause slight irritation of skin, eyes and respiratory tract. Extremely dangerous in case of ingestion. For more 
information, refer to Section 11. 
**Potential Health**
**Effects****Section IV. First Aid Measures**<br><br>IMMEDIATELY flush eyes with running water for at least 15 minutes, keeping eyelids open. Seek medical attention.  **Eye Contact**<br><br>Remove contaminated clothing - launder before reuse. Wash gently and thoroughly the contaminated skin with running water 
and non-abrasive soap. Seek medical attention. 
**Skin Contact**<br><br>Evacuate the victim to a safe area as soon as possible. If the victim is not breathing, perform artificial respiration. Allow the 
victim to rest in a well ventilated area. Seek medical attention. 
**Inhalation**<br><br>DO NOT induce vomiting because of danger of aspirating liquid into lungs. Seek medical attention.  **Ingestion**<br><br>Not available  **Note to Physician**<br><br>| Section V. Fire-fighting Measures |  |
|---|---|
| Section V. Fire-fighting Measures |   |
| Flammability May be combustible at high temperature. | Flammable Limits Lower: 3.2%, Upper: 15.3% |
| Flash Points Closed Cup: 116ºC (Tagliabue) Open Cup: 116ºC (Cleveland) | Auto-Ignition 413ºC Temperature |
| Fire Hazards in Combustible in presence of open flames and Presence of sparks. Various Substances | Explosion Hazards Not a product presenting risks of explosion. in Presence of Various Substances |","r e c t o r y f o r emergency number(s). Exposure Limits (ACGIH) Name CAS # % (V/V) TLV-TWA(8 h) STEL CEILING 1) Ethylene glycol 107-21-1 >55 Not established Not established 2) Sodium tetraborate pentahydrate 1330-43-4 <5 1 mg/m³ Not established 100 mg/m³ (aerosol) Not established Manufacturer Recommendation Not applicable Other Exposure Limits Consult local, state, provincial or territory authorities for acceptable exposure limits. Section III. Hazards Identification. Potential Health Effects Contact can cause slight irritation of skin, eyes and respiratory tract. Extremely dangerous in case of ingestion. For more information, refer to Section 11. Section IV. First Aid Measures Eye Contact Skin Contact Inhalation Ingestion IMMEDIATELY flush eyes with running water for at least 15 minutes, keeping eyelids open. Seek medical attention. Remove contaminated clothing - launder before reuse. Wash gently and thoroughly the contaminated skin with running water and non-abrasive soap. Seek medical attention. Evacuate the victim to a safe area as soon as possible. If the victim is not breathing, perform artificial respiration. Allow the victim to rest in a well ventilated area. Seek medical attention. DO NOT induce vomiting because of danger of aspirating liquid into lungs. Seek medical attention. Note to Physician Not available Section V. Fire-fighting Measures Flammability Flash Points Fire Hazards in Presence of Various Substances Products of Combustion Fire Fighting Media and Instructions May be combustible at high temperature. Flammable Limits Lower: 3.2%, Upper: 15.3% Closed","keep exposure to airborne contaminants below the exposure limit. Make-up air should always be supplied to balance air 
removed by exhaust ventilation. Ensure that eyewash station and safety shower are close to work-station. <br><br>**Engineering Controls**<br><br>**Personal Protection - The selection of personal protective equipment varies, depending upon conditions of use.**<br><br>Eye protection (i.e., safety glasses, safety goggles and/or face shield) should be determined based on conditions of use. If 
product is used in an application where splashing may occur, the use of safety goggles and/or a face shield should be 
considered. <br><br>**Eyes**<br><br>Wear appropriate clothing to prevent skin contact. As a minimum long sleeves and trousers should be worn.  **Body**<br><br>Where concentrations in air may exceed the occupational exposure limits given in Section 2 (and those applicable to your 
area) and where engineering, work practices or other means of exposure reduction are not adequate, NIOSH approved 
respirators may be necessary to prevent overexposure by inhalation. <br><br>**Respiratory**<br><br>Wear appropriate chemically protective gloves. When handling hot product ensure gloves are heat resistant and insulated. **Hands**<br><br>Wear appropriate footwear to prevent product from coming in contact with feet and skin.  **Feet**<br><br>| Section IX. Physical and Chemical Properties |  |
|---|---|
| Section IX. Physical and Chemical Properties |   |
| Physical State and Clear viscous liquid. Appearance | Viscosity Not available |","the contaminated skin with running water and non-abrasive soap. Seek medical attention. Evacuate the victim to a safe area as soon as possible. If the victim is not breathing, perform artificial respiration. Allow the victim to rest in a well ventilated area. Seek medical attention. DO NOT induce vomiting because of danger of aspirating liquid into lungs. Seek medical attention. Note to Physician Not available Section V. Fire-fighting Measures Flammability Flash Points Fire Hazards in Presence of Various Substances Products of Combustion Fire Fighting Media and Instructions May be combustible at high temperature. Flammable Limits Lower: 3.2%, Upper: 15.3% Closed Cup: 116ºC (Tagliabue) Open Cup: 116ºC (Cleveland) Auto-Ignition Temperature 413ºC Combustible in presence of open flames and sparks. Explosion Hazards in Presence of Various Substances Not a product presenting risks of explosion. Carbon oxides (CO, CO2), smoke and irritating vapours as products of incomplete combustion. SMALL FIRE: Use DRY chemicals, CO2, water spray or foam. LARGE FIRE: Use water spray, fog or foam. DO NOT use water jet. Continued on Next Page Available in French ANTIFREEZE Page Number: 2 Section VI. Accidental Release Measures Material Release or Spill Small spill or leak: Dilute with water and mop up or absorb with an inert DRY material and place in an appropriate waste disposal container. Large spill or leak: Absorb with an inert material and put the spilled material in an appropriate waste disposal. Dispose of in accordance with regional regulations. Section VII. Handling and Storage Handling"
12,What are the first aid measures in case of ingestion?,DO NOT induce vomiting because of danger of aspirating liquid into lungs. Seek medical attention.,"Section IV. First Aid Measures, Ingestion","<br><br>**Section III. Hazards Identification.**<br><br>Contact can cause slight irritation of skin, eyes and respiratory tract. Extremely dangerous in case of ingestion. For more 
information, refer to Section 11. 
**Potential Health**
**Effects****Section IV. First Aid Measures**<br><br>IMMEDIATELY flush eyes with running water for at least 15 minutes, keeping eyelids open. Seek medical attention.  **Eye Contact**<br><br>Remove contaminated clothing - launder before reuse. Wash gently and thoroughly the contaminated skin with running water 
and non-abrasive soap. Seek medical attention. 
**Skin Contact**<br><br>Evacuate the victim to a safe area as soon as possible. If the victim is not breathing, perform artificial respiration. Allow the 
victim to rest in a well ventilated area. Seek medical attention. 
**Inhalation**<br><br>DO NOT induce vomiting because of danger of aspirating liquid into lungs. Seek medical attention.  **Ingestion**<br><br>Not available  **Note to Physician**<br><br>| Section V. Fire-fighting Measures |  |
|---|---|
| Section V. Fire-fighting Measures |   |
| Flammability May be combustible at high temperature. | Flammable Limits Lower: 3.2%, Upper: 15.3% |
| Flash Points Closed Cup: 116ºC (Tagliabue) Open Cup: 116ºC (Cleveland) | Auto-Ignition 413ºC Temperature |
| Fire Hazards in Combustible in presence of open flames and Presence of sparks. Various Substances | Explosion Hazards Not a product presenting risks of explosion. in Presence of Various Substances |","the contaminated skin with running water and non-abrasive soap. Seek medical attention. Evacuate the victim to a safe area as soon as possible. If the victim is not breathing, perform artificial respiration. Allow the victim to rest in a well ventilated area. Seek medical attention. DO NOT induce vomiting because of danger of aspirating liquid into lungs. Seek medical attention. Note to Physician Not available Section V. Fire-fighting Measures Flammability Flash Points Fire Hazards in Presence of Various Substances Products of Combustion Fire Fighting Media and Instructions May be combustible at high temperature. Flammable Limits Lower: 3.2%, Upper: 15.3% Closed Cup: 116ºC (Tagliabue) Open Cup: 116ºC (Cleveland) Auto-Ignition Temperature 413ºC Combustible in presence of open flames and sparks. Explosion Hazards in Presence of Various Substances Not a product presenting risks of explosion. Carbon oxides (CO, CO2), smoke and irritating vapours as products of incomplete combustion. SMALL FIRE: Use DRY chemicals, CO2, water spray or foam. LARGE FIRE: Use water spray, fog or foam. DO NOT use water jet. Continued on Next Page Available in French ANTIFREEZE Page Number: 2 Section VI. Accidental Release Measures Material Release or Spill Small spill or leak: Dilute with water and mop up or absorb with an inert DRY material and place in an appropriate waste disposal container. Large spill or leak: Absorb with an inert material and put the spilled material in an appropriate waste disposal. Dispose of in accordance with regional regulations. Section VII. Handling and Storage Handling","r e c t o r y f o r emergency number(s). Exposure Limits (ACGIH) Name CAS # % (V/V) TLV-TWA(8 h) STEL CEILING 1) Ethylene glycol 107-21-1 >55 Not established Not established 2) Sodium tetraborate pentahydrate 1330-43-4 <5 1 mg/m³ Not established 100 mg/m³ (aerosol) Not established Manufacturer Recommendation Not applicable Other Exposure Limits Consult local, state, provincial or territory authorities for acceptable exposure limits. Section III. Hazards Identification. Potential Health Effects Contact can cause slight irritation of skin, eyes and respiratory tract. Extremely dangerous in case of ingestion. For more information, refer to Section 11. Section IV. First Aid Measures Eye Contact Skin Contact Inhalation Ingestion IMMEDIATELY flush eyes with running water for at least 15 minutes, keeping eyelids open. Seek medical attention. Remove contaminated clothing - launder before reuse. Wash gently and thoroughly the contaminated skin with running water and non-abrasive soap. Seek medical attention. Evacuate the victim to a safe area as soon as possible. If the victim is not breathing, perform artificial respiration. Allow the victim to rest in a well ventilated area. Seek medical attention. DO NOT induce vomiting because of danger of aspirating liquid into lungs. Seek medical attention. Note to Physician Not available Section V. Fire-fighting Measures Flammability Flash Points Fire Hazards in Presence of Various Substances Products of Combustion Fire Fighting Media and Instructions May be combustible at high temperature. Flammable Limits Lower: 3.2%, Upper: 15.3% Closed","CO2), smoke and irritating vapours as products of incomplete combustion. SMALL FIRE: Use DRY chemicals, CO2, water spray or foam. LARGE FIRE: Use water spray, fog or foam. DO NOT use water jet. Continued on Next Page Available in French ANTIFREEZE Page Number: 2 Section VI. Accidental Release Measures Material Release or Spill Small spill or leak: Dilute with water and mop up or absorb with an inert DRY material and place in an appropriate waste disposal container. Large spill or leak: Absorb with an inert material and put the spilled material in an appropriate waste disposal. Dispose of in accordance with regional regulations. Section VII. Handling and Storage Handling Storage Avoid contamination with reactive substances. After handling, always wash hands thoroughly with soap and water. Keep container dry. Keep container tightly closed. Keep in a cool, well-ventilated place. Section VIII. Exposure Controls/Personal Protection Engineering Controls For normal application, special ventilation is not necessary. If user's operations generate vapours or mist, use ventilation to keep exposure to airborne contaminants below the exposure limit. Make-up air should always be supplied to balance air removed by exhaust ventilation. Ensure that eyewash station and safety shower are close to work-station. Personal Protection - The selection of personal protective equipment varies, depending upon conditions of use. Eyes Eye protection (i.e., safety glasses, safety goggles and/or face shield) should be determined based on conditions of use. If product is used in an application where"
13,What are the suitable extinguishing media for a fire involving the product?,"Use DRY chemicals, CO2, water spray or foam for a small fire; and water spray, fog or foam for a large fire. Do NOT use water jet.",Section V. Fire-fighting Measures,"the contaminated skin with running water and non-abrasive soap. Seek medical attention. Evacuate the victim to a safe area as soon as possible. If the victim is not breathing, perform artificial respiration. Allow the victim to rest in a well ventilated area. Seek medical attention. DO NOT induce vomiting because of danger of aspirating liquid into lungs. Seek medical attention. Note to Physician Not available Section V. Fire-fighting Measures Flammability Flash Points Fire Hazards in Presence of Various Substances Products of Combustion Fire Fighting Media and Instructions May be combustible at high temperature. Flammable Limits Lower: 3.2%, Upper: 15.3% Closed Cup: 116ºC (Tagliabue) Open Cup: 116ºC (Cleveland) Auto-Ignition Temperature 413ºC Combustible in presence of open flames and sparks. Explosion Hazards in Presence of Various Substances Not a product presenting risks of explosion. Carbon oxides (CO, CO2), smoke and irritating vapours as products of incomplete combustion. SMALL FIRE: Use DRY chemicals, CO2, water spray or foam. LARGE FIRE: Use water spray, fog or foam. DO NOT use water jet. Continued on Next Page Available in French ANTIFREEZE Page Number: 2 Section VI. Accidental Release Measures Material Release or Spill Small spill or leak: Dilute with water and mop up or absorb with an inert DRY material and place in an appropriate waste disposal container. Large spill or leak: Absorb with an inert material and put the spilled material in an appropriate waste disposal. Dispose of in accordance with regional regulations. Section VII. Handling and Storage Handling","CO2), smoke and irritating vapours as products of incomplete combustion. SMALL FIRE: Use DRY chemicals, CO2, water spray or foam. LARGE FIRE: Use water spray, fog or foam. DO NOT use water jet. Continued on Next Page Available in French ANTIFREEZE Page Number: 2 Section VI. Accidental Release Measures Material Release or Spill Small spill or leak: Dilute with water and mop up or absorb with an inert DRY material and place in an appropriate waste disposal container. Large spill or leak: Absorb with an inert material and put the spilled material in an appropriate waste disposal. Dispose of in accordance with regional regulations. Section VII. Handling and Storage Handling Storage Avoid contamination with reactive substances. After handling, always wash hands thoroughly with soap and water. Keep container dry. Keep container tightly closed. Keep in a cool, well-ventilated place. Section VIII. Exposure Controls/Personal Protection Engineering Controls For normal application, special ventilation is not necessary. If user's operations generate vapours or mist, use ventilation to keep exposure to airborne contaminants below the exposure limit. Make-up air should always be supplied to balance air removed by exhaust ventilation. Ensure that eyewash station and safety shower are close to work-station. Personal Protection - The selection of personal protective equipment varies, depending upon conditions of use. Eyes Eye protection (i.e., safety glasses, safety goggles and/or face shield) should be determined based on conditions of use. If product is used in an application where","|---|---|
| Section V. Fire-fighting Measures |   |
| Flammability May be combustible at high temperature. | Flammable Limits Lower: 3.2%, Upper: 15.3% |
| Flash Points Closed Cup: 116ºC (Tagliabue) Open Cup: 116ºC (Cleveland) | Auto-Ignition 413ºC Temperature |
| Fire Hazards in Combustible in presence of open flames and Presence of sparks. Various Substances | Explosion Hazards Not a product presenting risks of explosion. in Presence of Various Substances |
| Products of Carbon oxides (CO, CO2), smoke and irritating vapours as products of incomplete combustion. Combustion |   |
| Fire Fighting SMALL FIRE: Use DRY chemicals, CO2, water spray or foam. Media and LARGE FIRE: Use water spray, fog or foam. DO NOT use water jet. nstructions |   |
**ANTIFREEZE** **Page Number: 2**<br><br>**Section VI. Accidental Release Measures**<br><br>Small spill or leak: Dilute with water and mop up or absorb with an inert DRY material and place in an appropriate waste 
disposal container. 
Large spill or leak: Absorb with an inert material and put the spilled material in an appropriate waste disposal. Dispose of in 
accordance with regional regulations. <br><br>**Material Release**","| Fire Fighting SMALL FIRE: Use DRY chemicals, CO2, water spray or foam. Media and LARGE FIRE: Use water spray, fog or foam. DO NOT use water jet. nstructions |   |
**ANTIFREEZE** **Page Number: 2**<br><br>**Section VI. Accidental Release Measures**<br><br>Small spill or leak: Dilute with water and mop up or absorb with an inert DRY material and place in an appropriate waste 
disposal container. 
Large spill or leak: Absorb with an inert material and put the spilled material in an appropriate waste disposal. Dispose of in 
accordance with regional regulations. <br><br>**Material Release**
**or Spill**<br><br>**Section VII. Handling and Storage**<br><br>Avoid contamination with reactive substances. After handling, always wash hands thoroughly with soap and water.  **Handling**<br><br>Keep container dry. Keep container tightly closed. Keep in a cool, well-ventilated place.  **Storage****Section VIII. Exposure Controls/Personal Protection**<br><br>For normal application, special ventilation is not necessary. If user's operations generate vapours or mist, use ventilation to 
keep exposure to airborne contaminants below the exposure limit. Make-up air should always be supplied to balance air 
removed by exhaust ventilation. Ensure that eyewash station and safety shower are close to work-station. <br><br>**Engineering Controls**<br><br>**Personal Protection - The selection of personal protective equipment varies, depending upon conditions of use.**<br><br>Eye protection (i.e., safety glasses, safety goggles and/or face shield) should be determined based on conditions of use. If"
14,What are the special hazards arising from the substance during a fire?,"Carbon oxides (CO, CO2), smoke and irritating vapours as products of incomplete combustion",Section V. Fire-fighting Measures,"the contaminated skin with running water and non-abrasive soap. Seek medical attention. Evacuate the victim to a safe area as soon as possible. If the victim is not breathing, perform artificial respiration. Allow the victim to rest in a well ventilated area. Seek medical attention. DO NOT induce vomiting because of danger of aspirating liquid into lungs. Seek medical attention. Note to Physician Not available Section V. Fire-fighting Measures Flammability Flash Points Fire Hazards in Presence of Various Substances Products of Combustion Fire Fighting Media and Instructions May be combustible at high temperature. Flammable Limits Lower: 3.2%, Upper: 15.3% Closed Cup: 116ºC (Tagliabue) Open Cup: 116ºC (Cleveland) Auto-Ignition Temperature 413ºC Combustible in presence of open flames and sparks. Explosion Hazards in Presence of Various Substances Not a product presenting risks of explosion. Carbon oxides (CO, CO2), smoke and irritating vapours as products of incomplete combustion. SMALL FIRE: Use DRY chemicals, CO2, water spray or foam. LARGE FIRE: Use water spray, fog or foam. DO NOT use water jet. Continued on Next Page Available in French ANTIFREEZE Page Number: 2 Section VI. Accidental Release Measures Material Release or Spill Small spill or leak: Dilute with water and mop up or absorb with an inert DRY material and place in an appropriate waste disposal container. Large spill or leak: Absorb with an inert material and put the spilled material in an appropriate waste disposal. Dispose of in accordance with regional regulations. Section VII. Handling and Storage Handling","<br><br>**Section III. Hazards Identification.**<br><br>Contact can cause slight irritation of skin, eyes and respiratory tract. Extremely dangerous in case of ingestion. For more 
information, refer to Section 11. 
**Potential Health**
**Effects****Section IV. First Aid Measures**<br><br>IMMEDIATELY flush eyes with running water for at least 15 minutes, keeping eyelids open. Seek medical attention.  **Eye Contact**<br><br>Remove contaminated clothing - launder before reuse. Wash gently and thoroughly the contaminated skin with running water 
and non-abrasive soap. Seek medical attention. 
**Skin Contact**<br><br>Evacuate the victim to a safe area as soon as possible. If the victim is not breathing, perform artificial respiration. Allow the 
victim to rest in a well ventilated area. Seek medical attention. 
**Inhalation**<br><br>DO NOT induce vomiting because of danger of aspirating liquid into lungs. Seek medical attention.  **Ingestion**<br><br>Not available  **Note to Physician**<br><br>| Section V. Fire-fighting Measures |  |
|---|---|
| Section V. Fire-fighting Measures |   |
| Flammability May be combustible at high temperature. | Flammable Limits Lower: 3.2%, Upper: 15.3% |
| Flash Points Closed Cup: 116ºC (Tagliabue) Open Cup: 116ºC (Cleveland) | Auto-Ignition 413ºC Temperature |
| Fire Hazards in Combustible in presence of open flames and Presence of sparks. Various Substances | Explosion Hazards Not a product presenting risks of explosion. in Presence of Various Substances |","|---|---|
| Section V. Fire-fighting Measures |   |
| Flammability May be combustible at high temperature. | Flammable Limits Lower: 3.2%, Upper: 15.3% |
| Flash Points Closed Cup: 116ºC (Tagliabue) Open Cup: 116ºC (Cleveland) | Auto-Ignition 413ºC Temperature |
| Fire Hazards in Combustible in presence of open flames and Presence of sparks. Various Substances | Explosion Hazards Not a product presenting risks of explosion. in Presence of Various Substances |
| Products of Carbon oxides (CO, CO2), smoke and irritating vapours as products of incomplete combustion. Combustion |   |
| Fire Fighting SMALL FIRE: Use DRY chemicals, CO2, water spray or foam. Media and LARGE FIRE: Use water spray, fog or foam. DO NOT use water jet. nstructions |   |
**ANTIFREEZE** **Page Number: 2**<br><br>**Section VI. Accidental Release Measures**<br><br>Small spill or leak: Dilute with water and mop up or absorb with an inert DRY material and place in an appropriate waste 
disposal container. 
Large spill or leak: Absorb with an inert material and put the spilled material in an appropriate waste disposal. Dispose of in 
accordance with regional regulations. <br><br>**Material Release**","r e c t o r y f o r emergency number(s). Exposure Limits (ACGIH) Name CAS # % (V/V) TLV-TWA(8 h) STEL CEILING 1) Ethylene glycol 107-21-1 >55 Not established Not established 2) Sodium tetraborate pentahydrate 1330-43-4 <5 1 mg/m³ Not established 100 mg/m³ (aerosol) Not established Manufacturer Recommendation Not applicable Other Exposure Limits Consult local, state, provincial or territory authorities for acceptable exposure limits. Section III. Hazards Identification. Potential Health Effects Contact can cause slight irritation of skin, eyes and respiratory tract. Extremely dangerous in case of ingestion. For more information, refer to Section 11. Section IV. First Aid Measures Eye Contact Skin Contact Inhalation Ingestion IMMEDIATELY flush eyes with running water for at least 15 minutes, keeping eyelids open. Seek medical attention. Remove contaminated clothing - launder before reuse. Wash gently and thoroughly the contaminated skin with running water and non-abrasive soap. Seek medical attention. Evacuate the victim to a safe area as soon as possible. If the victim is not breathing, perform artificial respiration. Allow the victim to rest in a well ventilated area. Seek medical attention. DO NOT induce vomiting because of danger of aspirating liquid into lungs. Seek medical attention. Note to Physician Not available Section V. Fire-fighting Measures Flammability Flash Points Fire Hazards in Presence of Various Substances Products of Combustion Fire Fighting Media and Instructions May be combustible at high temperature. Flammable Limits Lower: 3.2%, Upper: 15.3% Closed"
15,Are there any special fire handling procedures required for the product?,"For a small fire, use dry chemicals, CO2, water spray, or foam. For a large fire, use water spray, fog, or foam. Do not use a water jet.",Section V. Fire-fighting Measures,"the contaminated skin with running water and non-abrasive soap. Seek medical attention. Evacuate the victim to a safe area as soon as possible. If the victim is not breathing, perform artificial respiration. Allow the victim to rest in a well ventilated area. Seek medical attention. DO NOT induce vomiting because of danger of aspirating liquid into lungs. Seek medical attention. Note to Physician Not available Section V. Fire-fighting Measures Flammability Flash Points Fire Hazards in Presence of Various Substances Products of Combustion Fire Fighting Media and Instructions May be combustible at high temperature. Flammable Limits Lower: 3.2%, Upper: 15.3% Closed Cup: 116ºC (Tagliabue) Open Cup: 116ºC (Cleveland) Auto-Ignition Temperature 413ºC Combustible in presence of open flames and sparks. Explosion Hazards in Presence of Various Substances Not a product presenting risks of explosion. Carbon oxides (CO, CO2), smoke and irritating vapours as products of incomplete combustion. SMALL FIRE: Use DRY chemicals, CO2, water spray or foam. LARGE FIRE: Use water spray, fog or foam. DO NOT use water jet. Continued on Next Page Available in French ANTIFREEZE Page Number: 2 Section VI. Accidental Release Measures Material Release or Spill Small spill or leak: Dilute with water and mop up or absorb with an inert DRY material and place in an appropriate waste disposal container. Large spill or leak: Absorb with an inert material and put the spilled material in an appropriate waste disposal. Dispose of in accordance with regional regulations. Section VII. Handling and Storage Handling","CO2), smoke and irritating vapours as products of incomplete combustion. SMALL FIRE: Use DRY chemicals, CO2, water spray or foam. LARGE FIRE: Use water spray, fog or foam. DO NOT use water jet. Continued on Next Page Available in French ANTIFREEZE Page Number: 2 Section VI. Accidental Release Measures Material Release or Spill Small spill or leak: Dilute with water and mop up or absorb with an inert DRY material and place in an appropriate waste disposal container. Large spill or leak: Absorb with an inert material and put the spilled material in an appropriate waste disposal. Dispose of in accordance with regional regulations. Section VII. Handling and Storage Handling Storage Avoid contamination with reactive substances. After handling, always wash hands thoroughly with soap and water. Keep container dry. Keep container tightly closed. Keep in a cool, well-ventilated place. Section VIII. Exposure Controls/Personal Protection Engineering Controls For normal application, special ventilation is not necessary. If user's operations generate vapours or mist, use ventilation to keep exposure to airborne contaminants below the exposure limit. Make-up air should always be supplied to balance air removed by exhaust ventilation. Ensure that eyewash station and safety shower are close to work-station. Personal Protection - The selection of personal protective equipment varies, depending upon conditions of use. Eyes Eye protection (i.e., safety glasses, safety goggles and/or face shield) should be determined based on conditions of use. If product is used in an application where","|---|---|
| Section V. Fire-fighting Measures |   |
| Flammability May be combustible at high temperature. | Flammable Limits Lower: 3.2%, Upper: 15.3% |
| Flash Points Closed Cup: 116ºC (Tagliabue) Open Cup: 116ºC (Cleveland) | Auto-Ignition 413ºC Temperature |
| Fire Hazards in Combustible in presence of open flames and Presence of sparks. Various Substances | Explosion Hazards Not a product presenting risks of explosion. in Presence of Various Substances |
| Products of Carbon oxides (CO, CO2), smoke and irritating vapours as products of incomplete combustion. Combustion |   |
| Fire Fighting SMALL FIRE: Use DRY chemicals, CO2, water spray or foam. Media and LARGE FIRE: Use water spray, fog or foam. DO NOT use water jet. nstructions |   |
**ANTIFREEZE** **Page Number: 2**<br><br>**Section VI. Accidental Release Measures**<br><br>Small spill or leak: Dilute with water and mop up or absorb with an inert DRY material and place in an appropriate waste 
disposal container. 
Large spill or leak: Absorb with an inert material and put the spilled material in an appropriate waste disposal. Dispose of in 
accordance with regional regulations. <br><br>**Material Release**","| Fire Fighting SMALL FIRE: Use DRY chemicals, CO2, water spray or foam. Media and LARGE FIRE: Use water spray, fog or foam. DO NOT use water jet. nstructions |   |
**ANTIFREEZE** **Page Number: 2**<br><br>**Section VI. Accidental Release Measures**<br><br>Small spill or leak: Dilute with water and mop up or absorb with an inert DRY material and place in an appropriate waste 
disposal container. 
Large spill or leak: Absorb with an inert material and put the spilled material in an appropriate waste disposal. Dispose of in 
accordance with regional regulations. <br><br>**Material Release**
**or Spill**<br><br>**Section VII. Handling and Storage**<br><br>Avoid contamination with reactive substances. After handling, always wash hands thoroughly with soap and water.  **Handling**<br><br>Keep container dry. Keep container tightly closed. Keep in a cool, well-ventilated place.  **Storage****Section VIII. Exposure Controls/Personal Protection**<br><br>For normal application, special ventilation is not necessary. If user's operations generate vapours or mist, use ventilation to 
keep exposure to airborne contaminants below the exposure limit. Make-up air should always be supplied to balance air 
removed by exhaust ventilation. Ensure that eyewash station and safety shower are close to work-station. <br><br>**Engineering Controls**<br><br>**Personal Protection - The selection of personal protective equipment varies, depending upon conditions of use.**<br><br>Eye protection (i.e., safety glasses, safety goggles and/or face shield) should be determined based on conditions of use. If"
16,"How should accidental releases, spill, or leak of the product be handled?","For small spills or leaks, dilute with water and mop up or absorb with an inert DRY material and place in an appropriate waste disposal container. For large spills or leaks, absorb with an inert material and put the spilled material in an appropriate waste disposal. Dispose of in accordance with regional regulations.",Section VI. Accidental Release Measures,"CO2), smoke and irritating vapours as products of incomplete combustion. SMALL FIRE: Use DRY chemicals, CO2, water spray or foam. LARGE FIRE: Use water spray, fog or foam. DO NOT use water jet. Continued on Next Page Available in French ANTIFREEZE Page Number: 2 Section VI. Accidental Release Measures Material Release or Spill Small spill or leak: Dilute with water and mop up or absorb with an inert DRY material and place in an appropriate waste disposal container. Large spill or leak: Absorb with an inert material and put the spilled material in an appropriate waste disposal. Dispose of in accordance with regional regulations. Section VII. Handling and Storage Handling Storage Avoid contamination with reactive substances. After handling, always wash hands thoroughly with soap and water. Keep container dry. Keep container tightly closed. Keep in a cool, well-ventilated place. Section VIII. Exposure Controls/Personal Protection Engineering Controls For normal application, special ventilation is not necessary. If user's operations generate vapours or mist, use ventilation to keep exposure to airborne contaminants below the exposure limit. Make-up air should always be supplied to balance air removed by exhaust ventilation. Ensure that eyewash station and safety shower are close to work-station. Personal Protection - The selection of personal protective equipment varies, depending upon conditions of use. Eyes Eye protection (i.e., safety glasses, safety goggles and/or face shield) should be determined based on conditions of use. If product is used in an application where","the contaminated skin with running water and non-abrasive soap. Seek medical attention. Evacuate the victim to a safe area as soon as possible. If the victim is not breathing, perform artificial respiration. Allow the victim to rest in a well ventilated area. Seek medical attention. DO NOT induce vomiting because of danger of aspirating liquid into lungs. Seek medical attention. Note to Physician Not available Section V. Fire-fighting Measures Flammability Flash Points Fire Hazards in Presence of Various Substances Products of Combustion Fire Fighting Media and Instructions May be combustible at high temperature. Flammable Limits Lower: 3.2%, Upper: 15.3% Closed Cup: 116ºC (Tagliabue) Open Cup: 116ºC (Cleveland) Auto-Ignition Temperature 413ºC Combustible in presence of open flames and sparks. Explosion Hazards in Presence of Various Substances Not a product presenting risks of explosion. Carbon oxides (CO, CO2), smoke and irritating vapours as products of incomplete combustion. SMALL FIRE: Use DRY chemicals, CO2, water spray or foam. LARGE FIRE: Use water spray, fog or foam. DO NOT use water jet. Continued on Next Page Available in French ANTIFREEZE Page Number: 2 Section VI. Accidental Release Measures Material Release or Spill Small spill or leak: Dilute with water and mop up or absorb with an inert DRY material and place in an appropriate waste disposal container. Large spill or leak: Absorb with an inert material and put the spilled material in an appropriate waste disposal. Dispose of in accordance with regional regulations. Section VII. Handling and Storage Handling","| Fire Fighting SMALL FIRE: Use DRY chemicals, CO2, water spray or foam. Media and LARGE FIRE: Use water spray, fog or foam. DO NOT use water jet. nstructions |   |
**ANTIFREEZE** **Page Number: 2**<br><br>**Section VI. Accidental Release Measures**<br><br>Small spill or leak: Dilute with water and mop up or absorb with an inert DRY material and place in an appropriate waste 
disposal container. 
Large spill or leak: Absorb with an inert material and put the spilled material in an appropriate waste disposal. Dispose of in 
accordance with regional regulations. <br><br>**Material Release**
**or Spill**<br><br>**Section VII. Handling and Storage**<br><br>Avoid contamination with reactive substances. After handling, always wash hands thoroughly with soap and water.  **Handling**<br><br>Keep container dry. Keep container tightly closed. Keep in a cool, well-ventilated place.  **Storage****Section VIII. Exposure Controls/Personal Protection**<br><br>For normal application, special ventilation is not necessary. If user's operations generate vapours or mist, use ventilation to 
keep exposure to airborne contaminants below the exposure limit. Make-up air should always be supplied to balance air 
removed by exhaust ventilation. Ensure that eyewash station and safety shower are close to work-station. <br><br>**Engineering Controls**<br><br>**Personal Protection - The selection of personal protective equipment varies, depending upon conditions of use.**<br><br>Eye protection (i.e., safety glasses, safety goggles and/or face shield) should be determined based on conditions of use. If","Ionicity (in water) Not available Vapour Pressure 0.06 mmHg @ 20°C (68ºF). Dispersion Properties Not available Volatility 0% (w/w) Solubility Soluble in water, methanol and diethyl ether. Section X. Stability and Reactivity Corrosivity Stability Not available The product is stable. Hazardous Polymerization Will not occur under normal working conditions. Incompatible Substances / Conditions to Avoid Reactive with oxidizing agents, acids and alkalis. Decomposition Products May release COx, smoke and irritating vapours when heated to decomposition. Section XI. Toxicological Information Routes of Entry Acute Lethality Chronic or Other Toxic Effects Chronic or Other Toxic Effects Dermal Route: Inhalation Route: Oral Route: Eye contact and ingestion. LD50: 4700 mg/kg (oral/rat). [Ethylene Glycol] LD50: 9530 mg/kg (dermal/rabbit). [Ethylene Glycol] Slightly hazardous in case of skin contact (irritant). Slightly hazardous in case of inhalation (lung irritant). Can cause nausea, headaches and vomiting. Extremely dangerous in case of ingestion. Eye Irritation/Inflammation: Slightly hazardous in case of eye contact (irritant). Immunotoxicity: Skin Sensitization: Respiratory Tract Sensitization: Mutagenic: Continued on Next Page Not available Not available Not available Not available Available in French ANTIFREEZE Page Number: 3 Reproductive Toxicity: Not available Teratogenicity/Embryotoxicity: Fetotoxic and teratogenic in mice at levels below maternal toxicity. Carcinogenicity (ACGIH): ACGIH A4: not classifiable as a human carcinogen. Carcinogenicity (IARC): Carcinogenicity (NTP):"
17,What precautions should be taken for safe handling and storage of the product?,"To prevent skin contact, wear appropriate clothing (long sleeves and trousers) when handling the product. When splashing may occur, consider using safety goggles and/or a face shield. For hot product handling, ensure gloves are heat resistant and insulated. Wear chemically protective gloves to prevent product from coming in contact with feet and skin. For respiratory protection, use NIOSH-approved respirators if concentrations in air exceed occupational exposure limits and engineering controls are not adequate. Keep container dry, tightly closed, and store in a cool, well-ventilated place.","Section VII (Handling), Section VIII (Exposure Controls/Personal Protection)","CO2), smoke and irritating vapours as products of incomplete combustion. SMALL FIRE: Use DRY chemicals, CO2, water spray or foam. LARGE FIRE: Use water spray, fog or foam. DO NOT use water jet. Continued on Next Page Available in French ANTIFREEZE Page Number: 2 Section VI. Accidental Release Measures Material Release or Spill Small spill or leak: Dilute with water and mop up or absorb with an inert DRY material and place in an appropriate waste disposal container. Large spill or leak: Absorb with an inert material and put the spilled material in an appropriate waste disposal. Dispose of in accordance with regional regulations. Section VII. Handling and Storage Handling Storage Avoid contamination with reactive substances. After handling, always wash hands thoroughly with soap and water. Keep container dry. Keep container tightly closed. Keep in a cool, well-ventilated place. Section VIII. Exposure Controls/Personal Protection Engineering Controls For normal application, special ventilation is not necessary. If user's operations generate vapours or mist, use ventilation to keep exposure to airborne contaminants below the exposure limit. Make-up air should always be supplied to balance air removed by exhaust ventilation. Ensure that eyewash station and safety shower are close to work-station. Personal Protection - The selection of personal protective equipment varies, depending upon conditions of use. Eyes Eye protection (i.e., safety glasses, safety goggles and/or face shield) should be determined based on conditions of use. If product is used in an application where","keep exposure to airborne contaminants below the exposure limit. Make-up air should always be supplied to balance air 
removed by exhaust ventilation. Ensure that eyewash station and safety shower are close to work-station. <br><br>**Engineering Controls**<br><br>**Personal Protection - The selection of personal protective equipment varies, depending upon conditions of use.**<br><br>Eye protection (i.e., safety glasses, safety goggles and/or face shield) should be determined based on conditions of use. If 
product is used in an application where splashing may occur, the use of safety goggles and/or a face shield should be 
considered. <br><br>**Eyes**<br><br>Wear appropriate clothing to prevent skin contact. As a minimum long sleeves and trousers should be worn.  **Body**<br><br>Where concentrations in air may exceed the occupational exposure limits given in Section 2 (and those applicable to your 
area) and where engineering, work practices or other means of exposure reduction are not adequate, NIOSH approved 
respirators may be necessary to prevent overexposure by inhalation. <br><br>**Respiratory**<br><br>Wear appropriate chemically protective gloves. When handling hot product ensure gloves are heat resistant and insulated. **Hands**<br><br>Wear appropriate footwear to prevent product from coming in contact with feet and skin.  **Feet**<br><br>| Section IX. Physical and Chemical Properties |  |
|---|---|
| Section IX. Physical and Chemical Properties |   |
| Physical State and Clear viscous liquid. Appearance | Viscosity Not available |","the contaminated skin with running water and non-abrasive soap. Seek medical attention. Evacuate the victim to a safe area as soon as possible. If the victim is not breathing, perform artificial respiration. Allow the victim to rest in a well ventilated area. Seek medical attention. DO NOT induce vomiting because of danger of aspirating liquid into lungs. Seek medical attention. Note to Physician Not available Section V. Fire-fighting Measures Flammability Flash Points Fire Hazards in Presence of Various Substances Products of Combustion Fire Fighting Media and Instructions May be combustible at high temperature. Flammable Limits Lower: 3.2%, Upper: 15.3% Closed Cup: 116ºC (Tagliabue) Open Cup: 116ºC (Cleveland) Auto-Ignition Temperature 413ºC Combustible in presence of open flames and sparks. Explosion Hazards in Presence of Various Substances Not a product presenting risks of explosion. Carbon oxides (CO, CO2), smoke and irritating vapours as products of incomplete combustion. SMALL FIRE: Use DRY chemicals, CO2, water spray or foam. LARGE FIRE: Use water spray, fog or foam. DO NOT use water jet. Continued on Next Page Available in French ANTIFREEZE Page Number: 2 Section VI. Accidental Release Measures Material Release or Spill Small spill or leak: Dilute with water and mop up or absorb with an inert DRY material and place in an appropriate waste disposal container. Large spill or leak: Absorb with an inert material and put the spilled material in an appropriate waste disposal. Dispose of in accordance with regional regulations. Section VII. Handling and Storage Handling","area) and where engineering, work practices or other means of exposure reduction are not adequate, NIOSH approved 
respirators may be necessary to prevent overexposure by inhalation. <br><br>**Respiratory**<br><br>Wear appropriate chemically protective gloves. When handling hot product ensure gloves are heat resistant and insulated. **Hands**<br><br>Wear appropriate footwear to prevent product from coming in contact with feet and skin.  **Feet**<br><br>| Section IX. Physical and Chemical Properties |  |
|---|---|
| Section IX. Physical and Chemical Properties |   |
| Physical State and Clear viscous liquid. Appearance | Viscosity Not available |
| Colour Green. | Pour Point Not available |
| Odour Odourless. | Softening Point Not applicable. |
| Odour Threshold Not available | Dropping Point Not applicable. |
| Boiling Point 129 to 197°C (264 to 387°F) | Penetration Not applicable. |
| Density 1.115 to 1.145 (Water = 1) | Oil / Water Dist. Coeff. Not available |
| Vapour Density 2.1 (Air=1). | Ionicity (in water) Not available |
| Vapour Pressure 0.06 mmHg @ 20°C (68ºF). | Dispersion Properties Not available |
| Volatility 0% (w/w) | Solubility Soluble in water, methanol and diethyl ether. |
<br><br>| Section X. Stability and Reactivity |  |
|---|---|
| Section X. Stability and Reactivity |   |
| Corrosivity Not available |   |
| Stability The product is stable. | Hazardous Will not occur under normal working conditions. Polymerization |"
18,What are the exposure controls and personal protection measures recommended for the product?,"For normal application, special ventilation is not necessary. If user's operations generate vapours or mist, use ventilation to keep exposure to airborne contaminants below the exposure limit. Make-up air should always be supplied to balance air removed by exhaust ventilation. Ensure that eyewash station and safety shower are close to work-station. Eye protection (i.e., safety glasses, safety goggles and/or face shield) should be determined based on conditions of use. If product is used in an application where splashing may occur, the use of safety goggles and/or a face shield should be considered. Wear appropriate clothing to prevent skin contact. As a minimum long sleeves and trousers should be worn. Where concentrations in air may exceed the occupational exposure limits given in Section 2 (and those applicable to your area) and where engineering, work practices or other means of exposure reduction are not adequate, NIOSH approved respirators may be necessary to prevent overexposure by inhalation. Wear appropriate chemically protective gloves. When handling hot product ensure gloves are heat resistant and insulated. Wear appropriate footwear to prevent product from coming in contact with feet and skin.","Section VIII. Exposure Controls/Personal Protection, Section X. Stability and Reactivity","keep exposure to airborne contaminants below the exposure limit. Make-up air should always be supplied to balance air 
removed by exhaust ventilation. Ensure that eyewash station and safety shower are close to work-station. <br><br>**Engineering Controls**<br><br>**Personal Protection - The selection of personal protective equipment varies, depending upon conditions of use.**<br><br>Eye protection (i.e., safety glasses, safety goggles and/or face shield) should be determined based on conditions of use. If 
product is used in an application where splashing may occur, the use of safety goggles and/or a face shield should be 
considered. <br><br>**Eyes**<br><br>Wear appropriate clothing to prevent skin contact. As a minimum long sleeves and trousers should be worn.  **Body**<br><br>Where concentrations in air may exceed the occupational exposure limits given in Section 2 (and those applicable to your 
area) and where engineering, work practices or other means of exposure reduction are not adequate, NIOSH approved 
respirators may be necessary to prevent overexposure by inhalation. <br><br>**Respiratory**<br><br>Wear appropriate chemically protective gloves. When handling hot product ensure gloves are heat resistant and insulated. **Hands**<br><br>Wear appropriate footwear to prevent product from coming in contact with feet and skin.  **Feet**<br><br>| Section IX. Physical and Chemical Properties |  |
|---|---|
| Section IX. Physical and Chemical Properties |   |
| Physical State and Clear viscous liquid. Appearance | Viscosity Not available |","Protection Engineering Controls For normal application, special ventilation is not necessary. If user's operations generate vapours or mist, use ventilation to keep exposure to airborne contaminants below the exposure limit. Make-up air should always be supplied to balance air removed by exhaust ventilation. Ensure that eyewash station and safety shower are close to work-station. Personal Protection - The selection of personal protective equipment varies, depending upon conditions of use. Eyes Eye protection (i.e., safety glasses, safety goggles and/or face shield) should be determined based on conditions of use. If product is used in an application where splashing may occur, the use of safety goggles and/or a face shield should be considered. Body Wear appropriate clothing to prevent skin contact. As a minimum long sleeves and trousers should be worn. Respiratory Where concentrations in air may exceed the occupational exposure limits given in Section 2 (and those applicable to your area) and where engineering, work practices or other means of exposure reduction are not adequate, NIOSH approved respirators may be necessary to prevent overexposure by inhalation. Hands Wear appropriate chemically protective gloves. When handling hot product ensure gloves are heat resistant and insulated. Feet Wear appropriate footwear to prevent product from coming in contact with feet and skin. Section IX. Physical and Chemical Properties Clear viscous liquid. Viscosity Not available Physical State and Appearance Colour Odour Green. Odourless. Odour Threshold Not available Pour Point Not","occupational exposure limits given in Section 2 (and those applicable to your area) and where engineering, work practices or other means of exposure reduction are not adequate, NIOSH approved respirators may be necessary to prevent overexposure by inhalation. Hands Wear appropriate chemically protective gloves. When handling hot product ensure gloves are heat resistant and insulated. Feet Wear appropriate footwear to prevent product from coming in contact with feet and skin. Section IX. Physical and Chemical Properties Clear viscous liquid. Viscosity Not available Physical State and Appearance Colour Odour Green. Odourless. Odour Threshold Not available Pour Point Not available Softening Point Not applicable. Dropping Point Not applicable. Boiling Point 129 to 197°C (264 to 387°F) Penetration Not applicable. Density 1.115 to 1.145 (Water = 1) Oil / Water Dist. Coeff. Not available Vapour Density 2.1 (Air=1). Ionicity (in water) Not available Vapour Pressure 0.06 mmHg @ 20°C (68ºF). Dispersion Properties Not available Volatility 0% (w/w) Solubility Soluble in water, methanol and diethyl ether. Section X. Stability and Reactivity Corrosivity Stability Not available The product is stable. Hazardous Polymerization Will not occur under normal working conditions. Incompatible Substances / Conditions to Avoid Reactive with oxidizing agents, acids and alkalis. Decomposition Products May release COx, smoke and irritating vapours when heated to decomposition. Section XI. Toxicological Information Routes of Entry Acute Lethality Chronic or Other Toxic Effects Chronic or Other Toxic","CO2), smoke and irritating vapours as products of incomplete combustion. SMALL FIRE: Use DRY chemicals, CO2, water spray or foam. LARGE FIRE: Use water spray, fog or foam. DO NOT use water jet. Continued on Next Page Available in French ANTIFREEZE Page Number: 2 Section VI. Accidental Release Measures Material Release or Spill Small spill or leak: Dilute with water and mop up or absorb with an inert DRY material and place in an appropriate waste disposal container. Large spill or leak: Absorb with an inert material and put the spilled material in an appropriate waste disposal. Dispose of in accordance with regional regulations. Section VII. Handling and Storage Handling Storage Avoid contamination with reactive substances. After handling, always wash hands thoroughly with soap and water. Keep container dry. Keep container tightly closed. Keep in a cool, well-ventilated place. Section VIII. Exposure Controls/Personal Protection Engineering Controls For normal application, special ventilation is not necessary. If user's operations generate vapours or mist, use ventilation to keep exposure to airborne contaminants below the exposure limit. Make-up air should always be supplied to balance air removed by exhaust ventilation. Ensure that eyewash station and safety shower are close to work-station. Personal Protection - The selection of personal protective equipment varies, depending upon conditions of use. Eyes Eye protection (i.e., safety glasses, safety goggles and/or face shield) should be determined based on conditions of use. If product is used in an application where"
19,What are the physical and chemical properties of the product?,"The product is a clear, green liquid with an odourless appearance. It has a boiling point of 129 to 197°C (264 to 387°F), a density of 1.115 to 1.145 (Water = 1), and a vapour density of 2.1 (Air=1). The product is stable, soluble in water, methanol, and diethyl ether, and has a volatility of 0% (w/w). It is incompatible with oxidizing agents, acids, and alkalis.","Section IX. Physical and Chemical Properties, Section X. Stability and Reactivity","| Boiling Point 129 to 197°C (264 to 387°F) | Penetration Not applicable. |
| Density 1.115 to 1.145 (Water = 1) | Oil / Water Dist. Coeff. Not available |
| Vapour Density 2.1 (Air=1). | Ionicity (in water) Not available |
| Vapour Pressure 0.06 mmHg @ 20°C (68ºF). | Dispersion Properties Not available |
| Volatility 0% (w/w) | Solubility Soluble in water, methanol and diethyl ether. |
<br><br>| Section X. Stability and Reactivity |  |
|---|---|
| Section X. Stability and Reactivity |   |
| Corrosivity Not available |   |
| Stability The product is stable. | Hazardous Will not occur under normal working conditions. Polymerization |
| Incompatible Reactive with oxidizing agents, acids and Substances / alkalis. Conditions to Avoid | Decomposition May release COx, smoke and irritating vapours when Products heated to decomposition. |
**Section XI. Toxicological Information**<br><br>Eye contact and ingestion.  **Routes of Entry**<br><br>LD50: 4700 mg/kg (oral/rat). [Ethylene Glycol] 
LD50: 9530 mg/kg (dermal/rabbit). [Ethylene Glycol] 
**Acute Lethality**<br><br>**Chronic or Other Toxic Effects**
**Chronic or Other Toxic Effects**","Ionicity (in water) Not available Vapour Pressure 0.06 mmHg @ 20°C (68ºF). Dispersion Properties Not available Volatility 0% (w/w) Solubility Soluble in water, methanol and diethyl ether. Section X. Stability and Reactivity Corrosivity Stability Not available The product is stable. Hazardous Polymerization Will not occur under normal working conditions. Incompatible Substances / Conditions to Avoid Reactive with oxidizing agents, acids and alkalis. Decomposition Products May release COx, smoke and irritating vapours when heated to decomposition. Section XI. Toxicological Information Routes of Entry Acute Lethality Chronic or Other Toxic Effects Chronic or Other Toxic Effects Dermal Route: Inhalation Route: Oral Route: Eye contact and ingestion. LD50: 4700 mg/kg (oral/rat). [Ethylene Glycol] LD50: 9530 mg/kg (dermal/rabbit). [Ethylene Glycol] Slightly hazardous in case of skin contact (irritant). Slightly hazardous in case of inhalation (lung irritant). Can cause nausea, headaches and vomiting. Extremely dangerous in case of ingestion. Eye Irritation/Inflammation: Slightly hazardous in case of eye contact (irritant). Immunotoxicity: Skin Sensitization: Respiratory Tract Sensitization: Mutagenic: Continued on Next Page Not available Not available Not available Not available Available in French ANTIFREEZE Page Number: 3 Reproductive Toxicity: Not available Teratogenicity/Embryotoxicity: Fetotoxic and teratogenic in mice at levels below maternal toxicity. Carcinogenicity (ACGIH): ACGIH A4: not classifiable as a human carcinogen. Carcinogenicity (IARC): Carcinogenicity (NTP):","area) and where engineering, work practices or other means of exposure reduction are not adequate, NIOSH approved 
respirators may be necessary to prevent overexposure by inhalation. <br><br>**Respiratory**<br><br>Wear appropriate chemically protective gloves. When handling hot product ensure gloves are heat resistant and insulated. **Hands**<br><br>Wear appropriate footwear to prevent product from coming in contact with feet and skin.  **Feet**<br><br>| Section IX. Physical and Chemical Properties |  |
|---|---|
| Section IX. Physical and Chemical Properties |   |
| Physical State and Clear viscous liquid. Appearance | Viscosity Not available |
| Colour Green. | Pour Point Not available |
| Odour Odourless. | Softening Point Not applicable. |
| Odour Threshold Not available | Dropping Point Not applicable. |
| Boiling Point 129 to 197°C (264 to 387°F) | Penetration Not applicable. |
| Density 1.115 to 1.145 (Water = 1) | Oil / Water Dist. Coeff. Not available |
| Vapour Density 2.1 (Air=1). | Ionicity (in water) Not available |
| Vapour Pressure 0.06 mmHg @ 20°C (68ºF). | Dispersion Properties Not available |
| Volatility 0% (w/w) | Solubility Soluble in water, methanol and diethyl ether. |
<br><br>| Section X. Stability and Reactivity |  |
|---|---|
| Section X. Stability and Reactivity |   |
| Corrosivity Not available |   |
| Stability The product is stable. | Hazardous Will not occur under normal working conditions. Polymerization |","occupational exposure limits given in Section 2 (and those applicable to your area) and where engineering, work practices or other means of exposure reduction are not adequate, NIOSH approved respirators may be necessary to prevent overexposure by inhalation. Hands Wear appropriate chemically protective gloves. When handling hot product ensure gloves are heat resistant and insulated. Feet Wear appropriate footwear to prevent product from coming in contact with feet and skin. Section IX. Physical and Chemical Properties Clear viscous liquid. Viscosity Not available Physical State and Appearance Colour Odour Green. Odourless. Odour Threshold Not available Pour Point Not available Softening Point Not applicable. Dropping Point Not applicable. Boiling Point 129 to 197°C (264 to 387°F) Penetration Not applicable. Density 1.115 to 1.145 (Water = 1) Oil / Water Dist. Coeff. Not available Vapour Density 2.1 (Air=1). Ionicity (in water) Not available Vapour Pressure 0.06 mmHg @ 20°C (68ºF). Dispersion Properties Not available Volatility 0% (w/w) Solubility Soluble in water, methanol and diethyl ether. Section X. Stability and Reactivity Corrosivity Stability Not available The product is stable. Hazardous Polymerization Will not occur under normal working conditions. Incompatible Substances / Conditions to Avoid Reactive with oxidizing agents, acids and alkalis. Decomposition Products May release COx, smoke and irritating vapours when heated to decomposition. Section XI. Toxicological Information Routes of Entry Acute Lethality Chronic or Other Toxic Effects Chronic or Other Toxic"
20,Is the product stable or reactive? Are there any hazardous reactions to be aware of?,"The product is stable. However, it may release COx, smoke, and irritating vapours when heated to decomposition, and is reactive with oxidizing agents, acids, and alkalis.","Section X. Stability and Reactivity, Section XI. Toxicological Information","Ionicity (in water) Not available Vapour Pressure 0.06 mmHg @ 20°C (68ºF). Dispersion Properties Not available Volatility 0% (w/w) Solubility Soluble in water, methanol and diethyl ether. Section X. Stability and Reactivity Corrosivity Stability Not available The product is stable. Hazardous Polymerization Will not occur under normal working conditions. Incompatible Substances / Conditions to Avoid Reactive with oxidizing agents, acids and alkalis. Decomposition Products May release COx, smoke and irritating vapours when heated to decomposition. Section XI. Toxicological Information Routes of Entry Acute Lethality Chronic or Other Toxic Effects Chronic or Other Toxic Effects Dermal Route: Inhalation Route: Oral Route: Eye contact and ingestion. LD50: 4700 mg/kg (oral/rat). [Ethylene Glycol] LD50: 9530 mg/kg (dermal/rabbit). [Ethylene Glycol] Slightly hazardous in case of skin contact (irritant). Slightly hazardous in case of inhalation (lung irritant). Can cause nausea, headaches and vomiting. Extremely dangerous in case of ingestion. Eye Irritation/Inflammation: Slightly hazardous in case of eye contact (irritant). Immunotoxicity: Skin Sensitization: Respiratory Tract Sensitization: Mutagenic: Continued on Next Page Not available Not available Not available Not available Available in French ANTIFREEZE Page Number: 3 Reproductive Toxicity: Not available Teratogenicity/Embryotoxicity: Fetotoxic and teratogenic in mice at levels below maternal toxicity. Carcinogenicity (ACGIH): ACGIH A4: not classifiable as a human carcinogen. Carcinogenicity (IARC): Carcinogenicity (NTP):","| Boiling Point 129 to 197°C (264 to 387°F) | Penetration Not applicable. |
| Density 1.115 to 1.145 (Water = 1) | Oil / Water Dist. Coeff. Not available |
| Vapour Density 2.1 (Air=1). | Ionicity (in water) Not available |
| Vapour Pressure 0.06 mmHg @ 20°C (68ºF). | Dispersion Properties Not available |
| Volatility 0% (w/w) | Solubility Soluble in water, methanol and diethyl ether. |
<br><br>| Section X. Stability and Reactivity |  |
|---|---|
| Section X. Stability and Reactivity |   |
| Corrosivity Not available |   |
| Stability The product is stable. | Hazardous Will not occur under normal working conditions. Polymerization |
| Incompatible Reactive with oxidizing agents, acids and Substances / alkalis. Conditions to Avoid | Decomposition May release COx, smoke and irritating vapours when Products heated to decomposition. |
**Section XI. Toxicological Information**<br><br>Eye contact and ingestion.  **Routes of Entry**<br><br>LD50: 4700 mg/kg (oral/rat). [Ethylene Glycol] 
LD50: 9530 mg/kg (dermal/rabbit). [Ethylene Glycol] 
**Acute Lethality**<br><br>**Chronic or Other Toxic Effects**
**Chronic or Other Toxic Effects**","| Corrosivity Not available |   |
| Stability The product is stable. | Hazardous Will not occur under normal working conditions. Polymerization |
| Incompatible Reactive with oxidizing agents, acids and Substances / alkalis. Conditions to Avoid | Decomposition May release COx, smoke and irritating vapours when Products heated to decomposition. |
**Section XI. Toxicological Information**<br><br>Eye contact and ingestion.  **Routes of Entry**<br><br>LD50: 4700 mg/kg (oral/rat). [Ethylene Glycol] 
LD50: 9530 mg/kg (dermal/rabbit). [Ethylene Glycol] 
**Acute Lethality**<br><br>**Chronic or Other Toxic Effects**
**Chronic or Other Toxic Effects**
Slightly hazardous in case of skin contact (irritant).  Dermal Route: <br><br>Slightly hazardous in case of inhalation (lung irritant). Can cause nausea, headaches and vomiting.  Inhalation Route: <br><br>Extremely dangerous in case of ingestion.  Oral Route: <br><br>Slightly hazardous in case of eye contact (irritant).  Eye Irritation/Inflammation: <br><br>Not available  Immunotoxicity: <br><br>Not available  Skin Sensitization: <br><br>Not available  Respiratory Tract Sensitization: <br><br>Not available  Mutagenic:","occupational exposure limits given in Section 2 (and those applicable to your area) and where engineering, work practices or other means of exposure reduction are not adequate, NIOSH approved respirators may be necessary to prevent overexposure by inhalation. Hands Wear appropriate chemically protective gloves. When handling hot product ensure gloves are heat resistant and insulated. Feet Wear appropriate footwear to prevent product from coming in contact with feet and skin. Section IX. Physical and Chemical Properties Clear viscous liquid. Viscosity Not available Physical State and Appearance Colour Odour Green. Odourless. Odour Threshold Not available Pour Point Not available Softening Point Not applicable. Dropping Point Not applicable. Boiling Point 129 to 197°C (264 to 387°F) Penetration Not applicable. Density 1.115 to 1.145 (Water = 1) Oil / Water Dist. Coeff. Not available Vapour Density 2.1 (Air=1). Ionicity (in water) Not available Vapour Pressure 0.06 mmHg @ 20°C (68ºF). Dispersion Properties Not available Volatility 0% (w/w) Solubility Soluble in water, methanol and diethyl ether. Section X. Stability and Reactivity Corrosivity Stability Not available The product is stable. Hazardous Polymerization Will not occur under normal working conditions. Incompatible Substances / Conditions to Avoid Reactive with oxidizing agents, acids and alkalis. Decomposition Products May release COx, smoke and irritating vapours when heated to decomposition. Section XI. Toxicological Information Routes of Entry Acute Lethality Chronic or Other Toxic Effects Chronic or Other Toxic"
21,What are the possible hazardous decomposition products of the product?,"May release COx, smoke and irritating vapours when heated to decomposition.",Section X. Stability and Reactivity,"Ionicity (in water) Not available Vapour Pressure 0.06 mmHg @ 20°C (68ºF). Dispersion Properties Not available Volatility 0% (w/w) Solubility Soluble in water, methanol and diethyl ether. Section X. Stability and Reactivity Corrosivity Stability Not available The product is stable. Hazardous Polymerization Will not occur under normal working conditions. Incompatible Substances / Conditions to Avoid Reactive with oxidizing agents, acids and alkalis. Decomposition Products May release COx, smoke and irritating vapours when heated to decomposition. Section XI. Toxicological Information Routes of Entry Acute Lethality Chronic or Other Toxic Effects Chronic or Other Toxic Effects Dermal Route: Inhalation Route: Oral Route: Eye contact and ingestion. LD50: 4700 mg/kg (oral/rat). [Ethylene Glycol] LD50: 9530 mg/kg (dermal/rabbit). [Ethylene Glycol] Slightly hazardous in case of skin contact (irritant). Slightly hazardous in case of inhalation (lung irritant). Can cause nausea, headaches and vomiting. Extremely dangerous in case of ingestion. Eye Irritation/Inflammation: Slightly hazardous in case of eye contact (irritant). Immunotoxicity: Skin Sensitization: Respiratory Tract Sensitization: Mutagenic: Continued on Next Page Not available Not available Not available Not available Available in French ANTIFREEZE Page Number: 3 Reproductive Toxicity: Not available Teratogenicity/Embryotoxicity: Fetotoxic and teratogenic in mice at levels below maternal toxicity. Carcinogenicity (ACGIH): ACGIH A4: not classifiable as a human carcinogen. Carcinogenicity (IARC): Carcinogenicity (NTP):","| Corrosivity Not available |   |
| Stability The product is stable. | Hazardous Will not occur under normal working conditions. Polymerization |
| Incompatible Reactive with oxidizing agents, acids and Substances / alkalis. Conditions to Avoid | Decomposition May release COx, smoke and irritating vapours when Products heated to decomposition. |
**Section XI. Toxicological Information**<br><br>Eye contact and ingestion.  **Routes of Entry**<br><br>LD50: 4700 mg/kg (oral/rat). [Ethylene Glycol] 
LD50: 9530 mg/kg (dermal/rabbit). [Ethylene Glycol] 
**Acute Lethality**<br><br>**Chronic or Other Toxic Effects**
**Chronic or Other Toxic Effects**
Slightly hazardous in case of skin contact (irritant).  Dermal Route: <br><br>Slightly hazardous in case of inhalation (lung irritant). Can cause nausea, headaches and vomiting.  Inhalation Route: <br><br>Extremely dangerous in case of ingestion.  Oral Route: <br><br>Slightly hazardous in case of eye contact (irritant).  Eye Irritation/Inflammation: <br><br>Not available  Immunotoxicity: <br><br>Not available  Skin Sensitization: <br><br>Not available  Respiratory Tract Sensitization: <br><br>Not available  Mutagenic:","| Boiling Point 129 to 197°C (264 to 387°F) | Penetration Not applicable. |
| Density 1.115 to 1.145 (Water = 1) | Oil / Water Dist. Coeff. Not available |
| Vapour Density 2.1 (Air=1). | Ionicity (in water) Not available |
| Vapour Pressure 0.06 mmHg @ 20°C (68ºF). | Dispersion Properties Not available |
| Volatility 0% (w/w) | Solubility Soluble in water, methanol and diethyl ether. |
<br><br>| Section X. Stability and Reactivity |  |
|---|---|
| Section X. Stability and Reactivity |   |
| Corrosivity Not available |   |
| Stability The product is stable. | Hazardous Will not occur under normal working conditions. Polymerization |
| Incompatible Reactive with oxidizing agents, acids and Substances / alkalis. Conditions to Avoid | Decomposition May release COx, smoke and irritating vapours when Products heated to decomposition. |
**Section XI. Toxicological Information**<br><br>Eye contact and ingestion.  **Routes of Entry**<br><br>LD50: 4700 mg/kg (oral/rat). [Ethylene Glycol] 
LD50: 9530 mg/kg (dermal/rabbit). [Ethylene Glycol] 
**Acute Lethality**<br><br>**Chronic or Other Toxic Effects**
**Chronic or Other Toxic Effects**",organs damage. Repeated exposure to a highly toxic material may produce general deterioration of health by an accumulation in one or many human organs. Section XII. Ecological Information Environmental Fate Not available BOD5 and COD Not available Additional Remarks No additional remark. Section XIII. Disposal Considerations Persistance/ Bioaccumulation Potential Products of Biodegradation Not available Not available Waste Disposal Preferred waste management priorities are: (1) recycle or reprocess; (2) incineration with energy recovery; (3) disposal at licensed waste disposal facility. Ensure that disposal or reprocessing is in compliance with government requirements and local disposal regulations. Consult your local or regional authorities. Section XIV. Transport Information DOT Classification Not a DOT controlled material (United States). Special Provisions for Transport Not applicable. Section XV. Regulatory Information Other Regulations This product is acceptable for use under the provisions of WHMIS-CPR. All components of this formulation are listed on the CEPA-DSL (Domestic Substances List). All components of this formulation are listed on the US EPA-TSCA Inventory. This product has been classified in accordance with the hazard criteria of the Controlled Products Regulations (CPR) and the MSDS contains all of the information required by the CPR. DSD/DPD (EEC) Not evaluated. WHMIS (Canada) D-2A Please contact Product Safety for more information. ADR (Europe) (Pictograms) NOT EVALUATED FOR EUROPEAN TRANSPORT NON ÉVALUÉ POUR LE TRANSPORT EUROPÉEN. TDG (Canada)
22,What is the toxicological information available for the product?,"The product is slightly hazardous in case of skin contact (irritant), inhalation (lung irritant), and eye contact (irritant). It can cause nausea, headaches, and vomiting. Ingestion is extremely dangerous. The substance may be toxic to kidneys and liver, producing target organs damage with repeated exposure. Fetotoxic and teratogenic in mice at levels below maternal toxicity.",Section XI. Toxicological Information,"Ionicity (in water) Not available Vapour Pressure 0.06 mmHg @ 20°C (68ºF). Dispersion Properties Not available Volatility 0% (w/w) Solubility Soluble in water, methanol and diethyl ether. Section X. Stability and Reactivity Corrosivity Stability Not available The product is stable. Hazardous Polymerization Will not occur under normal working conditions. Incompatible Substances / Conditions to Avoid Reactive with oxidizing agents, acids and alkalis. Decomposition Products May release COx, smoke and irritating vapours when heated to decomposition. Section XI. Toxicological Information Routes of Entry Acute Lethality Chronic or Other Toxic Effects Chronic or Other Toxic Effects Dermal Route: Inhalation Route: Oral Route: Eye contact and ingestion. LD50: 4700 mg/kg (oral/rat). [Ethylene Glycol] LD50: 9530 mg/kg (dermal/rabbit). [Ethylene Glycol] Slightly hazardous in case of skin contact (irritant). Slightly hazardous in case of inhalation (lung irritant). Can cause nausea, headaches and vomiting. Extremely dangerous in case of ingestion. Eye Irritation/Inflammation: Slightly hazardous in case of eye contact (irritant). Immunotoxicity: Skin Sensitization: Respiratory Tract Sensitization: Mutagenic: Continued on Next Page Not available Not available Not available Not available Available in French ANTIFREEZE Page Number: 3 Reproductive Toxicity: Not available Teratogenicity/Embryotoxicity: Fetotoxic and teratogenic in mice at levels below maternal toxicity. Carcinogenicity (ACGIH): ACGIH A4: not classifiable as a human carcinogen. Carcinogenicity (IARC): Carcinogenicity (NTP):","| Corrosivity Not available |   |
| Stability The product is stable. | Hazardous Will not occur under normal working conditions. Polymerization |
| Incompatible Reactive with oxidizing agents, acids and Substances / alkalis. Conditions to Avoid | Decomposition May release COx, smoke and irritating vapours when Products heated to decomposition. |
**Section XI. Toxicological Information**<br><br>Eye contact and ingestion.  **Routes of Entry**<br><br>LD50: 4700 mg/kg (oral/rat). [Ethylene Glycol] 
LD50: 9530 mg/kg (dermal/rabbit). [Ethylene Glycol] 
**Acute Lethality**<br><br>**Chronic or Other Toxic Effects**
**Chronic or Other Toxic Effects**
Slightly hazardous in case of skin contact (irritant).  Dermal Route: <br><br>Slightly hazardous in case of inhalation (lung irritant). Can cause nausea, headaches and vomiting.  Inhalation Route: <br><br>Extremely dangerous in case of ingestion.  Oral Route: <br><br>Slightly hazardous in case of eye contact (irritant).  Eye Irritation/Inflammation: <br><br>Not available  Immunotoxicity: <br><br>Not available  Skin Sensitization: <br><br>Not available  Respiratory Tract Sensitization: <br><br>Not available  Mutagenic:","LD50: 9530 mg/kg (dermal/rabbit). [Ethylene Glycol] 
**Acute Lethality**<br><br>**Chronic or Other Toxic Effects**
**Chronic or Other Toxic Effects**
Slightly hazardous in case of skin contact (irritant).  Dermal Route: <br><br>Slightly hazardous in case of inhalation (lung irritant). Can cause nausea, headaches and vomiting.  Inhalation Route: <br><br>Extremely dangerous in case of ingestion.  Oral Route: <br><br>Slightly hazardous in case of eye contact (irritant).  Eye Irritation/Inflammation: <br><br>Not available  Immunotoxicity: <br><br>Not available  Skin Sensitization: <br><br>Not available  Respiratory Tract Sensitization: <br><br>Not available  Mutagenic: 
**Continued on Next Page** **Available in French****ANTIFREEZE** **Page Number: 3**<br><br>Not available  Reproductive Toxicity: <br><br>Fetotoxic and teratogenic in mice at levels below maternal toxicity.  Teratogenicity/Embryotoxicity: <br><br>ACGIH A4: not classifiable as a human carcinogen.  Carcinogenicity (ACGIH): <br><br>Not available  Carcinogenicity (IARC): <br><br>Not available  Carcinogenicity (NTP): <br><br>Not available  Carcinogenicity (IRIS): <br><br>Not available  Carcinogenicity (OSHA): <br><br>The substance may be toxic to kidneys and liver. Repeated or prolonged exposure to the substance can produce 
target organs damage. Repeated exposure to a highly toxic material may produce general deterioration of health 
by an accumulation in one or many human organs. <br><br>**Other Considerations**<br><br>|  |  |
|---|---|
|   |   |
| Section XII. Ecological Information |   |","hazardous in case of inhalation (lung irritant). Can cause nausea, headaches and vomiting. Extremely dangerous in case of ingestion. Eye Irritation/Inflammation: Slightly hazardous in case of eye contact (irritant). Immunotoxicity: Skin Sensitization: Respiratory Tract Sensitization: Mutagenic: Continued on Next Page Not available Not available Not available Not available Available in French ANTIFREEZE Page Number: 3 Reproductive Toxicity: Not available Teratogenicity/Embryotoxicity: Fetotoxic and teratogenic in mice at levels below maternal toxicity. Carcinogenicity (ACGIH): ACGIH A4: not classifiable as a human carcinogen. Carcinogenicity (IARC): Carcinogenicity (NTP): Carcinogenicity (IRIS): Carcinogenicity (OSHA): Other Considerations Not available Not available Not available Not available The substance may be toxic to kidneys and liver. Repeated or prolonged exposure to the substance can produce target organs damage. Repeated exposure to a highly toxic material may produce general deterioration of health by an accumulation in one or many human organs. Section XII. Ecological Information Environmental Fate Not available BOD5 and COD Not available Additional Remarks No additional remark. Section XIII. Disposal Considerations Persistance/ Bioaccumulation Potential Products of Biodegradation Not available Not available Waste Disposal Preferred waste management priorities are: (1) recycle or reprocess; (2) incineration with energy recovery; (3) disposal at licensed waste disposal facility. Ensure that disposal or reprocessing is in compliance with government requirements"
23,What are the safety precautions and handling instructions for using the product?,"For normal application, special ventilation is not necessary. If user's operations generate vapours or mist, use ventilation to keep exposure to airborne contaminants below the exposure limit. Make-up air should always be supplied to balance air removed by exhaust ventilation. Ensure that eyewash station and safety shower are close to work-station. Wear appropriate clothing to prevent skin contact. As a minimum long sleeves and trousers should be worn. Eye protection (i.e., safety glasses, safety goggles and/or face shield) should be determined based on conditions of use. If product is used in an application where splashing may occur, the use of safety goggles and/or a face shield should be considered. Wear appropriate chemically protective gloves. When handling hot product ensure gloves are heat resistant and insulated. Wear appropriate footwear to prevent product from coming in contact with feet and skin.","Section VII. Handling and Storage, Section VIII. Exposure Controls/Personal Protection","CO2), smoke and irritating vapours as products of incomplete combustion. SMALL FIRE: Use DRY chemicals, CO2, water spray or foam. LARGE FIRE: Use water spray, fog or foam. DO NOT use water jet. Continued on Next Page Available in French ANTIFREEZE Page Number: 2 Section VI. Accidental Release Measures Material Release or Spill Small spill or leak: Dilute with water and mop up or absorb with an inert DRY material and place in an appropriate waste disposal container. Large spill or leak: Absorb with an inert material and put the spilled material in an appropriate waste disposal. Dispose of in accordance with regional regulations. Section VII. Handling and Storage Handling Storage Avoid contamination with reactive substances. After handling, always wash hands thoroughly with soap and water. Keep container dry. Keep container tightly closed. Keep in a cool, well-ventilated place. Section VIII. Exposure Controls/Personal Protection Engineering Controls For normal application, special ventilation is not necessary. If user's operations generate vapours or mist, use ventilation to keep exposure to airborne contaminants below the exposure limit. Make-up air should always be supplied to balance air removed by exhaust ventilation. Ensure that eyewash station and safety shower are close to work-station. Personal Protection - The selection of personal protective equipment varies, depending upon conditions of use. Eyes Eye protection (i.e., safety glasses, safety goggles and/or face shield) should be determined based on conditions of use. If product is used in an application where","keep exposure to airborne contaminants below the exposure limit. Make-up air should always be supplied to balance air 
removed by exhaust ventilation. Ensure that eyewash station and safety shower are close to work-station. <br><br>**Engineering Controls**<br><br>**Personal Protection - The selection of personal protective equipment varies, depending upon conditions of use.**<br><br>Eye protection (i.e., safety glasses, safety goggles and/or face shield) should be determined based on conditions of use. If 
product is used in an application where splashing may occur, the use of safety goggles and/or a face shield should be 
considered. <br><br>**Eyes**<br><br>Wear appropriate clothing to prevent skin contact. As a minimum long sleeves and trousers should be worn.  **Body**<br><br>Where concentrations in air may exceed the occupational exposure limits given in Section 2 (and those applicable to your 
area) and where engineering, work practices or other means of exposure reduction are not adequate, NIOSH approved 
respirators may be necessary to prevent overexposure by inhalation. <br><br>**Respiratory**<br><br>Wear appropriate chemically protective gloves. When handling hot product ensure gloves are heat resistant and insulated. **Hands**<br><br>Wear appropriate footwear to prevent product from coming in contact with feet and skin.  **Feet**<br><br>| Section IX. Physical and Chemical Properties |  |
|---|---|
| Section IX. Physical and Chemical Properties |   |
| Physical State and Clear viscous liquid. Appearance | Viscosity Not available |","the contaminated skin with running water and non-abrasive soap. Seek medical attention. Evacuate the victim to a safe area as soon as possible. If the victim is not breathing, perform artificial respiration. Allow the victim to rest in a well ventilated area. Seek medical attention. DO NOT induce vomiting because of danger of aspirating liquid into lungs. Seek medical attention. Note to Physician Not available Section V. Fire-fighting Measures Flammability Flash Points Fire Hazards in Presence of Various Substances Products of Combustion Fire Fighting Media and Instructions May be combustible at high temperature. Flammable Limits Lower: 3.2%, Upper: 15.3% Closed Cup: 116ºC (Tagliabue) Open Cup: 116ºC (Cleveland) Auto-Ignition Temperature 413ºC Combustible in presence of open flames and sparks. Explosion Hazards in Presence of Various Substances Not a product presenting risks of explosion. Carbon oxides (CO, CO2), smoke and irritating vapours as products of incomplete combustion. SMALL FIRE: Use DRY chemicals, CO2, water spray or foam. LARGE FIRE: Use water spray, fog or foam. DO NOT use water jet. Continued on Next Page Available in French ANTIFREEZE Page Number: 2 Section VI. Accidental Release Measures Material Release or Spill Small spill or leak: Dilute with water and mop up or absorb with an inert DRY material and place in an appropriate waste disposal container. Large spill or leak: Absorb with an inert material and put the spilled material in an appropriate waste disposal. Dispose of in accordance with regional regulations. Section VII. Handling and Storage Handling","Protection Engineering Controls For normal application, special ventilation is not necessary. If user's operations generate vapours or mist, use ventilation to keep exposure to airborne contaminants below the exposure limit. Make-up air should always be supplied to balance air removed by exhaust ventilation. Ensure that eyewash station and safety shower are close to work-station. Personal Protection - The selection of personal protective equipment varies, depending upon conditions of use. Eyes Eye protection (i.e., safety glasses, safety goggles and/or face shield) should be determined based on conditions of use. If product is used in an application where splashing may occur, the use of safety goggles and/or a face shield should be considered. Body Wear appropriate clothing to prevent skin contact. As a minimum long sleeves and trousers should be worn. Respiratory Where concentrations in air may exceed the occupational exposure limits given in Section 2 (and those applicable to your area) and where engineering, work practices or other means of exposure reduction are not adequate, NIOSH approved respirators may be necessary to prevent overexposure by inhalation. Hands Wear appropriate chemically protective gloves. When handling hot product ensure gloves are heat resistant and insulated. Feet Wear appropriate footwear to prevent product from coming in contact with feet and skin. Section IX. Physical and Chemical Properties Clear viscous liquid. Viscosity Not available Physical State and Appearance Colour Odour Green. Odourless. Odour Threshold Not available Pour Point Not"
24,What are the potential hazards associated with the product?,"Contact can cause slight irritation of skin, eyes, and respiratory tract. Extremely dangerous in case of ingestion. May be combustible at high temperature. May release COx, smoke, and irritating vapors when heated to decomposition.","Section III. Hazards Identification, Section V. Fire-fighting Measures, Section XI. Toxicological Information","Ionicity (in water) Not available Vapour Pressure 0.06 mmHg @ 20°C (68ºF). Dispersion Properties Not available Volatility 0% (w/w) Solubility Soluble in water, methanol and diethyl ether. Section X. Stability and Reactivity Corrosivity Stability Not available The product is stable. Hazardous Polymerization Will not occur under normal working conditions. Incompatible Substances / Conditions to Avoid Reactive with oxidizing agents, acids and alkalis. Decomposition Products May release COx, smoke and irritating vapours when heated to decomposition. Section XI. Toxicological Information Routes of Entry Acute Lethality Chronic or Other Toxic Effects Chronic or Other Toxic Effects Dermal Route: Inhalation Route: Oral Route: Eye contact and ingestion. LD50: 4700 mg/kg (oral/rat). [Ethylene Glycol] LD50: 9530 mg/kg (dermal/rabbit). [Ethylene Glycol] Slightly hazardous in case of skin contact (irritant). Slightly hazardous in case of inhalation (lung irritant). Can cause nausea, headaches and vomiting. Extremely dangerous in case of ingestion. Eye Irritation/Inflammation: Slightly hazardous in case of eye contact (irritant). Immunotoxicity: Skin Sensitization: Respiratory Tract Sensitization: Mutagenic: Continued on Next Page Not available Not available Not available Not available Available in French ANTIFREEZE Page Number: 3 Reproductive Toxicity: Not available Teratogenicity/Embryotoxicity: Fetotoxic and teratogenic in mice at levels below maternal toxicity. Carcinogenicity (ACGIH): ACGIH A4: not classifiable as a human carcinogen. Carcinogenicity (IARC): Carcinogenicity (NTP):","<br><br>**Section III. Hazards Identification.**<br><br>Contact can cause slight irritation of skin, eyes and respiratory tract. Extremely dangerous in case of ingestion. For more 
information, refer to Section 11. 
**Potential Health**
**Effects****Section IV. First Aid Measures**<br><br>IMMEDIATELY flush eyes with running water for at least 15 minutes, keeping eyelids open. Seek medical attention.  **Eye Contact**<br><br>Remove contaminated clothing - launder before reuse. Wash gently and thoroughly the contaminated skin with running water 
and non-abrasive soap. Seek medical attention. 
**Skin Contact**<br><br>Evacuate the victim to a safe area as soon as possible. If the victim is not breathing, perform artificial respiration. Allow the 
victim to rest in a well ventilated area. Seek medical attention. 
**Inhalation**<br><br>DO NOT induce vomiting because of danger of aspirating liquid into lungs. Seek medical attention.  **Ingestion**<br><br>Not available  **Note to Physician**<br><br>| Section V. Fire-fighting Measures |  |
|---|---|
| Section V. Fire-fighting Measures |   |
| Flammability May be combustible at high temperature. | Flammable Limits Lower: 3.2%, Upper: 15.3% |
| Flash Points Closed Cup: 116ºC (Tagliabue) Open Cup: 116ºC (Cleveland) | Auto-Ignition 413ºC Temperature |
| Fire Hazards in Combustible in presence of open flames and Presence of sparks. Various Substances | Explosion Hazards Not a product presenting risks of explosion. in Presence of Various Substances |","| Corrosivity Not available |   |
| Stability The product is stable. | Hazardous Will not occur under normal working conditions. Polymerization |
| Incompatible Reactive with oxidizing agents, acids and Substances / alkalis. Conditions to Avoid | Decomposition May release COx, smoke and irritating vapours when Products heated to decomposition. |
**Section XI. Toxicological Information**<br><br>Eye contact and ingestion.  **Routes of Entry**<br><br>LD50: 4700 mg/kg (oral/rat). [Ethylene Glycol] 
LD50: 9530 mg/kg (dermal/rabbit). [Ethylene Glycol] 
**Acute Lethality**<br><br>**Chronic or Other Toxic Effects**
**Chronic or Other Toxic Effects**
Slightly hazardous in case of skin contact (irritant).  Dermal Route: <br><br>Slightly hazardous in case of inhalation (lung irritant). Can cause nausea, headaches and vomiting.  Inhalation Route: <br><br>Extremely dangerous in case of ingestion.  Oral Route: <br><br>Slightly hazardous in case of eye contact (irritant).  Eye Irritation/Inflammation: <br><br>Not available  Immunotoxicity: <br><br>Not available  Skin Sensitization: <br><br>Not available  Respiratory Tract Sensitization: <br><br>Not available  Mutagenic:","r e c t o r y f o r emergency number(s). Exposure Limits (ACGIH) Name CAS # % (V/V) TLV-TWA(8 h) STEL CEILING 1) Ethylene glycol 107-21-1 >55 Not established Not established 2) Sodium tetraborate pentahydrate 1330-43-4 <5 1 mg/m³ Not established 100 mg/m³ (aerosol) Not established Manufacturer Recommendation Not applicable Other Exposure Limits Consult local, state, provincial or territory authorities for acceptable exposure limits. Section III. Hazards Identification. Potential Health Effects Contact can cause slight irritation of skin, eyes and respiratory tract. Extremely dangerous in case of ingestion. For more information, refer to Section 11. Section IV. First Aid Measures Eye Contact Skin Contact Inhalation Ingestion IMMEDIATELY flush eyes with running water for at least 15 minutes, keeping eyelids open. Seek medical attention. Remove contaminated clothing - launder before reuse. Wash gently and thoroughly the contaminated skin with running water and non-abrasive soap. Seek medical attention. Evacuate the victim to a safe area as soon as possible. If the victim is not breathing, perform artificial respiration. Allow the victim to rest in a well ventilated area. Seek medical attention. DO NOT induce vomiting because of danger of aspirating liquid into lungs. Seek medical attention. Note to Physician Not available Section V. Fire-fighting Measures Flammability Flash Points Fire Hazards in Presence of Various Substances Products of Combustion Fire Fighting Media and Instructions May be combustible at high temperature. Flammable Limits Lower: 3.2%, Upper: 15.3% Closed"
25,What are the specific health effects or risks associated with exposure to the product?,"The specific health effects or risks associated with exposure to the product include: skin irritation, slightly hazardous in case of skin contact (irritant); eye irritation, slightly hazardous in case of eye contact (irritant); inhalation hazard, slightly hazardous in case of inhalation (lung irritant) and can cause nausea, headaches, and vomiting; ingestion hazard, extremely dangerous in case of ingestion and may be toxic to kidneys and liver; fetotoxic and teratogenic effects at levels below maternal toxicity.","Section XI. Toxicological Information, Section III. Hazards Identification, Section IV. First Aid Measures","Ionicity (in water) Not available Vapour Pressure 0.06 mmHg @ 20°C (68ºF). Dispersion Properties Not available Volatility 0% (w/w) Solubility Soluble in water, methanol and diethyl ether. Section X. Stability and Reactivity Corrosivity Stability Not available The product is stable. Hazardous Polymerization Will not occur under normal working conditions. Incompatible Substances / Conditions to Avoid Reactive with oxidizing agents, acids and alkalis. Decomposition Products May release COx, smoke and irritating vapours when heated to decomposition. Section XI. Toxicological Information Routes of Entry Acute Lethality Chronic or Other Toxic Effects Chronic or Other Toxic Effects Dermal Route: Inhalation Route: Oral Route: Eye contact and ingestion. LD50: 4700 mg/kg (oral/rat). [Ethylene Glycol] LD50: 9530 mg/kg (dermal/rabbit). [Ethylene Glycol] Slightly hazardous in case of skin contact (irritant). Slightly hazardous in case of inhalation (lung irritant). Can cause nausea, headaches and vomiting. Extremely dangerous in case of ingestion. Eye Irritation/Inflammation: Slightly hazardous in case of eye contact (irritant). Immunotoxicity: Skin Sensitization: Respiratory Tract Sensitization: Mutagenic: Continued on Next Page Not available Not available Not available Not available Available in French ANTIFREEZE Page Number: 3 Reproductive Toxicity: Not available Teratogenicity/Embryotoxicity: Fetotoxic and teratogenic in mice at levels below maternal toxicity. Carcinogenicity (ACGIH): ACGIH A4: not classifiable as a human carcinogen. Carcinogenicity (IARC): Carcinogenicity (NTP):","| Corrosivity Not available |   |
| Stability The product is stable. | Hazardous Will not occur under normal working conditions. Polymerization |
| Incompatible Reactive with oxidizing agents, acids and Substances / alkalis. Conditions to Avoid | Decomposition May release COx, smoke and irritating vapours when Products heated to decomposition. |
**Section XI. Toxicological Information**<br><br>Eye contact and ingestion.  **Routes of Entry**<br><br>LD50: 4700 mg/kg (oral/rat). [Ethylene Glycol] 
LD50: 9530 mg/kg (dermal/rabbit). [Ethylene Glycol] 
**Acute Lethality**<br><br>**Chronic or Other Toxic Effects**
**Chronic or Other Toxic Effects**
Slightly hazardous in case of skin contact (irritant).  Dermal Route: <br><br>Slightly hazardous in case of inhalation (lung irritant). Can cause nausea, headaches and vomiting.  Inhalation Route: <br><br>Extremely dangerous in case of ingestion.  Oral Route: <br><br>Slightly hazardous in case of eye contact (irritant).  Eye Irritation/Inflammation: <br><br>Not available  Immunotoxicity: <br><br>Not available  Skin Sensitization: <br><br>Not available  Respiratory Tract Sensitization: <br><br>Not available  Mutagenic:","<br><br>**Section III. Hazards Identification.**<br><br>Contact can cause slight irritation of skin, eyes and respiratory tract. Extremely dangerous in case of ingestion. For more 
information, refer to Section 11. 
**Potential Health**
**Effects****Section IV. First Aid Measures**<br><br>IMMEDIATELY flush eyes with running water for at least 15 minutes, keeping eyelids open. Seek medical attention.  **Eye Contact**<br><br>Remove contaminated clothing - launder before reuse. Wash gently and thoroughly the contaminated skin with running water 
and non-abrasive soap. Seek medical attention. 
**Skin Contact**<br><br>Evacuate the victim to a safe area as soon as possible. If the victim is not breathing, perform artificial respiration. Allow the 
victim to rest in a well ventilated area. Seek medical attention. 
**Inhalation**<br><br>DO NOT induce vomiting because of danger of aspirating liquid into lungs. Seek medical attention.  **Ingestion**<br><br>Not available  **Note to Physician**<br><br>| Section V. Fire-fighting Measures |  |
|---|---|
| Section V. Fire-fighting Measures |   |
| Flammability May be combustible at high temperature. | Flammable Limits Lower: 3.2%, Upper: 15.3% |
| Flash Points Closed Cup: 116ºC (Tagliabue) Open Cup: 116ºC (Cleveland) | Auto-Ignition 413ºC Temperature |
| Fire Hazards in Combustible in presence of open flames and Presence of sparks. Various Substances | Explosion Hazards Not a product presenting risks of explosion. in Presence of Various Substances |","LD50: 9530 mg/kg (dermal/rabbit). [Ethylene Glycol] 
**Acute Lethality**<br><br>**Chronic or Other Toxic Effects**
**Chronic or Other Toxic Effects**
Slightly hazardous in case of skin contact (irritant).  Dermal Route: <br><br>Slightly hazardous in case of inhalation (lung irritant). Can cause nausea, headaches and vomiting.  Inhalation Route: <br><br>Extremely dangerous in case of ingestion.  Oral Route: <br><br>Slightly hazardous in case of eye contact (irritant).  Eye Irritation/Inflammation: <br><br>Not available  Immunotoxicity: <br><br>Not available  Skin Sensitization: <br><br>Not available  Respiratory Tract Sensitization: <br><br>Not available  Mutagenic: 
**Continued on Next Page** **Available in French****ANTIFREEZE** **Page Number: 3**<br><br>Not available  Reproductive Toxicity: <br><br>Fetotoxic and teratogenic in mice at levels below maternal toxicity.  Teratogenicity/Embryotoxicity: <br><br>ACGIH A4: not classifiable as a human carcinogen.  Carcinogenicity (ACGIH): <br><br>Not available  Carcinogenicity (IARC): <br><br>Not available  Carcinogenicity (NTP): <br><br>Not available  Carcinogenicity (IRIS): <br><br>Not available  Carcinogenicity (OSHA): <br><br>The substance may be toxic to kidneys and liver. Repeated or prolonged exposure to the substance can produce 
target organs damage. Repeated exposure to a highly toxic material may produce general deterioration of health 
by an accumulation in one or many human organs. <br><br>**Other Considerations**<br><br>|  |  |
|---|---|
|   |   |
| Section XII. Ecological Information |   |"
26,What are the emergency procedures in case of inhalation of the product?,"Immediately flush the area with running water for at least 15 minutes, keeping eyelids open. Seek medical attention. Evacuate the victim to a safe area as soon as possible. If the victim is not breathing, perform artificial respiration. Allow the victim to rest in a well ventilated area. Seek medical attention. DO NOT induce vomiting because of danger of aspirating liquid into lungs. Seek medical attention.",Section IV. First Aid Measures,"the contaminated skin with running water and non-abrasive soap. Seek medical attention. Evacuate the victim to a safe area as soon as possible. If the victim is not breathing, perform artificial respiration. Allow the victim to rest in a well ventilated area. Seek medical attention. DO NOT induce vomiting because of danger of aspirating liquid into lungs. Seek medical attention. Note to Physician Not available Section V. Fire-fighting Measures Flammability Flash Points Fire Hazards in Presence of Various Substances Products of Combustion Fire Fighting Media and Instructions May be combustible at high temperature. Flammable Limits Lower: 3.2%, Upper: 15.3% Closed Cup: 116ºC (Tagliabue) Open Cup: 116ºC (Cleveland) Auto-Ignition Temperature 413ºC Combustible in presence of open flames and sparks. Explosion Hazards in Presence of Various Substances Not a product presenting risks of explosion. Carbon oxides (CO, CO2), smoke and irritating vapours as products of incomplete combustion. SMALL FIRE: Use DRY chemicals, CO2, water spray or foam. LARGE FIRE: Use water spray, fog or foam. DO NOT use water jet. Continued on Next Page Available in French ANTIFREEZE Page Number: 2 Section VI. Accidental Release Measures Material Release or Spill Small spill or leak: Dilute with water and mop up or absorb with an inert DRY material and place in an appropriate waste disposal container. Large spill or leak: Absorb with an inert material and put the spilled material in an appropriate waste disposal. Dispose of in accordance with regional regulations. Section VII. Handling and Storage Handling","r e c t o r y f o r emergency number(s). Exposure Limits (ACGIH) Name CAS # % (V/V) TLV-TWA(8 h) STEL CEILING 1) Ethylene glycol 107-21-1 >55 Not established Not established 2) Sodium tetraborate pentahydrate 1330-43-4 <5 1 mg/m³ Not established 100 mg/m³ (aerosol) Not established Manufacturer Recommendation Not applicable Other Exposure Limits Consult local, state, provincial or territory authorities for acceptable exposure limits. Section III. Hazards Identification. Potential Health Effects Contact can cause slight irritation of skin, eyes and respiratory tract. Extremely dangerous in case of ingestion. For more information, refer to Section 11. Section IV. First Aid Measures Eye Contact Skin Contact Inhalation Ingestion IMMEDIATELY flush eyes with running water for at least 15 minutes, keeping eyelids open. Seek medical attention. Remove contaminated clothing - launder before reuse. Wash gently and thoroughly the contaminated skin with running water and non-abrasive soap. Seek medical attention. Evacuate the victim to a safe area as soon as possible. If the victim is not breathing, perform artificial respiration. Allow the victim to rest in a well ventilated area. Seek medical attention. DO NOT induce vomiting because of danger of aspirating liquid into lungs. Seek medical attention. Note to Physician Not available Section V. Fire-fighting Measures Flammability Flash Points Fire Hazards in Presence of Various Substances Products of Combustion Fire Fighting Media and Instructions May be combustible at high temperature. Flammable Limits Lower: 3.2%, Upper: 15.3% Closed","CO2), smoke and irritating vapours as products of incomplete combustion. SMALL FIRE: Use DRY chemicals, CO2, water spray or foam. LARGE FIRE: Use water spray, fog or foam. DO NOT use water jet. Continued on Next Page Available in French ANTIFREEZE Page Number: 2 Section VI. Accidental Release Measures Material Release or Spill Small spill or leak: Dilute with water and mop up or absorb with an inert DRY material and place in an appropriate waste disposal container. Large spill or leak: Absorb with an inert material and put the spilled material in an appropriate waste disposal. Dispose of in accordance with regional regulations. Section VII. Handling and Storage Handling Storage Avoid contamination with reactive substances. After handling, always wash hands thoroughly with soap and water. Keep container dry. Keep container tightly closed. Keep in a cool, well-ventilated place. Section VIII. Exposure Controls/Personal Protection Engineering Controls For normal application, special ventilation is not necessary. If user's operations generate vapours or mist, use ventilation to keep exposure to airborne contaminants below the exposure limit. Make-up air should always be supplied to balance air removed by exhaust ventilation. Ensure that eyewash station and safety shower are close to work-station. Personal Protection - The selection of personal protective equipment varies, depending upon conditions of use. Eyes Eye protection (i.e., safety glasses, safety goggles and/or face shield) should be determined based on conditions of use. If product is used in an application where","<br><br>**Section III. Hazards Identification.**<br><br>Contact can cause slight irritation of skin, eyes and respiratory tract. Extremely dangerous in case of ingestion. For more 
information, refer to Section 11. 
**Potential Health**
**Effects****Section IV. First Aid Measures**<br><br>IMMEDIATELY flush eyes with running water for at least 15 minutes, keeping eyelids open. Seek medical attention.  **Eye Contact**<br><br>Remove contaminated clothing - launder before reuse. Wash gently and thoroughly the contaminated skin with running water 
and non-abrasive soap. Seek medical attention. 
**Skin Contact**<br><br>Evacuate the victim to a safe area as soon as possible. If the victim is not breathing, perform artificial respiration. Allow the 
victim to rest in a well ventilated area. Seek medical attention. 
**Inhalation**<br><br>DO NOT induce vomiting because of danger of aspirating liquid into lungs. Seek medical attention.  **Ingestion**<br><br>Not available  **Note to Physician**<br><br>| Section V. Fire-fighting Measures |  |
|---|---|
| Section V. Fire-fighting Measures |   |
| Flammability May be combustible at high temperature. | Flammable Limits Lower: 3.2%, Upper: 15.3% |
| Flash Points Closed Cup: 116ºC (Tagliabue) Open Cup: 116ºC (Cleveland) | Auto-Ignition 413ºC Temperature |
| Fire Hazards in Combustible in presence of open flames and Presence of sparks. Various Substances | Explosion Hazards Not a product presenting risks of explosion. in Presence of Various Substances |"
27,What are the emergency procedures in case of skin contact with the product?,Remove contaminated clothing - launder before reuse. Wash gently and thoroughly the contaminated skin with running water and non-abrasive soap. Seek medical attention. Evacuate the victim to a safe area as soon as possible.,Section IV. First Aid Measures,"<br><br>**Section III. Hazards Identification.**<br><br>Contact can cause slight irritation of skin, eyes and respiratory tract. Extremely dangerous in case of ingestion. For more 
information, refer to Section 11. 
**Potential Health**
**Effects****Section IV. First Aid Measures**<br><br>IMMEDIATELY flush eyes with running water for at least 15 minutes, keeping eyelids open. Seek medical attention.  **Eye Contact**<br><br>Remove contaminated clothing - launder before reuse. Wash gently and thoroughly the contaminated skin with running water 
and non-abrasive soap. Seek medical attention. 
**Skin Contact**<br><br>Evacuate the victim to a safe area as soon as possible. If the victim is not breathing, perform artificial respiration. Allow the 
victim to rest in a well ventilated area. Seek medical attention. 
**Inhalation**<br><br>DO NOT induce vomiting because of danger of aspirating liquid into lungs. Seek medical attention.  **Ingestion**<br><br>Not available  **Note to Physician**<br><br>| Section V. Fire-fighting Measures |  |
|---|---|
| Section V. Fire-fighting Measures |   |
| Flammability May be combustible at high temperature. | Flammable Limits Lower: 3.2%, Upper: 15.3% |
| Flash Points Closed Cup: 116ºC (Tagliabue) Open Cup: 116ºC (Cleveland) | Auto-Ignition 413ºC Temperature |
| Fire Hazards in Combustible in presence of open flames and Presence of sparks. Various Substances | Explosion Hazards Not a product presenting risks of explosion. in Presence of Various Substances |","the contaminated skin with running water and non-abrasive soap. Seek medical attention. Evacuate the victim to a safe area as soon as possible. If the victim is not breathing, perform artificial respiration. Allow the victim to rest in a well ventilated area. Seek medical attention. DO NOT induce vomiting because of danger of aspirating liquid into lungs. Seek medical attention. Note to Physician Not available Section V. Fire-fighting Measures Flammability Flash Points Fire Hazards in Presence of Various Substances Products of Combustion Fire Fighting Media and Instructions May be combustible at high temperature. Flammable Limits Lower: 3.2%, Upper: 15.3% Closed Cup: 116ºC (Tagliabue) Open Cup: 116ºC (Cleveland) Auto-Ignition Temperature 413ºC Combustible in presence of open flames and sparks. Explosion Hazards in Presence of Various Substances Not a product presenting risks of explosion. Carbon oxides (CO, CO2), smoke and irritating vapours as products of incomplete combustion. SMALL FIRE: Use DRY chemicals, CO2, water spray or foam. LARGE FIRE: Use water spray, fog or foam. DO NOT use water jet. Continued on Next Page Available in French ANTIFREEZE Page Number: 2 Section VI. Accidental Release Measures Material Release or Spill Small spill or leak: Dilute with water and mop up or absorb with an inert DRY material and place in an appropriate waste disposal container. Large spill or leak: Absorb with an inert material and put the spilled material in an appropriate waste disposal. Dispose of in accordance with regional regulations. Section VII. Handling and Storage Handling","r e c t o r y f o r emergency number(s). Exposure Limits (ACGIH) Name CAS # % (V/V) TLV-TWA(8 h) STEL CEILING 1) Ethylene glycol 107-21-1 >55 Not established Not established 2) Sodium tetraborate pentahydrate 1330-43-4 <5 1 mg/m³ Not established 100 mg/m³ (aerosol) Not established Manufacturer Recommendation Not applicable Other Exposure Limits Consult local, state, provincial or territory authorities for acceptable exposure limits. Section III. Hazards Identification. Potential Health Effects Contact can cause slight irritation of skin, eyes and respiratory tract. Extremely dangerous in case of ingestion. For more information, refer to Section 11. Section IV. First Aid Measures Eye Contact Skin Contact Inhalation Ingestion IMMEDIATELY flush eyes with running water for at least 15 minutes, keeping eyelids open. Seek medical attention. Remove contaminated clothing - launder before reuse. Wash gently and thoroughly the contaminated skin with running water and non-abrasive soap. Seek medical attention. Evacuate the victim to a safe area as soon as possible. If the victim is not breathing, perform artificial respiration. Allow the victim to rest in a well ventilated area. Seek medical attention. DO NOT induce vomiting because of danger of aspirating liquid into lungs. Seek medical attention. Note to Physician Not available Section V. Fire-fighting Measures Flammability Flash Points Fire Hazards in Presence of Various Substances Products of Combustion Fire Fighting Media and Instructions May be combustible at high temperature. Flammable Limits Lower: 3.2%, Upper: 15.3% Closed","keep exposure to airborne contaminants below the exposure limit. Make-up air should always be supplied to balance air 
removed by exhaust ventilation. Ensure that eyewash station and safety shower are close to work-station. <br><br>**Engineering Controls**<br><br>**Personal Protection - The selection of personal protective equipment varies, depending upon conditions of use.**<br><br>Eye protection (i.e., safety glasses, safety goggles and/or face shield) should be determined based on conditions of use. If 
product is used in an application where splashing may occur, the use of safety goggles and/or a face shield should be 
considered. <br><br>**Eyes**<br><br>Wear appropriate clothing to prevent skin contact. As a minimum long sleeves and trousers should be worn.  **Body**<br><br>Where concentrations in air may exceed the occupational exposure limits given in Section 2 (and those applicable to your 
area) and where engineering, work practices or other means of exposure reduction are not adequate, NIOSH approved 
respirators may be necessary to prevent overexposure by inhalation. <br><br>**Respiratory**<br><br>Wear appropriate chemically protective gloves. When handling hot product ensure gloves are heat resistant and insulated. **Hands**<br><br>Wear appropriate footwear to prevent product from coming in contact with feet and skin.  **Feet**<br><br>| Section IX. Physical and Chemical Properties |  |
|---|---|
| Section IX. Physical and Chemical Properties |   |
| Physical State and Clear viscous liquid. Appearance | Viscosity Not available |"
28,What are the emergency procedures in case of eye contact with the product?,"IMMEDIATELY flush eyes with running water for at least 15 minutes, keeping eyelids open. Seek medical attention.","Section IV. First Aid Measures, Eye Contact","<br><br>**Section III. Hazards Identification.**<br><br>Contact can cause slight irritation of skin, eyes and respiratory tract. Extremely dangerous in case of ingestion. For more 
information, refer to Section 11. 
**Potential Health**
**Effects****Section IV. First Aid Measures**<br><br>IMMEDIATELY flush eyes with running water for at least 15 minutes, keeping eyelids open. Seek medical attention.  **Eye Contact**<br><br>Remove contaminated clothing - launder before reuse. Wash gently and thoroughly the contaminated skin with running water 
and non-abrasive soap. Seek medical attention. 
**Skin Contact**<br><br>Evacuate the victim to a safe area as soon as possible. If the victim is not breathing, perform artificial respiration. Allow the 
victim to rest in a well ventilated area. Seek medical attention. 
**Inhalation**<br><br>DO NOT induce vomiting because of danger of aspirating liquid into lungs. Seek medical attention.  **Ingestion**<br><br>Not available  **Note to Physician**<br><br>| Section V. Fire-fighting Measures |  |
|---|---|
| Section V. Fire-fighting Measures |   |
| Flammability May be combustible at high temperature. | Flammable Limits Lower: 3.2%, Upper: 15.3% |
| Flash Points Closed Cup: 116ºC (Tagliabue) Open Cup: 116ºC (Cleveland) | Auto-Ignition 413ºC Temperature |
| Fire Hazards in Combustible in presence of open flames and Presence of sparks. Various Substances | Explosion Hazards Not a product presenting risks of explosion. in Presence of Various Substances |","r e c t o r y f o r emergency number(s). Exposure Limits (ACGIH) Name CAS # % (V/V) TLV-TWA(8 h) STEL CEILING 1) Ethylene glycol 107-21-1 >55 Not established Not established 2) Sodium tetraborate pentahydrate 1330-43-4 <5 1 mg/m³ Not established 100 mg/m³ (aerosol) Not established Manufacturer Recommendation Not applicable Other Exposure Limits Consult local, state, provincial or territory authorities for acceptable exposure limits. Section III. Hazards Identification. Potential Health Effects Contact can cause slight irritation of skin, eyes and respiratory tract. Extremely dangerous in case of ingestion. For more information, refer to Section 11. Section IV. First Aid Measures Eye Contact Skin Contact Inhalation Ingestion IMMEDIATELY flush eyes with running water for at least 15 minutes, keeping eyelids open. Seek medical attention. Remove contaminated clothing - launder before reuse. Wash gently and thoroughly the contaminated skin with running water and non-abrasive soap. Seek medical attention. Evacuate the victim to a safe area as soon as possible. If the victim is not breathing, perform artificial respiration. Allow the victim to rest in a well ventilated area. Seek medical attention. DO NOT induce vomiting because of danger of aspirating liquid into lungs. Seek medical attention. Note to Physician Not available Section V. Fire-fighting Measures Flammability Flash Points Fire Hazards in Presence of Various Substances Products of Combustion Fire Fighting Media and Instructions May be combustible at high temperature. Flammable Limits Lower: 3.2%, Upper: 15.3% Closed","the contaminated skin with running water and non-abrasive soap. Seek medical attention. Evacuate the victim to a safe area as soon as possible. If the victim is not breathing, perform artificial respiration. Allow the victim to rest in a well ventilated area. Seek medical attention. DO NOT induce vomiting because of danger of aspirating liquid into lungs. Seek medical attention. Note to Physician Not available Section V. Fire-fighting Measures Flammability Flash Points Fire Hazards in Presence of Various Substances Products of Combustion Fire Fighting Media and Instructions May be combustible at high temperature. Flammable Limits Lower: 3.2%, Upper: 15.3% Closed Cup: 116ºC (Tagliabue) Open Cup: 116ºC (Cleveland) Auto-Ignition Temperature 413ºC Combustible in presence of open flames and sparks. Explosion Hazards in Presence of Various Substances Not a product presenting risks of explosion. Carbon oxides (CO, CO2), smoke and irritating vapours as products of incomplete combustion. SMALL FIRE: Use DRY chemicals, CO2, water spray or foam. LARGE FIRE: Use water spray, fog or foam. DO NOT use water jet. Continued on Next Page Available in French ANTIFREEZE Page Number: 2 Section VI. Accidental Release Measures Material Release or Spill Small spill or leak: Dilute with water and mop up or absorb with an inert DRY material and place in an appropriate waste disposal container. Large spill or leak: Absorb with an inert material and put the spilled material in an appropriate waste disposal. Dispose of in accordance with regional regulations. Section VII. Handling and Storage Handling","keep exposure to airborne contaminants below the exposure limit. Make-up air should always be supplied to balance air 
removed by exhaust ventilation. Ensure that eyewash station and safety shower are close to work-station. <br><br>**Engineering Controls**<br><br>**Personal Protection - The selection of personal protective equipment varies, depending upon conditions of use.**<br><br>Eye protection (i.e., safety glasses, safety goggles and/or face shield) should be determined based on conditions of use. If 
product is used in an application where splashing may occur, the use of safety goggles and/or a face shield should be 
considered. <br><br>**Eyes**<br><br>Wear appropriate clothing to prevent skin contact. As a minimum long sleeves and trousers should be worn.  **Body**<br><br>Where concentrations in air may exceed the occupational exposure limits given in Section 2 (and those applicable to your 
area) and where engineering, work practices or other means of exposure reduction are not adequate, NIOSH approved 
respirators may be necessary to prevent overexposure by inhalation. <br><br>**Respiratory**<br><br>Wear appropriate chemically protective gloves. When handling hot product ensure gloves are heat resistant and insulated. **Hands**<br><br>Wear appropriate footwear to prevent product from coming in contact with feet and skin.  **Feet**<br><br>| Section IX. Physical and Chemical Properties |  |
|---|---|
| Section IX. Physical and Chemical Properties |   |
| Physical State and Clear viscous liquid. Appearance | Viscosity Not available |"
29,What are the emergency procedures in case of ingestion of the product?,"Immediately seek medical attention, do not induce vomiting because of danger of aspirating liquid into lungs.",Section IV. First Aid Measures,"the contaminated skin with running water and non-abrasive soap. Seek medical attention. Evacuate the victim to a safe area as soon as possible. If the victim is not breathing, perform artificial respiration. Allow the victim to rest in a well ventilated area. Seek medical attention. DO NOT induce vomiting because of danger of aspirating liquid into lungs. Seek medical attention. Note to Physician Not available Section V. Fire-fighting Measures Flammability Flash Points Fire Hazards in Presence of Various Substances Products of Combustion Fire Fighting Media and Instructions May be combustible at high temperature. Flammable Limits Lower: 3.2%, Upper: 15.3% Closed Cup: 116ºC (Tagliabue) Open Cup: 116ºC (Cleveland) Auto-Ignition Temperature 413ºC Combustible in presence of open flames and sparks. Explosion Hazards in Presence of Various Substances Not a product presenting risks of explosion. Carbon oxides (CO, CO2), smoke and irritating vapours as products of incomplete combustion. SMALL FIRE: Use DRY chemicals, CO2, water spray or foam. LARGE FIRE: Use water spray, fog or foam. DO NOT use water jet. Continued on Next Page Available in French ANTIFREEZE Page Number: 2 Section VI. Accidental Release Measures Material Release or Spill Small spill or leak: Dilute with water and mop up or absorb with an inert DRY material and place in an appropriate waste disposal container. Large spill or leak: Absorb with an inert material and put the spilled material in an appropriate waste disposal. Dispose of in accordance with regional regulations. Section VII. Handling and Storage Handling","r e c t o r y f o r emergency number(s). Exposure Limits (ACGIH) Name CAS # % (V/V) TLV-TWA(8 h) STEL CEILING 1) Ethylene glycol 107-21-1 >55 Not established Not established 2) Sodium tetraborate pentahydrate 1330-43-4 <5 1 mg/m³ Not established 100 mg/m³ (aerosol) Not established Manufacturer Recommendation Not applicable Other Exposure Limits Consult local, state, provincial or territory authorities for acceptable exposure limits. Section III. Hazards Identification. Potential Health Effects Contact can cause slight irritation of skin, eyes and respiratory tract. Extremely dangerous in case of ingestion. For more information, refer to Section 11. Section IV. First Aid Measures Eye Contact Skin Contact Inhalation Ingestion IMMEDIATELY flush eyes with running water for at least 15 minutes, keeping eyelids open. Seek medical attention. Remove contaminated clothing - launder before reuse. Wash gently and thoroughly the contaminated skin with running water and non-abrasive soap. Seek medical attention. Evacuate the victim to a safe area as soon as possible. If the victim is not breathing, perform artificial respiration. Allow the victim to rest in a well ventilated area. Seek medical attention. DO NOT induce vomiting because of danger of aspirating liquid into lungs. Seek medical attention. Note to Physician Not available Section V. Fire-fighting Measures Flammability Flash Points Fire Hazards in Presence of Various Substances Products of Combustion Fire Fighting Media and Instructions May be combustible at high temperature. Flammable Limits Lower: 3.2%, Upper: 15.3% Closed","<br><br>**Section III. Hazards Identification.**<br><br>Contact can cause slight irritation of skin, eyes and respiratory tract. Extremely dangerous in case of ingestion. For more 
information, refer to Section 11. 
**Potential Health**
**Effects****Section IV. First Aid Measures**<br><br>IMMEDIATELY flush eyes with running water for at least 15 minutes, keeping eyelids open. Seek medical attention.  **Eye Contact**<br><br>Remove contaminated clothing - launder before reuse. Wash gently and thoroughly the contaminated skin with running water 
and non-abrasive soap. Seek medical attention. 
**Skin Contact**<br><br>Evacuate the victim to a safe area as soon as possible. If the victim is not breathing, perform artificial respiration. Allow the 
victim to rest in a well ventilated area. Seek medical attention. 
**Inhalation**<br><br>DO NOT induce vomiting because of danger of aspirating liquid into lungs. Seek medical attention.  **Ingestion**<br><br>Not available  **Note to Physician**<br><br>| Section V. Fire-fighting Measures |  |
|---|---|
| Section V. Fire-fighting Measures |   |
| Flammability May be combustible at high temperature. | Flammable Limits Lower: 3.2%, Upper: 15.3% |
| Flash Points Closed Cup: 116ºC (Tagliabue) Open Cup: 116ºC (Cleveland) | Auto-Ignition 413ºC Temperature |
| Fire Hazards in Combustible in presence of open flames and Presence of sparks. Various Substances | Explosion Hazards Not a product presenting risks of explosion. in Presence of Various Substances |","Ionicity (in water) Not available Vapour Pressure 0.06 mmHg @ 20°C (68ºF). Dispersion Properties Not available Volatility 0% (w/w) Solubility Soluble in water, methanol and diethyl ether. Section X. Stability and Reactivity Corrosivity Stability Not available The product is stable. Hazardous Polymerization Will not occur under normal working conditions. Incompatible Substances / Conditions to Avoid Reactive with oxidizing agents, acids and alkalis. Decomposition Products May release COx, smoke and irritating vapours when heated to decomposition. Section XI. Toxicological Information Routes of Entry Acute Lethality Chronic or Other Toxic Effects Chronic or Other Toxic Effects Dermal Route: Inhalation Route: Oral Route: Eye contact and ingestion. LD50: 4700 mg/kg (oral/rat). [Ethylene Glycol] LD50: 9530 mg/kg (dermal/rabbit). [Ethylene Glycol] Slightly hazardous in case of skin contact (irritant). Slightly hazardous in case of inhalation (lung irritant). Can cause nausea, headaches and vomiting. Extremely dangerous in case of ingestion. Eye Irritation/Inflammation: Slightly hazardous in case of eye contact (irritant). Immunotoxicity: Skin Sensitization: Respiratory Tract Sensitization: Mutagenic: Continued on Next Page Not available Not available Not available Not available Available in French ANTIFREEZE Page Number: 3 Reproductive Toxicity: Not available Teratogenicity/Embryotoxicity: Fetotoxic and teratogenic in mice at levels below maternal toxicity. Carcinogenicity (ACGIH): ACGIH A4: not classifiable as a human carcinogen. Carcinogenicity (IARC): Carcinogenicity (NTP):"
30,What is the waste disposal method for the product?,"Disposal at licensed waste disposal facility, after which (1) recycle or reprocess; (2) incineration with energy recovery are the next preferred options. Ensure compliance with government requirements and local disposal regulations.",Section XIII. Disposal Considerations,"licensed waste disposal facility. Ensure that disposal or reprocessing is in compliance with government requirements and 
local disposal regulations. Consult your local or regional authorities. <br><br>**Waste Disposal**| Section XIV. Transport Information |  |
|---|---|
| Section XIV. Transport Information |   |
| DOT Classification Not a DOT controlled material (United States). | Special Provisions Not applicable. for Transport |
<br><br>| Section XV. Regulatory Information |  |
|---|---|
| Section XV. Regulatory Information |   |
| Other This product is acceptable for use under the provisions of WHMIS-CPR. All components of this formulation are listed on the Regulations CEPA-DSL (Domestic Substances List). All components of this formulation are listed on the US EPA-TSCA Inventory. This product has been classified in accordance with the hazard criteria of the Controlled Products Regulations (CPR) and the MSDS contains all of the information required by the CPR. Please contact Product Safety for more information. |   |
| DSD/DPD (EEC) Not evaluated. | WHMIS (Canada) D-2A |
| ADR (Europe) NOT EVALUATED FOR (Pictograms) EUROPEAN TRANSPORT NON ÉVALUÉ POUR LE TRANSPORT EUROPÉEN. | TDG (Canada) (Pictograms) |
**Section XVI. Other Information**<br><br>Available upon request. 
*Marque de commerce de Petro-Canada - Trademark 
**References**<br><br>**Glossary**
ACGIH - American Conference of Governmental Industrial Hygienists 
ADR - Agreement on Dangerous goods by Road (Europe) 
ASTM - American Society for Testing and Materials ( 
BOD5 - Biological Oxygen Demand in 5 days",organs damage. Repeated exposure to a highly toxic material may produce general deterioration of health by an accumulation in one or many human organs. Section XII. Ecological Information Environmental Fate Not available BOD5 and COD Not available Additional Remarks No additional remark. Section XIII. Disposal Considerations Persistance/ Bioaccumulation Potential Products of Biodegradation Not available Not available Waste Disposal Preferred waste management priorities are: (1) recycle or reprocess; (2) incineration with energy recovery; (3) disposal at licensed waste disposal facility. Ensure that disposal or reprocessing is in compliance with government requirements and local disposal regulations. Consult your local or regional authorities. Section XIV. Transport Information DOT Classification Not a DOT controlled material (United States). Special Provisions for Transport Not applicable. Section XV. Regulatory Information Other Regulations This product is acceptable for use under the provisions of WHMIS-CPR. All components of this formulation are listed on the CEPA-DSL (Domestic Substances List). All components of this formulation are listed on the US EPA-TSCA Inventory. This product has been classified in accordance with the hazard criteria of the Controlled Products Regulations (CPR) and the MSDS contains all of the information required by the CPR. DSD/DPD (EEC) Not evaluated. WHMIS (Canada) D-2A Please contact Product Safety for more information. ADR (Europe) (Pictograms) NOT EVALUATED FOR EUROPEAN TRANSPORT NON ÉVALUÉ POUR LE TRANSPORT EUROPÉEN. TDG (Canada),"CO2), smoke and irritating vapours as products of incomplete combustion. SMALL FIRE: Use DRY chemicals, CO2, water spray or foam. LARGE FIRE: Use water spray, fog or foam. DO NOT use water jet. Continued on Next Page Available in French ANTIFREEZE Page Number: 2 Section VI. Accidental Release Measures Material Release or Spill Small spill or leak: Dilute with water and mop up or absorb with an inert DRY material and place in an appropriate waste disposal container. Large spill or leak: Absorb with an inert material and put the spilled material in an appropriate waste disposal. Dispose of in accordance with regional regulations. Section VII. Handling and Storage Handling Storage Avoid contamination with reactive substances. After handling, always wash hands thoroughly with soap and water. Keep container dry. Keep container tightly closed. Keep in a cool, well-ventilated place. Section VIII. Exposure Controls/Personal Protection Engineering Controls For normal application, special ventilation is not necessary. If user's operations generate vapours or mist, use ventilation to keep exposure to airborne contaminants below the exposure limit. Make-up air should always be supplied to balance air removed by exhaust ventilation. Ensure that eyewash station and safety shower are close to work-station. Personal Protection - The selection of personal protective equipment varies, depending upon conditions of use. Eyes Eye protection (i.e., safety glasses, safety goggles and/or face shield) should be determined based on conditions of use. If product is used in an application where","target organs damage. Repeated exposure to a highly toxic material may produce general deterioration of health 
by an accumulation in one or many human organs. <br><br>**Other Considerations**<br><br>|  |  |
|---|---|
|   |   |
| Section XII. Ecological Information |   |
| Environmental Fate Not available | Persistance/ Not available Bioaccumulation Potential |
| BOD5 and COD Not available | Products of Not available Biodegradation |
| Additional Remarks No additional remark. |   |
<br><br>**Section XIII. Disposal Considerations**<br><br>Preferred waste management priorities are: (1) recycle or reprocess; (2) incineration with energy recovery; (3) disposal at 
licensed waste disposal facility. Ensure that disposal or reprocessing is in compliance with government requirements and 
local disposal regulations. Consult your local or regional authorities. <br><br>**Waste Disposal**| Section XIV. Transport Information |  |
|---|---|
| Section XIV. Transport Information |   |
| DOT Classification Not a DOT controlled material (United States). | Special Provisions Not applicable. for Transport |
<br><br>| Section XV. Regulatory Information |  |
|---|---|
| Section XV. Regulatory Information |   |"
31,Are there any specific storage requirements or conditions for safely storing the product?,"Keep container dry, tightly closed, in a cool, well-ventilated place. Avoid contamination with reactive substances. After handling, always wash hands thoroughly with soap and water.",Section VII. Handling and Storage,"CO2), smoke and irritating vapours as products of incomplete combustion. SMALL FIRE: Use DRY chemicals, CO2, water spray or foam. LARGE FIRE: Use water spray, fog or foam. DO NOT use water jet. Continued on Next Page Available in French ANTIFREEZE Page Number: 2 Section VI. Accidental Release Measures Material Release or Spill Small spill or leak: Dilute with water and mop up or absorb with an inert DRY material and place in an appropriate waste disposal container. Large spill or leak: Absorb with an inert material and put the spilled material in an appropriate waste disposal. Dispose of in accordance with regional regulations. Section VII. Handling and Storage Handling Storage Avoid contamination with reactive substances. After handling, always wash hands thoroughly with soap and water. Keep container dry. Keep container tightly closed. Keep in a cool, well-ventilated place. Section VIII. Exposure Controls/Personal Protection Engineering Controls For normal application, special ventilation is not necessary. If user's operations generate vapours or mist, use ventilation to keep exposure to airborne contaminants below the exposure limit. Make-up air should always be supplied to balance air removed by exhaust ventilation. Ensure that eyewash station and safety shower are close to work-station. Personal Protection - The selection of personal protective equipment varies, depending upon conditions of use. Eyes Eye protection (i.e., safety glasses, safety goggles and/or face shield) should be determined based on conditions of use. If product is used in an application where","licensed waste disposal facility. Ensure that disposal or reprocessing is in compliance with government requirements and 
local disposal regulations. Consult your local or regional authorities. <br><br>**Waste Disposal**| Section XIV. Transport Information |  |
|---|---|
| Section XIV. Transport Information |   |
| DOT Classification Not a DOT controlled material (United States). | Special Provisions Not applicable. for Transport |
<br><br>| Section XV. Regulatory Information |  |
|---|---|
| Section XV. Regulatory Information |   |
| Other This product is acceptable for use under the provisions of WHMIS-CPR. All components of this formulation are listed on the Regulations CEPA-DSL (Domestic Substances List). All components of this formulation are listed on the US EPA-TSCA Inventory. This product has been classified in accordance with the hazard criteria of the Controlled Products Regulations (CPR) and the MSDS contains all of the information required by the CPR. Please contact Product Safety for more information. |   |
| DSD/DPD (EEC) Not evaluated. | WHMIS (Canada) D-2A |
| ADR (Europe) NOT EVALUATED FOR (Pictograms) EUROPEAN TRANSPORT NON ÉVALUÉ POUR LE TRANSPORT EUROPÉEN. | TDG (Canada) (Pictograms) |
**Section XVI. Other Information**<br><br>Available upon request. 
*Marque de commerce de Petro-Canada - Trademark 
**References**<br><br>**Glossary**
ACGIH - American Conference of Governmental Industrial Hygienists 
ADR - Agreement on Dangerous goods by Road (Europe) 
ASTM - American Society for Testing and Materials ( 
BOD5 - Biological Oxygen Demand in 5 days","Ionicity (in water) Not available Vapour Pressure 0.06 mmHg @ 20°C (68ºF). Dispersion Properties Not available Volatility 0% (w/w) Solubility Soluble in water, methanol and diethyl ether. Section X. Stability and Reactivity Corrosivity Stability Not available The product is stable. Hazardous Polymerization Will not occur under normal working conditions. Incompatible Substances / Conditions to Avoid Reactive with oxidizing agents, acids and alkalis. Decomposition Products May release COx, smoke and irritating vapours when heated to decomposition. Section XI. Toxicological Information Routes of Entry Acute Lethality Chronic or Other Toxic Effects Chronic or Other Toxic Effects Dermal Route: Inhalation Route: Oral Route: Eye contact and ingestion. LD50: 4700 mg/kg (oral/rat). [Ethylene Glycol] LD50: 9530 mg/kg (dermal/rabbit). [Ethylene Glycol] Slightly hazardous in case of skin contact (irritant). Slightly hazardous in case of inhalation (lung irritant). Can cause nausea, headaches and vomiting. Extremely dangerous in case of ingestion. Eye Irritation/Inflammation: Slightly hazardous in case of eye contact (irritant). Immunotoxicity: Skin Sensitization: Respiratory Tract Sensitization: Mutagenic: Continued on Next Page Not available Not available Not available Not available Available in French ANTIFREEZE Page Number: 3 Reproductive Toxicity: Not available Teratogenicity/Embryotoxicity: Fetotoxic and teratogenic in mice at levels below maternal toxicity. Carcinogenicity (ACGIH): ACGIH A4: not classifiable as a human carcinogen. Carcinogenicity (IARC): Carcinogenicity (NTP):","area) and where engineering, work practices or other means of exposure reduction are not adequate, NIOSH approved 
respirators may be necessary to prevent overexposure by inhalation. <br><br>**Respiratory**<br><br>Wear appropriate chemically protective gloves. When handling hot product ensure gloves are heat resistant and insulated. **Hands**<br><br>Wear appropriate footwear to prevent product from coming in contact with feet and skin.  **Feet**<br><br>| Section IX. Physical and Chemical Properties |  |
|---|---|
| Section IX. Physical and Chemical Properties |   |
| Physical State and Clear viscous liquid. Appearance | Viscosity Not available |
| Colour Green. | Pour Point Not available |
| Odour Odourless. | Softening Point Not applicable. |
| Odour Threshold Not available | Dropping Point Not applicable. |
| Boiling Point 129 to 197°C (264 to 387°F) | Penetration Not applicable. |
| Density 1.115 to 1.145 (Water = 1) | Oil / Water Dist. Coeff. Not available |
| Vapour Density 2.1 (Air=1). | Ionicity (in water) Not available |
| Vapour Pressure 0.06 mmHg @ 20°C (68ºF). | Dispersion Properties Not available |
| Volatility 0% (w/w) | Solubility Soluble in water, methanol and diethyl ether. |
<br><br>| Section X. Stability and Reactivity |  |
|---|---|
| Section X. Stability and Reactivity |   |
| Corrosivity Not available |   |
| Stability The product is stable. | Hazardous Will not occur under normal working conditions. Polymerization |"
32,What is the shelf life of the product?,"The product is stable, but its shelf life is not specified in the Safety Data Sheet (SDS)",Section X. Stability and Reactivity,"Ionicity (in water) Not available Vapour Pressure 0.06 mmHg @ 20°C (68ºF). Dispersion Properties Not available Volatility 0% (w/w) Solubility Soluble in water, methanol and diethyl ether. Section X. Stability and Reactivity Corrosivity Stability Not available The product is stable. Hazardous Polymerization Will not occur under normal working conditions. Incompatible Substances / Conditions to Avoid Reactive with oxidizing agents, acids and alkalis. Decomposition Products May release COx, smoke and irritating vapours when heated to decomposition. Section XI. Toxicological Information Routes of Entry Acute Lethality Chronic or Other Toxic Effects Chronic or Other Toxic Effects Dermal Route: Inhalation Route: Oral Route: Eye contact and ingestion. LD50: 4700 mg/kg (oral/rat). [Ethylene Glycol] LD50: 9530 mg/kg (dermal/rabbit). [Ethylene Glycol] Slightly hazardous in case of skin contact (irritant). Slightly hazardous in case of inhalation (lung irritant). Can cause nausea, headaches and vomiting. Extremely dangerous in case of ingestion. Eye Irritation/Inflammation: Slightly hazardous in case of eye contact (irritant). Immunotoxicity: Skin Sensitization: Respiratory Tract Sensitization: Mutagenic: Continued on Next Page Not available Not available Not available Not available Available in French ANTIFREEZE Page Number: 3 Reproductive Toxicity: Not available Teratogenicity/Embryotoxicity: Fetotoxic and teratogenic in mice at levels below maternal toxicity. Carcinogenicity (ACGIH): ACGIH A4: not classifiable as a human carcinogen. Carcinogenicity (IARC): Carcinogenicity (NTP):",organs damage. Repeated exposure to a highly toxic material may produce general deterioration of health by an accumulation in one or many human organs. Section XII. Ecological Information Environmental Fate Not available BOD5 and COD Not available Additional Remarks No additional remark. Section XIII. Disposal Considerations Persistance/ Bioaccumulation Potential Products of Biodegradation Not available Not available Waste Disposal Preferred waste management priorities are: (1) recycle or reprocess; (2) incineration with energy recovery; (3) disposal at licensed waste disposal facility. Ensure that disposal or reprocessing is in compliance with government requirements and local disposal regulations. Consult your local or regional authorities. Section XIV. Transport Information DOT Classification Not a DOT controlled material (United States). Special Provisions for Transport Not applicable. Section XV. Regulatory Information Other Regulations This product is acceptable for use under the provisions of WHMIS-CPR. All components of this formulation are listed on the CEPA-DSL (Domestic Substances List). All components of this formulation are listed on the US EPA-TSCA Inventory. This product has been classified in accordance with the hazard criteria of the Controlled Products Regulations (CPR) and the MSDS contains all of the information required by the CPR. DSD/DPD (EEC) Not evaluated. WHMIS (Canada) D-2A Please contact Product Safety for more information. ADR (Europe) (Pictograms) NOT EVALUATED FOR EUROPEAN TRANSPORT NON ÉVALUÉ POUR LE TRANSPORT EUROPÉEN. TDG (Canada),"licensed waste disposal facility. Ensure that disposal or reprocessing is in compliance with government requirements and 
local disposal regulations. Consult your local or regional authorities. <br><br>**Waste Disposal**| Section XIV. Transport Information |  |
|---|---|
| Section XIV. Transport Information |   |
| DOT Classification Not a DOT controlled material (United States). | Special Provisions Not applicable. for Transport |
<br><br>| Section XV. Regulatory Information |  |
|---|---|
| Section XV. Regulatory Information |   |
| Other This product is acceptable for use under the provisions of WHMIS-CPR. All components of this formulation are listed on the Regulations CEPA-DSL (Domestic Substances List). All components of this formulation are listed on the US EPA-TSCA Inventory. This product has been classified in accordance with the hazard criteria of the Controlled Products Regulations (CPR) and the MSDS contains all of the information required by the CPR. Please contact Product Safety for more information. |   |
| DSD/DPD (EEC) Not evaluated. | WHMIS (Canada) D-2A |
| ADR (Europe) NOT EVALUATED FOR (Pictograms) EUROPEAN TRANSPORT NON ÉVALUÉ POUR LE TRANSPORT EUROPÉEN. | TDG (Canada) (Pictograms) |
**Section XVI. Other Information**<br><br>Available upon request. 
*Marque de commerce de Petro-Canada - Trademark 
**References**<br><br>**Glossary**
ACGIH - American Conference of Governmental Industrial Hygienists 
ADR - Agreement on Dangerous goods by Road (Europe) 
ASTM - American Society for Testing and Materials ( 
BOD5 - Biological Oxygen Demand in 5 days","| Boiling Point 129 to 197°C (264 to 387°F) | Penetration Not applicable. |
| Density 1.115 to 1.145 (Water = 1) | Oil / Water Dist. Coeff. Not available |
| Vapour Density 2.1 (Air=1). | Ionicity (in water) Not available |
| Vapour Pressure 0.06 mmHg @ 20°C (68ºF). | Dispersion Properties Not available |
| Volatility 0% (w/w) | Solubility Soluble in water, methanol and diethyl ether. |
<br><br>| Section X. Stability and Reactivity |  |
|---|---|
| Section X. Stability and Reactivity |   |
| Corrosivity Not available |   |
| Stability The product is stable. | Hazardous Will not occur under normal working conditions. Polymerization |
| Incompatible Reactive with oxidizing agents, acids and Substances / alkalis. Conditions to Avoid | Decomposition May release COx, smoke and irritating vapours when Products heated to decomposition. |
**Section XI. Toxicological Information**<br><br>Eye contact and ingestion.  **Routes of Entry**<br><br>LD50: 4700 mg/kg (oral/rat). [Ethylene Glycol] 
LD50: 9530 mg/kg (dermal/rabbit). [Ethylene Glycol] 
**Acute Lethality**<br><br>**Chronic or Other Toxic Effects**
**Chronic or Other Toxic Effects**"
33,What are the composition and ingredients of the product?,Information not available in the provided context,N/A,"Ionicity (in water) Not available Vapour Pressure 0.06 mmHg @ 20°C (68ºF). Dispersion Properties Not available Volatility 0% (w/w) Solubility Soluble in water, methanol and diethyl ether. Section X. Stability and Reactivity Corrosivity Stability Not available The product is stable. Hazardous Polymerization Will not occur under normal working conditions. Incompatible Substances / Conditions to Avoid Reactive with oxidizing agents, acids and alkalis. Decomposition Products May release COx, smoke and irritating vapours when heated to decomposition. Section XI. Toxicological Information Routes of Entry Acute Lethality Chronic or Other Toxic Effects Chronic or Other Toxic Effects Dermal Route: Inhalation Route: Oral Route: Eye contact and ingestion. LD50: 4700 mg/kg (oral/rat). [Ethylene Glycol] LD50: 9530 mg/kg (dermal/rabbit). [Ethylene Glycol] Slightly hazardous in case of skin contact (irritant). Slightly hazardous in case of inhalation (lung irritant). Can cause nausea, headaches and vomiting. Extremely dangerous in case of ingestion. Eye Irritation/Inflammation: Slightly hazardous in case of eye contact (irritant). Immunotoxicity: Skin Sensitization: Respiratory Tract Sensitization: Mutagenic: Continued on Next Page Not available Not available Not available Not available Available in French ANTIFREEZE Page Number: 3 Reproductive Toxicity: Not available Teratogenicity/Embryotoxicity: Fetotoxic and teratogenic in mice at levels below maternal toxicity. Carcinogenicity (ACGIH): ACGIH A4: not classifiable as a human carcinogen. Carcinogenicity (IARC): Carcinogenicity (NTP):","| Boiling Point 129 to 197°C (264 to 387°F) | Penetration Not applicable. |
| Density 1.115 to 1.145 (Water = 1) | Oil / Water Dist. Coeff. Not available |
| Vapour Density 2.1 (Air=1). | Ionicity (in water) Not available |
| Vapour Pressure 0.06 mmHg @ 20°C (68ºF). | Dispersion Properties Not available |
| Volatility 0% (w/w) | Solubility Soluble in water, methanol and diethyl ether. |
<br><br>| Section X. Stability and Reactivity |  |
|---|---|
| Section X. Stability and Reactivity |   |
| Corrosivity Not available |   |
| Stability The product is stable. | Hazardous Will not occur under normal working conditions. Polymerization |
| Incompatible Reactive with oxidizing agents, acids and Substances / alkalis. Conditions to Avoid | Decomposition May release COx, smoke and irritating vapours when Products heated to decomposition. |
**Section XI. Toxicological Information**<br><br>Eye contact and ingestion.  **Routes of Entry**<br><br>LD50: 4700 mg/kg (oral/rat). [Ethylene Glycol] 
LD50: 9530 mg/kg (dermal/rabbit). [Ethylene Glycol] 
**Acute Lethality**<br><br>**Chronic or Other Toxic Effects**
**Chronic or Other Toxic Effects**","| Corrosivity Not available |   |
| Stability The product is stable. | Hazardous Will not occur under normal working conditions. Polymerization |
| Incompatible Reactive with oxidizing agents, acids and Substances / alkalis. Conditions to Avoid | Decomposition May release COx, smoke and irritating vapours when Products heated to decomposition. |
**Section XI. Toxicological Information**<br><br>Eye contact and ingestion.  **Routes of Entry**<br><br>LD50: 4700 mg/kg (oral/rat). [Ethylene Glycol] 
LD50: 9530 mg/kg (dermal/rabbit). [Ethylene Glycol] 
**Acute Lethality**<br><br>**Chronic or Other Toxic Effects**
**Chronic or Other Toxic Effects**
Slightly hazardous in case of skin contact (irritant).  Dermal Route: <br><br>Slightly hazardous in case of inhalation (lung irritant). Can cause nausea, headaches and vomiting.  Inhalation Route: <br><br>Extremely dangerous in case of ingestion.  Oral Route: <br><br>Slightly hazardous in case of eye contact (irritant).  Eye Irritation/Inflammation: <br><br>Not available  Immunotoxicity: <br><br>Not available  Skin Sensitization: <br><br>Not available  Respiratory Tract Sensitization: <br><br>Not available  Mutagenic:","occupational exposure limits given in Section 2 (and those applicable to your area) and where engineering, work practices or other means of exposure reduction are not adequate, NIOSH approved respirators may be necessary to prevent overexposure by inhalation. Hands Wear appropriate chemically protective gloves. When handling hot product ensure gloves are heat resistant and insulated. Feet Wear appropriate footwear to prevent product from coming in contact with feet and skin. Section IX. Physical and Chemical Properties Clear viscous liquid. Viscosity Not available Physical State and Appearance Colour Odour Green. Odourless. Odour Threshold Not available Pour Point Not available Softening Point Not applicable. Dropping Point Not applicable. Boiling Point 129 to 197°C (264 to 387°F) Penetration Not applicable. Density 1.115 to 1.145 (Water = 1) Oil / Water Dist. Coeff. Not available Vapour Density 2.1 (Air=1). Ionicity (in water) Not available Vapour Pressure 0.06 mmHg @ 20°C (68ºF). Dispersion Properties Not available Volatility 0% (w/w) Solubility Soluble in water, methanol and diethyl ether. Section X. Stability and Reactivity Corrosivity Stability Not available The product is stable. Hazardous Polymerization Will not occur under normal working conditions. Incompatible Substances / Conditions to Avoid Reactive with oxidizing agents, acids and alkalis. Decomposition Products May release COx, smoke and irritating vapours when heated to decomposition. Section XI. Toxicological Information Routes of Entry Acute Lethality Chronic or Other Toxic Effects Chronic or Other Toxic"
34,Are there any known hazardous reactions or incompatibilities with other substances or materials?,"The product is incompatible with oxidizing agents, acids, and alkalis. It may release COx, smoke, and irritating vapors when heated to decomposition.","Section X. Stability and Reactivity, Decomposition Products","Ionicity (in water) Not available Vapour Pressure 0.06 mmHg @ 20°C (68ºF). Dispersion Properties Not available Volatility 0% (w/w) Solubility Soluble in water, methanol and diethyl ether. Section X. Stability and Reactivity Corrosivity Stability Not available The product is stable. Hazardous Polymerization Will not occur under normal working conditions. Incompatible Substances / Conditions to Avoid Reactive with oxidizing agents, acids and alkalis. Decomposition Products May release COx, smoke and irritating vapours when heated to decomposition. Section XI. Toxicological Information Routes of Entry Acute Lethality Chronic or Other Toxic Effects Chronic or Other Toxic Effects Dermal Route: Inhalation Route: Oral Route: Eye contact and ingestion. LD50: 4700 mg/kg (oral/rat). [Ethylene Glycol] LD50: 9530 mg/kg (dermal/rabbit). [Ethylene Glycol] Slightly hazardous in case of skin contact (irritant). Slightly hazardous in case of inhalation (lung irritant). Can cause nausea, headaches and vomiting. Extremely dangerous in case of ingestion. Eye Irritation/Inflammation: Slightly hazardous in case of eye contact (irritant). Immunotoxicity: Skin Sensitization: Respiratory Tract Sensitization: Mutagenic: Continued on Next Page Not available Not available Not available Not available Available in French ANTIFREEZE Page Number: 3 Reproductive Toxicity: Not available Teratogenicity/Embryotoxicity: Fetotoxic and teratogenic in mice at levels below maternal toxicity. Carcinogenicity (ACGIH): ACGIH A4: not classifiable as a human carcinogen. Carcinogenicity (IARC): Carcinogenicity (NTP):","| Corrosivity Not available |   |
| Stability The product is stable. | Hazardous Will not occur under normal working conditions. Polymerization |
| Incompatible Reactive with oxidizing agents, acids and Substances / alkalis. Conditions to Avoid | Decomposition May release COx, smoke and irritating vapours when Products heated to decomposition. |
**Section XI. Toxicological Information**<br><br>Eye contact and ingestion.  **Routes of Entry**<br><br>LD50: 4700 mg/kg (oral/rat). [Ethylene Glycol] 
LD50: 9530 mg/kg (dermal/rabbit). [Ethylene Glycol] 
**Acute Lethality**<br><br>**Chronic or Other Toxic Effects**
**Chronic or Other Toxic Effects**
Slightly hazardous in case of skin contact (irritant).  Dermal Route: <br><br>Slightly hazardous in case of inhalation (lung irritant). Can cause nausea, headaches and vomiting.  Inhalation Route: <br><br>Extremely dangerous in case of ingestion.  Oral Route: <br><br>Slightly hazardous in case of eye contact (irritant).  Eye Irritation/Inflammation: <br><br>Not available  Immunotoxicity: <br><br>Not available  Skin Sensitization: <br><br>Not available  Respiratory Tract Sensitization: <br><br>Not available  Mutagenic:","| Boiling Point 129 to 197°C (264 to 387°F) | Penetration Not applicable. |
| Density 1.115 to 1.145 (Water = 1) | Oil / Water Dist. Coeff. Not available |
| Vapour Density 2.1 (Air=1). | Ionicity (in water) Not available |
| Vapour Pressure 0.06 mmHg @ 20°C (68ºF). | Dispersion Properties Not available |
| Volatility 0% (w/w) | Solubility Soluble in water, methanol and diethyl ether. |
<br><br>| Section X. Stability and Reactivity |  |
|---|---|
| Section X. Stability and Reactivity |   |
| Corrosivity Not available |   |
| Stability The product is stable. | Hazardous Will not occur under normal working conditions. Polymerization |
| Incompatible Reactive with oxidizing agents, acids and Substances / alkalis. Conditions to Avoid | Decomposition May release COx, smoke and irritating vapours when Products heated to decomposition. |
**Section XI. Toxicological Information**<br><br>Eye contact and ingestion.  **Routes of Entry**<br><br>LD50: 4700 mg/kg (oral/rat). [Ethylene Glycol] 
LD50: 9530 mg/kg (dermal/rabbit). [Ethylene Glycol] 
**Acute Lethality**<br><br>**Chronic or Other Toxic Effects**
**Chronic or Other Toxic Effects**","the contaminated skin with running water and non-abrasive soap. Seek medical attention. Evacuate the victim to a safe area as soon as possible. If the victim is not breathing, perform artificial respiration. Allow the victim to rest in a well ventilated area. Seek medical attention. DO NOT induce vomiting because of danger of aspirating liquid into lungs. Seek medical attention. Note to Physician Not available Section V. Fire-fighting Measures Flammability Flash Points Fire Hazards in Presence of Various Substances Products of Combustion Fire Fighting Media and Instructions May be combustible at high temperature. Flammable Limits Lower: 3.2%, Upper: 15.3% Closed Cup: 116ºC (Tagliabue) Open Cup: 116ºC (Cleveland) Auto-Ignition Temperature 413ºC Combustible in presence of open flames and sparks. Explosion Hazards in Presence of Various Substances Not a product presenting risks of explosion. Carbon oxides (CO, CO2), smoke and irritating vapours as products of incomplete combustion. SMALL FIRE: Use DRY chemicals, CO2, water spray or foam. LARGE FIRE: Use water spray, fog or foam. DO NOT use water jet. Continued on Next Page Available in French ANTIFREEZE Page Number: 2 Section VI. Accidental Release Measures Material Release or Spill Small spill or leak: Dilute with water and mop up or absorb with an inert DRY material and place in an appropriate waste disposal container. Large spill or leak: Absorb with an inert material and put the spilled material in an appropriate waste disposal. Dispose of in accordance with regional regulations. Section VII. Handling and Storage Handling"
35,What is the odor of the product?,Odourless,Section IX. Physical and Chemical Properties,"Ionicity (in water) Not available Vapour Pressure 0.06 mmHg @ 20°C (68ºF). Dispersion Properties Not available Volatility 0% (w/w) Solubility Soluble in water, methanol and diethyl ether. Section X. Stability and Reactivity Corrosivity Stability Not available The product is stable. Hazardous Polymerization Will not occur under normal working conditions. Incompatible Substances / Conditions to Avoid Reactive with oxidizing agents, acids and alkalis. Decomposition Products May release COx, smoke and irritating vapours when heated to decomposition. Section XI. Toxicological Information Routes of Entry Acute Lethality Chronic or Other Toxic Effects Chronic or Other Toxic Effects Dermal Route: Inhalation Route: Oral Route: Eye contact and ingestion. LD50: 4700 mg/kg (oral/rat). [Ethylene Glycol] LD50: 9530 mg/kg (dermal/rabbit). [Ethylene Glycol] Slightly hazardous in case of skin contact (irritant). Slightly hazardous in case of inhalation (lung irritant). Can cause nausea, headaches and vomiting. Extremely dangerous in case of ingestion. Eye Irritation/Inflammation: Slightly hazardous in case of eye contact (irritant). Immunotoxicity: Skin Sensitization: Respiratory Tract Sensitization: Mutagenic: Continued on Next Page Not available Not available Not available Not available Available in French ANTIFREEZE Page Number: 3 Reproductive Toxicity: Not available Teratogenicity/Embryotoxicity: Fetotoxic and teratogenic in mice at levels below maternal toxicity. Carcinogenicity (ACGIH): ACGIH A4: not classifiable as a human carcinogen. Carcinogenicity (IARC): Carcinogenicity (NTP):","| Boiling Point 129 to 197°C (264 to 387°F) | Penetration Not applicable. |
| Density 1.115 to 1.145 (Water = 1) | Oil / Water Dist. Coeff. Not available |
| Vapour Density 2.1 (Air=1). | Ionicity (in water) Not available |
| Vapour Pressure 0.06 mmHg @ 20°C (68ºF). | Dispersion Properties Not available |
| Volatility 0% (w/w) | Solubility Soluble in water, methanol and diethyl ether. |
<br><br>| Section X. Stability and Reactivity |  |
|---|---|
| Section X. Stability and Reactivity |   |
| Corrosivity Not available |   |
| Stability The product is stable. | Hazardous Will not occur under normal working conditions. Polymerization |
| Incompatible Reactive with oxidizing agents, acids and Substances / alkalis. Conditions to Avoid | Decomposition May release COx, smoke and irritating vapours when Products heated to decomposition. |
**Section XI. Toxicological Information**<br><br>Eye contact and ingestion.  **Routes of Entry**<br><br>LD50: 4700 mg/kg (oral/rat). [Ethylene Glycol] 
LD50: 9530 mg/kg (dermal/rabbit). [Ethylene Glycol] 
**Acute Lethality**<br><br>**Chronic or Other Toxic Effects**
**Chronic or Other Toxic Effects**","| Corrosivity Not available |   |
| Stability The product is stable. | Hazardous Will not occur under normal working conditions. Polymerization |
| Incompatible Reactive with oxidizing agents, acids and Substances / alkalis. Conditions to Avoid | Decomposition May release COx, smoke and irritating vapours when Products heated to decomposition. |
**Section XI. Toxicological Information**<br><br>Eye contact and ingestion.  **Routes of Entry**<br><br>LD50: 4700 mg/kg (oral/rat). [Ethylene Glycol] 
LD50: 9530 mg/kg (dermal/rabbit). [Ethylene Glycol] 
**Acute Lethality**<br><br>**Chronic or Other Toxic Effects**
**Chronic or Other Toxic Effects**
Slightly hazardous in case of skin contact (irritant).  Dermal Route: <br><br>Slightly hazardous in case of inhalation (lung irritant). Can cause nausea, headaches and vomiting.  Inhalation Route: <br><br>Extremely dangerous in case of ingestion.  Oral Route: <br><br>Slightly hazardous in case of eye contact (irritant).  Eye Irritation/Inflammation: <br><br>Not available  Immunotoxicity: <br><br>Not available  Skin Sensitization: <br><br>Not available  Respiratory Tract Sensitization: <br><br>Not available  Mutagenic:","occupational exposure limits given in Section 2 (and those applicable to your area) and where engineering, work practices or other means of exposure reduction are not adequate, NIOSH approved respirators may be necessary to prevent overexposure by inhalation. Hands Wear appropriate chemically protective gloves. When handling hot product ensure gloves are heat resistant and insulated. Feet Wear appropriate footwear to prevent product from coming in contact with feet and skin. Section IX. Physical and Chemical Properties Clear viscous liquid. Viscosity Not available Physical State and Appearance Colour Odour Green. Odourless. Odour Threshold Not available Pour Point Not available Softening Point Not applicable. Dropping Point Not applicable. Boiling Point 129 to 197°C (264 to 387°F) Penetration Not applicable. Density 1.115 to 1.145 (Water = 1) Oil / Water Dist. Coeff. Not available Vapour Density 2.1 (Air=1). Ionicity (in water) Not available Vapour Pressure 0.06 mmHg @ 20°C (68ºF). Dispersion Properties Not available Volatility 0% (w/w) Solubility Soluble in water, methanol and diethyl ether. Section X. Stability and Reactivity Corrosivity Stability Not available The product is stable. Hazardous Polymerization Will not occur under normal working conditions. Incompatible Substances / Conditions to Avoid Reactive with oxidizing agents, acids and alkalis. Decomposition Products May release COx, smoke and irritating vapours when heated to decomposition. Section XI. Toxicological Information Routes of Entry Acute Lethality Chronic or Other Toxic Effects Chronic or Other Toxic"
36,What is the boiling point of the product?,129 to 197°C (264 to 387°F),"Section IX. Physical and Chemical Properties, Boiling Point","| Boiling Point 129 to 197°C (264 to 387°F) | Penetration Not applicable. |
| Density 1.115 to 1.145 (Water = 1) | Oil / Water Dist. Coeff. Not available |
| Vapour Density 2.1 (Air=1). | Ionicity (in water) Not available |
| Vapour Pressure 0.06 mmHg @ 20°C (68ºF). | Dispersion Properties Not available |
| Volatility 0% (w/w) | Solubility Soluble in water, methanol and diethyl ether. |
<br><br>| Section X. Stability and Reactivity |  |
|---|---|
| Section X. Stability and Reactivity |   |
| Corrosivity Not available |   |
| Stability The product is stable. | Hazardous Will not occur under normal working conditions. Polymerization |
| Incompatible Reactive with oxidizing agents, acids and Substances / alkalis. Conditions to Avoid | Decomposition May release COx, smoke and irritating vapours when Products heated to decomposition. |
**Section XI. Toxicological Information**<br><br>Eye contact and ingestion.  **Routes of Entry**<br><br>LD50: 4700 mg/kg (oral/rat). [Ethylene Glycol] 
LD50: 9530 mg/kg (dermal/rabbit). [Ethylene Glycol] 
**Acute Lethality**<br><br>**Chronic or Other Toxic Effects**
**Chronic or Other Toxic Effects**","Ionicity (in water) Not available Vapour Pressure 0.06 mmHg @ 20°C (68ºF). Dispersion Properties Not available Volatility 0% (w/w) Solubility Soluble in water, methanol and diethyl ether. Section X. Stability and Reactivity Corrosivity Stability Not available The product is stable. Hazardous Polymerization Will not occur under normal working conditions. Incompatible Substances / Conditions to Avoid Reactive with oxidizing agents, acids and alkalis. Decomposition Products May release COx, smoke and irritating vapours when heated to decomposition. Section XI. Toxicological Information Routes of Entry Acute Lethality Chronic or Other Toxic Effects Chronic or Other Toxic Effects Dermal Route: Inhalation Route: Oral Route: Eye contact and ingestion. LD50: 4700 mg/kg (oral/rat). [Ethylene Glycol] LD50: 9530 mg/kg (dermal/rabbit). [Ethylene Glycol] Slightly hazardous in case of skin contact (irritant). Slightly hazardous in case of inhalation (lung irritant). Can cause nausea, headaches and vomiting. Extremely dangerous in case of ingestion. Eye Irritation/Inflammation: Slightly hazardous in case of eye contact (irritant). Immunotoxicity: Skin Sensitization: Respiratory Tract Sensitization: Mutagenic: Continued on Next Page Not available Not available Not available Not available Available in French ANTIFREEZE Page Number: 3 Reproductive Toxicity: Not available Teratogenicity/Embryotoxicity: Fetotoxic and teratogenic in mice at levels below maternal toxicity. Carcinogenicity (ACGIH): ACGIH A4: not classifiable as a human carcinogen. Carcinogenicity (IARC): Carcinogenicity (NTP):","area) and where engineering, work practices or other means of exposure reduction are not adequate, NIOSH approved 
respirators may be necessary to prevent overexposure by inhalation. <br><br>**Respiratory**<br><br>Wear appropriate chemically protective gloves. When handling hot product ensure gloves are heat resistant and insulated. **Hands**<br><br>Wear appropriate footwear to prevent product from coming in contact with feet and skin.  **Feet**<br><br>| Section IX. Physical and Chemical Properties |  |
|---|---|
| Section IX. Physical and Chemical Properties |   |
| Physical State and Clear viscous liquid. Appearance | Viscosity Not available |
| Colour Green. | Pour Point Not available |
| Odour Odourless. | Softening Point Not applicable. |
| Odour Threshold Not available | Dropping Point Not applicable. |
| Boiling Point 129 to 197°C (264 to 387°F) | Penetration Not applicable. |
| Density 1.115 to 1.145 (Water = 1) | Oil / Water Dist. Coeff. Not available |
| Vapour Density 2.1 (Air=1). | Ionicity (in water) Not available |
| Vapour Pressure 0.06 mmHg @ 20°C (68ºF). | Dispersion Properties Not available |
| Volatility 0% (w/w) | Solubility Soluble in water, methanol and diethyl ether. |
<br><br>| Section X. Stability and Reactivity |  |
|---|---|
| Section X. Stability and Reactivity |   |
| Corrosivity Not available |   |
| Stability The product is stable. | Hazardous Will not occur under normal working conditions. Polymerization |","the contaminated skin with running water and non-abrasive soap. Seek medical attention. Evacuate the victim to a safe area as soon as possible. If the victim is not breathing, perform artificial respiration. Allow the victim to rest in a well ventilated area. Seek medical attention. DO NOT induce vomiting because of danger of aspirating liquid into lungs. Seek medical attention. Note to Physician Not available Section V. Fire-fighting Measures Flammability Flash Points Fire Hazards in Presence of Various Substances Products of Combustion Fire Fighting Media and Instructions May be combustible at high temperature. Flammable Limits Lower: 3.2%, Upper: 15.3% Closed Cup: 116ºC (Tagliabue) Open Cup: 116ºC (Cleveland) Auto-Ignition Temperature 413ºC Combustible in presence of open flames and sparks. Explosion Hazards in Presence of Various Substances Not a product presenting risks of explosion. Carbon oxides (CO, CO2), smoke and irritating vapours as products of incomplete combustion. SMALL FIRE: Use DRY chemicals, CO2, water spray or foam. LARGE FIRE: Use water spray, fog or foam. DO NOT use water jet. Continued on Next Page Available in French ANTIFREEZE Page Number: 2 Section VI. Accidental Release Measures Material Release or Spill Small spill or leak: Dilute with water and mop up or absorb with an inert DRY material and place in an appropriate waste disposal container. Large spill or leak: Absorb with an inert material and put the spilled material in an appropriate waste disposal. Dispose of in accordance with regional regulations. Section VII. Handling and Storage Handling"
37,Is the product flammable?,"Yes, the product may be combustible at high temperature.",Section V. Fire-fighting Measures,"the contaminated skin with running water and non-abrasive soap. Seek medical attention. Evacuate the victim to a safe area as soon as possible. If the victim is not breathing, perform artificial respiration. Allow the victim to rest in a well ventilated area. Seek medical attention. DO NOT induce vomiting because of danger of aspirating liquid into lungs. Seek medical attention. Note to Physician Not available Section V. Fire-fighting Measures Flammability Flash Points Fire Hazards in Presence of Various Substances Products of Combustion Fire Fighting Media and Instructions May be combustible at high temperature. Flammable Limits Lower: 3.2%, Upper: 15.3% Closed Cup: 116ºC (Tagliabue) Open Cup: 116ºC (Cleveland) Auto-Ignition Temperature 413ºC Combustible in presence of open flames and sparks. Explosion Hazards in Presence of Various Substances Not a product presenting risks of explosion. Carbon oxides (CO, CO2), smoke and irritating vapours as products of incomplete combustion. SMALL FIRE: Use DRY chemicals, CO2, water spray or foam. LARGE FIRE: Use water spray, fog or foam. DO NOT use water jet. Continued on Next Page Available in French ANTIFREEZE Page Number: 2 Section VI. Accidental Release Measures Material Release or Spill Small spill or leak: Dilute with water and mop up or absorb with an inert DRY material and place in an appropriate waste disposal container. Large spill or leak: Absorb with an inert material and put the spilled material in an appropriate waste disposal. Dispose of in accordance with regional regulations. Section VII. Handling and Storage Handling","|---|---|
| Section V. Fire-fighting Measures |   |
| Flammability May be combustible at high temperature. | Flammable Limits Lower: 3.2%, Upper: 15.3% |
| Flash Points Closed Cup: 116ºC (Tagliabue) Open Cup: 116ºC (Cleveland) | Auto-Ignition 413ºC Temperature |
| Fire Hazards in Combustible in presence of open flames and Presence of sparks. Various Substances | Explosion Hazards Not a product presenting risks of explosion. in Presence of Various Substances |
| Products of Carbon oxides (CO, CO2), smoke and irritating vapours as products of incomplete combustion. Combustion |   |
| Fire Fighting SMALL FIRE: Use DRY chemicals, CO2, water spray or foam. Media and LARGE FIRE: Use water spray, fog or foam. DO NOT use water jet. nstructions |   |
**ANTIFREEZE** **Page Number: 2**<br><br>**Section VI. Accidental Release Measures**<br><br>Small spill or leak: Dilute with water and mop up or absorb with an inert DRY material and place in an appropriate waste 
disposal container. 
Large spill or leak: Absorb with an inert material and put the spilled material in an appropriate waste disposal. Dispose of in 
accordance with regional regulations. <br><br>**Material Release**","CO2), smoke and irritating vapours as products of incomplete combustion. SMALL FIRE: Use DRY chemicals, CO2, water spray or foam. LARGE FIRE: Use water spray, fog or foam. DO NOT use water jet. Continued on Next Page Available in French ANTIFREEZE Page Number: 2 Section VI. Accidental Release Measures Material Release or Spill Small spill or leak: Dilute with water and mop up or absorb with an inert DRY material and place in an appropriate waste disposal container. Large spill or leak: Absorb with an inert material and put the spilled material in an appropriate waste disposal. Dispose of in accordance with regional regulations. Section VII. Handling and Storage Handling Storage Avoid contamination with reactive substances. After handling, always wash hands thoroughly with soap and water. Keep container dry. Keep container tightly closed. Keep in a cool, well-ventilated place. Section VIII. Exposure Controls/Personal Protection Engineering Controls For normal application, special ventilation is not necessary. If user's operations generate vapours or mist, use ventilation to keep exposure to airborne contaminants below the exposure limit. Make-up air should always be supplied to balance air removed by exhaust ventilation. Ensure that eyewash station and safety shower are close to work-station. Personal Protection - The selection of personal protective equipment varies, depending upon conditions of use. Eyes Eye protection (i.e., safety glasses, safety goggles and/or face shield) should be determined based on conditions of use. If product is used in an application where","Ionicity (in water) Not available Vapour Pressure 0.06 mmHg @ 20°C (68ºF). Dispersion Properties Not available Volatility 0% (w/w) Solubility Soluble in water, methanol and diethyl ether. Section X. Stability and Reactivity Corrosivity Stability Not available The product is stable. Hazardous Polymerization Will not occur under normal working conditions. Incompatible Substances / Conditions to Avoid Reactive with oxidizing agents, acids and alkalis. Decomposition Products May release COx, smoke and irritating vapours when heated to decomposition. Section XI. Toxicological Information Routes of Entry Acute Lethality Chronic or Other Toxic Effects Chronic or Other Toxic Effects Dermal Route: Inhalation Route: Oral Route: Eye contact and ingestion. LD50: 4700 mg/kg (oral/rat). [Ethylene Glycol] LD50: 9530 mg/kg (dermal/rabbit). [Ethylene Glycol] Slightly hazardous in case of skin contact (irritant). Slightly hazardous in case of inhalation (lung irritant). Can cause nausea, headaches and vomiting. Extremely dangerous in case of ingestion. Eye Irritation/Inflammation: Slightly hazardous in case of eye contact (irritant). Immunotoxicity: Skin Sensitization: Respiratory Tract Sensitization: Mutagenic: Continued on Next Page Not available Not available Not available Not available Available in French ANTIFREEZE Page Number: 3 Reproductive Toxicity: Not available Teratogenicity/Embryotoxicity: Fetotoxic and teratogenic in mice at levels below maternal toxicity. Carcinogenicity (ACGIH): ACGIH A4: not classifiable as a human carcinogen. Carcinogenicity (IARC): Carcinogenicity (NTP):"
38,What is the solubility of the product?,"Soluble in water, methanol and diethyl ether.",Section IX. Physical and Chemical Properties,"| Boiling Point 129 to 197°C (264 to 387°F) | Penetration Not applicable. |
| Density 1.115 to 1.145 (Water = 1) | Oil / Water Dist. Coeff. Not available |
| Vapour Density 2.1 (Air=1). | Ionicity (in water) Not available |
| Vapour Pressure 0.06 mmHg @ 20°C (68ºF). | Dispersion Properties Not available |
| Volatility 0% (w/w) | Solubility Soluble in water, methanol and diethyl ether. |
<br><br>| Section X. Stability and Reactivity |  |
|---|---|
| Section X. Stability and Reactivity |   |
| Corrosivity Not available |   |
| Stability The product is stable. | Hazardous Will not occur under normal working conditions. Polymerization |
| Incompatible Reactive with oxidizing agents, acids and Substances / alkalis. Conditions to Avoid | Decomposition May release COx, smoke and irritating vapours when Products heated to decomposition. |
**Section XI. Toxicological Information**<br><br>Eye contact and ingestion.  **Routes of Entry**<br><br>LD50: 4700 mg/kg (oral/rat). [Ethylene Glycol] 
LD50: 9530 mg/kg (dermal/rabbit). [Ethylene Glycol] 
**Acute Lethality**<br><br>**Chronic or Other Toxic Effects**
**Chronic or Other Toxic Effects**","Ionicity (in water) Not available Vapour Pressure 0.06 mmHg @ 20°C (68ºF). Dispersion Properties Not available Volatility 0% (w/w) Solubility Soluble in water, methanol and diethyl ether. Section X. Stability and Reactivity Corrosivity Stability Not available The product is stable. Hazardous Polymerization Will not occur under normal working conditions. Incompatible Substances / Conditions to Avoid Reactive with oxidizing agents, acids and alkalis. Decomposition Products May release COx, smoke and irritating vapours when heated to decomposition. Section XI. Toxicological Information Routes of Entry Acute Lethality Chronic or Other Toxic Effects Chronic or Other Toxic Effects Dermal Route: Inhalation Route: Oral Route: Eye contact and ingestion. LD50: 4700 mg/kg (oral/rat). [Ethylene Glycol] LD50: 9530 mg/kg (dermal/rabbit). [Ethylene Glycol] Slightly hazardous in case of skin contact (irritant). Slightly hazardous in case of inhalation (lung irritant). Can cause nausea, headaches and vomiting. Extremely dangerous in case of ingestion. Eye Irritation/Inflammation: Slightly hazardous in case of eye contact (irritant). Immunotoxicity: Skin Sensitization: Respiratory Tract Sensitization: Mutagenic: Continued on Next Page Not available Not available Not available Not available Available in French ANTIFREEZE Page Number: 3 Reproductive Toxicity: Not available Teratogenicity/Embryotoxicity: Fetotoxic and teratogenic in mice at levels below maternal toxicity. Carcinogenicity (ACGIH): ACGIH A4: not classifiable as a human carcinogen. Carcinogenicity (IARC): Carcinogenicity (NTP):","area) and where engineering, work practices or other means of exposure reduction are not adequate, NIOSH approved 
respirators may be necessary to prevent overexposure by inhalation. <br><br>**Respiratory**<br><br>Wear appropriate chemically protective gloves. When handling hot product ensure gloves are heat resistant and insulated. **Hands**<br><br>Wear appropriate footwear to prevent product from coming in contact with feet and skin.  **Feet**<br><br>| Section IX. Physical and Chemical Properties |  |
|---|---|
| Section IX. Physical and Chemical Properties |   |
| Physical State and Clear viscous liquid. Appearance | Viscosity Not available |
| Colour Green. | Pour Point Not available |
| Odour Odourless. | Softening Point Not applicable. |
| Odour Threshold Not available | Dropping Point Not applicable. |
| Boiling Point 129 to 197°C (264 to 387°F) | Penetration Not applicable. |
| Density 1.115 to 1.145 (Water = 1) | Oil / Water Dist. Coeff. Not available |
| Vapour Density 2.1 (Air=1). | Ionicity (in water) Not available |
| Vapour Pressure 0.06 mmHg @ 20°C (68ºF). | Dispersion Properties Not available |
| Volatility 0% (w/w) | Solubility Soluble in water, methanol and diethyl ether. |
<br><br>| Section X. Stability and Reactivity |  |
|---|---|
| Section X. Stability and Reactivity |   |
| Corrosivity Not available |   |
| Stability The product is stable. | Hazardous Will not occur under normal working conditions. Polymerization |","CO2), smoke and irritating vapours as products of incomplete combustion. SMALL FIRE: Use DRY chemicals, CO2, water spray or foam. LARGE FIRE: Use water spray, fog or foam. DO NOT use water jet. Continued on Next Page Available in French ANTIFREEZE Page Number: 2 Section VI. Accidental Release Measures Material Release or Spill Small spill or leak: Dilute with water and mop up or absorb with an inert DRY material and place in an appropriate waste disposal container. Large spill or leak: Absorb with an inert material and put the spilled material in an appropriate waste disposal. Dispose of in accordance with regional regulations. Section VII. Handling and Storage Handling Storage Avoid contamination with reactive substances. After handling, always wash hands thoroughly with soap and water. Keep container dry. Keep container tightly closed. Keep in a cool, well-ventilated place. Section VIII. Exposure Controls/Personal Protection Engineering Controls For normal application, special ventilation is not necessary. If user's operations generate vapours or mist, use ventilation to keep exposure to airborne contaminants below the exposure limit. Make-up air should always be supplied to balance air removed by exhaust ventilation. Ensure that eyewash station and safety shower are close to work-station. Personal Protection - The selection of personal protective equipment varies, depending upon conditions of use. Eyes Eye protection (i.e., safety glasses, safety goggles and/or face shield) should be determined based on conditions of use. If product is used in an application where"
39,"Is the product stable under certain conditions, and are there any potential decomposition products?","The product is stable, but may release COx, smoke, and irritating vapours when heated to decomposition. It is incompatible with oxidizing agents, acids, and alkalis.","Section X: Stability and Reactivity, Section XI: Toxicological Information","Ionicity (in water) Not available Vapour Pressure 0.06 mmHg @ 20°C (68ºF). Dispersion Properties Not available Volatility 0% (w/w) Solubility Soluble in water, methanol and diethyl ether. Section X. Stability and Reactivity Corrosivity Stability Not available The product is stable. Hazardous Polymerization Will not occur under normal working conditions. Incompatible Substances / Conditions to Avoid Reactive with oxidizing agents, acids and alkalis. Decomposition Products May release COx, smoke and irritating vapours when heated to decomposition. Section XI. Toxicological Information Routes of Entry Acute Lethality Chronic or Other Toxic Effects Chronic or Other Toxic Effects Dermal Route: Inhalation Route: Oral Route: Eye contact and ingestion. LD50: 4700 mg/kg (oral/rat). [Ethylene Glycol] LD50: 9530 mg/kg (dermal/rabbit). [Ethylene Glycol] Slightly hazardous in case of skin contact (irritant). Slightly hazardous in case of inhalation (lung irritant). Can cause nausea, headaches and vomiting. Extremely dangerous in case of ingestion. Eye Irritation/Inflammation: Slightly hazardous in case of eye contact (irritant). Immunotoxicity: Skin Sensitization: Respiratory Tract Sensitization: Mutagenic: Continued on Next Page Not available Not available Not available Not available Available in French ANTIFREEZE Page Number: 3 Reproductive Toxicity: Not available Teratogenicity/Embryotoxicity: Fetotoxic and teratogenic in mice at levels below maternal toxicity. Carcinogenicity (ACGIH): ACGIH A4: not classifiable as a human carcinogen. Carcinogenicity (IARC): Carcinogenicity (NTP):","| Boiling Point 129 to 197°C (264 to 387°F) | Penetration Not applicable. |
| Density 1.115 to 1.145 (Water = 1) | Oil / Water Dist. Coeff. Not available |
| Vapour Density 2.1 (Air=1). | Ionicity (in water) Not available |
| Vapour Pressure 0.06 mmHg @ 20°C (68ºF). | Dispersion Properties Not available |
| Volatility 0% (w/w) | Solubility Soluble in water, methanol and diethyl ether. |
<br><br>| Section X. Stability and Reactivity |  |
|---|---|
| Section X. Stability and Reactivity |   |
| Corrosivity Not available |   |
| Stability The product is stable. | Hazardous Will not occur under normal working conditions. Polymerization |
| Incompatible Reactive with oxidizing agents, acids and Substances / alkalis. Conditions to Avoid | Decomposition May release COx, smoke and irritating vapours when Products heated to decomposition. |
**Section XI. Toxicological Information**<br><br>Eye contact and ingestion.  **Routes of Entry**<br><br>LD50: 4700 mg/kg (oral/rat). [Ethylene Glycol] 
LD50: 9530 mg/kg (dermal/rabbit). [Ethylene Glycol] 
**Acute Lethality**<br><br>**Chronic or Other Toxic Effects**
**Chronic or Other Toxic Effects**","| Corrosivity Not available |   |
| Stability The product is stable. | Hazardous Will not occur under normal working conditions. Polymerization |
| Incompatible Reactive with oxidizing agents, acids and Substances / alkalis. Conditions to Avoid | Decomposition May release COx, smoke and irritating vapours when Products heated to decomposition. |
**Section XI. Toxicological Information**<br><br>Eye contact and ingestion.  **Routes of Entry**<br><br>LD50: 4700 mg/kg (oral/rat). [Ethylene Glycol] 
LD50: 9530 mg/kg (dermal/rabbit). [Ethylene Glycol] 
**Acute Lethality**<br><br>**Chronic or Other Toxic Effects**
**Chronic or Other Toxic Effects**
Slightly hazardous in case of skin contact (irritant).  Dermal Route: <br><br>Slightly hazardous in case of inhalation (lung irritant). Can cause nausea, headaches and vomiting.  Inhalation Route: <br><br>Extremely dangerous in case of ingestion.  Oral Route: <br><br>Slightly hazardous in case of eye contact (irritant).  Eye Irritation/Inflammation: <br><br>Not available  Immunotoxicity: <br><br>Not available  Skin Sensitization: <br><br>Not available  Respiratory Tract Sensitization: <br><br>Not available  Mutagenic:",organs damage. Repeated exposure to a highly toxic material may produce general deterioration of health by an accumulation in one or many human organs. Section XII. Ecological Information Environmental Fate Not available BOD5 and COD Not available Additional Remarks No additional remark. Section XIII. Disposal Considerations Persistance/ Bioaccumulation Potential Products of Biodegradation Not available Not available Waste Disposal Preferred waste management priorities are: (1) recycle or reprocess; (2) incineration with energy recovery; (3) disposal at licensed waste disposal facility. Ensure that disposal or reprocessing is in compliance with government requirements and local disposal regulations. Consult your local or regional authorities. Section XIV. Transport Information DOT Classification Not a DOT controlled material (United States). Special Provisions for Transport Not applicable. Section XV. Regulatory Information Other Regulations This product is acceptable for use under the provisions of WHMIS-CPR. All components of this formulation are listed on the CEPA-DSL (Domestic Substances List). All components of this formulation are listed on the US EPA-TSCA Inventory. This product has been classified in accordance with the hazard criteria of the Controlled Products Regulations (CPR) and the MSDS contains all of the information required by the CPR. DSD/DPD (EEC) Not evaluated. WHMIS (Canada) D-2A Please contact Product Safety for more information. ADR (Europe) (Pictograms) NOT EVALUATED FOR EUROPEAN TRANSPORT NON ÉVALUÉ POUR LE TRANSPORT EUROPÉEN. TDG (Canada)
40,"What are the recommended engineering controls, personal protective equipment (PPE), and respiratory protection for handling the product?","For normal application, special ventilation is not necessary. If user's operations generate vapours or mist, use ventilation to keep exposure to airborne contaminants below the exposure limit. Make-up air should always be supplied to balance air removed by exhaust ventilation. Ensure that eyewash station and safety shower are close to work-station. Personal Protection - The selection of personal protective equipment varies, depending upon conditions of use. Wear appropriate clothing to prevent skin contact. As a minimum long sleeves and trousers should be worn. Where concentrations in air may exceed the occupational exposure limits given in Section 2 (and those applicable to your area) and where engineering, work practices or other means of exposure reduction are not adequate, NIOSH approved respirators may be necessary to prevent overexposure by inhalation. Wear appropriate chemically protective gloves. When handling hot product ensure gloves are heat resistant and insulated. Wear appropriate footwear to prevent product from coming in contact with feet and skin.","Section VIII. Exposure Controls/Personal Protection, Section IX. Physical and Chemical Properties","keep exposure to airborne contaminants below the exposure limit. Make-up air should always be supplied to balance air 
removed by exhaust ventilation. Ensure that eyewash station and safety shower are close to work-station. <br><br>**Engineering Controls**<br><br>**Personal Protection - The selection of personal protective equipment varies, depending upon conditions of use.**<br><br>Eye protection (i.e., safety glasses, safety goggles and/or face shield) should be determined based on conditions of use. If 
product is used in an application where splashing may occur, the use of safety goggles and/or a face shield should be 
considered. <br><br>**Eyes**<br><br>Wear appropriate clothing to prevent skin contact. As a minimum long sleeves and trousers should be worn.  **Body**<br><br>Where concentrations in air may exceed the occupational exposure limits given in Section 2 (and those applicable to your 
area) and where engineering, work practices or other means of exposure reduction are not adequate, NIOSH approved 
respirators may be necessary to prevent overexposure by inhalation. <br><br>**Respiratory**<br><br>Wear appropriate chemically protective gloves. When handling hot product ensure gloves are heat resistant and insulated. **Hands**<br><br>Wear appropriate footwear to prevent product from coming in contact with feet and skin.  **Feet**<br><br>| Section IX. Physical and Chemical Properties |  |
|---|---|
| Section IX. Physical and Chemical Properties |   |
| Physical State and Clear viscous liquid. Appearance | Viscosity Not available |","Protection Engineering Controls For normal application, special ventilation is not necessary. If user's operations generate vapours or mist, use ventilation to keep exposure to airborne contaminants below the exposure limit. Make-up air should always be supplied to balance air removed by exhaust ventilation. Ensure that eyewash station and safety shower are close to work-station. Personal Protection - The selection of personal protective equipment varies, depending upon conditions of use. Eyes Eye protection (i.e., safety glasses, safety goggles and/or face shield) should be determined based on conditions of use. If product is used in an application where splashing may occur, the use of safety goggles and/or a face shield should be considered. Body Wear appropriate clothing to prevent skin contact. As a minimum long sleeves and trousers should be worn. Respiratory Where concentrations in air may exceed the occupational exposure limits given in Section 2 (and those applicable to your area) and where engineering, work practices or other means of exposure reduction are not adequate, NIOSH approved respirators may be necessary to prevent overexposure by inhalation. Hands Wear appropriate chemically protective gloves. When handling hot product ensure gloves are heat resistant and insulated. Feet Wear appropriate footwear to prevent product from coming in contact with feet and skin. Section IX. Physical and Chemical Properties Clear viscous liquid. Viscosity Not available Physical State and Appearance Colour Odour Green. Odourless. Odour Threshold Not available Pour Point Not","area) and where engineering, work practices or other means of exposure reduction are not adequate, NIOSH approved 
respirators may be necessary to prevent overexposure by inhalation. <br><br>**Respiratory**<br><br>Wear appropriate chemically protective gloves. When handling hot product ensure gloves are heat resistant and insulated. **Hands**<br><br>Wear appropriate footwear to prevent product from coming in contact with feet and skin.  **Feet**<br><br>| Section IX. Physical and Chemical Properties |  |
|---|---|
| Section IX. Physical and Chemical Properties |   |
| Physical State and Clear viscous liquid. Appearance | Viscosity Not available |
| Colour Green. | Pour Point Not available |
| Odour Odourless. | Softening Point Not applicable. |
| Odour Threshold Not available | Dropping Point Not applicable. |
| Boiling Point 129 to 197°C (264 to 387°F) | Penetration Not applicable. |
| Density 1.115 to 1.145 (Water = 1) | Oil / Water Dist. Coeff. Not available |
| Vapour Density 2.1 (Air=1). | Ionicity (in water) Not available |
| Vapour Pressure 0.06 mmHg @ 20°C (68ºF). | Dispersion Properties Not available |
| Volatility 0% (w/w) | Solubility Soluble in water, methanol and diethyl ether. |
<br><br>| Section X. Stability and Reactivity |  |
|---|---|
| Section X. Stability and Reactivity |   |
| Corrosivity Not available |   |
| Stability The product is stable. | Hazardous Will not occur under normal working conditions. Polymerization |","CO2), smoke and irritating vapours as products of incomplete combustion. SMALL FIRE: Use DRY chemicals, CO2, water spray or foam. LARGE FIRE: Use water spray, fog or foam. DO NOT use water jet. Continued on Next Page Available in French ANTIFREEZE Page Number: 2 Section VI. Accidental Release Measures Material Release or Spill Small spill or leak: Dilute with water and mop up or absorb with an inert DRY material and place in an appropriate waste disposal container. Large spill or leak: Absorb with an inert material and put the spilled material in an appropriate waste disposal. Dispose of in accordance with regional regulations. Section VII. Handling and Storage Handling Storage Avoid contamination with reactive substances. After handling, always wash hands thoroughly with soap and water. Keep container dry. Keep container tightly closed. Keep in a cool, well-ventilated place. Section VIII. Exposure Controls/Personal Protection Engineering Controls For normal application, special ventilation is not necessary. If user's operations generate vapours or mist, use ventilation to keep exposure to airborne contaminants below the exposure limit. Make-up air should always be supplied to balance air removed by exhaust ventilation. Ensure that eyewash station and safety shower are close to work-station. Personal Protection - The selection of personal protective equipment varies, depending upon conditions of use. Eyes Eye protection (i.e., safety glasses, safety goggles and/or face shield) should be determined based on conditions of use. If product is used in an application where"
41,Are there any specific environmental precautions or considerations for the disposal of the product or its containers?,"For disposal, preferred waste management priorities are (1) recycle or reprocess; (2) incineration with energy recovery; (3) disposal at licensed waste disposal facility. Ensure that disposal or reprocessing is in compliance with government requirements and local disposal regulations. Consult your local or regional authorities.",Section XIII. Disposal Considerations,"licensed waste disposal facility. Ensure that disposal or reprocessing is in compliance with government requirements and 
local disposal regulations. Consult your local or regional authorities. <br><br>**Waste Disposal**| Section XIV. Transport Information |  |
|---|---|
| Section XIV. Transport Information |   |
| DOT Classification Not a DOT controlled material (United States). | Special Provisions Not applicable. for Transport |
<br><br>| Section XV. Regulatory Information |  |
|---|---|
| Section XV. Regulatory Information |   |
| Other This product is acceptable for use under the provisions of WHMIS-CPR. All components of this formulation are listed on the Regulations CEPA-DSL (Domestic Substances List). All components of this formulation are listed on the US EPA-TSCA Inventory. This product has been classified in accordance with the hazard criteria of the Controlled Products Regulations (CPR) and the MSDS contains all of the information required by the CPR. Please contact Product Safety for more information. |   |
| DSD/DPD (EEC) Not evaluated. | WHMIS (Canada) D-2A |
| ADR (Europe) NOT EVALUATED FOR (Pictograms) EUROPEAN TRANSPORT NON ÉVALUÉ POUR LE TRANSPORT EUROPÉEN. | TDG (Canada) (Pictograms) |
**Section XVI. Other Information**<br><br>Available upon request. 
*Marque de commerce de Petro-Canada - Trademark 
**References**<br><br>**Glossary**
ACGIH - American Conference of Governmental Industrial Hygienists 
ADR - Agreement on Dangerous goods by Road (Europe) 
ASTM - American Society for Testing and Materials ( 
BOD5 - Biological Oxygen Demand in 5 days",organs damage. Repeated exposure to a highly toxic material may produce general deterioration of health by an accumulation in one or many human organs. Section XII. Ecological Information Environmental Fate Not available BOD5 and COD Not available Additional Remarks No additional remark. Section XIII. Disposal Considerations Persistance/ Bioaccumulation Potential Products of Biodegradation Not available Not available Waste Disposal Preferred waste management priorities are: (1) recycle or reprocess; (2) incineration with energy recovery; (3) disposal at licensed waste disposal facility. Ensure that disposal or reprocessing is in compliance with government requirements and local disposal regulations. Consult your local or regional authorities. Section XIV. Transport Information DOT Classification Not a DOT controlled material (United States). Special Provisions for Transport Not applicable. Section XV. Regulatory Information Other Regulations This product is acceptable for use under the provisions of WHMIS-CPR. All components of this formulation are listed on the CEPA-DSL (Domestic Substances List). All components of this formulation are listed on the US EPA-TSCA Inventory. This product has been classified in accordance with the hazard criteria of the Controlled Products Regulations (CPR) and the MSDS contains all of the information required by the CPR. DSD/DPD (EEC) Not evaluated. WHMIS (Canada) D-2A Please contact Product Safety for more information. ADR (Europe) (Pictograms) NOT EVALUATED FOR EUROPEAN TRANSPORT NON ÉVALUÉ POUR LE TRANSPORT EUROPÉEN. TDG (Canada),"CO2), smoke and irritating vapours as products of incomplete combustion. SMALL FIRE: Use DRY chemicals, CO2, water spray or foam. LARGE FIRE: Use water spray, fog or foam. DO NOT use water jet. Continued on Next Page Available in French ANTIFREEZE Page Number: 2 Section VI. Accidental Release Measures Material Release or Spill Small spill or leak: Dilute with water and mop up or absorb with an inert DRY material and place in an appropriate waste disposal container. Large spill or leak: Absorb with an inert material and put the spilled material in an appropriate waste disposal. Dispose of in accordance with regional regulations. Section VII. Handling and Storage Handling Storage Avoid contamination with reactive substances. After handling, always wash hands thoroughly with soap and water. Keep container dry. Keep container tightly closed. Keep in a cool, well-ventilated place. Section VIII. Exposure Controls/Personal Protection Engineering Controls For normal application, special ventilation is not necessary. If user's operations generate vapours or mist, use ventilation to keep exposure to airborne contaminants below the exposure limit. Make-up air should always be supplied to balance air removed by exhaust ventilation. Ensure that eyewash station and safety shower are close to work-station. Personal Protection - The selection of personal protective equipment varies, depending upon conditions of use. Eyes Eye protection (i.e., safety glasses, safety goggles and/or face shield) should be determined based on conditions of use. If product is used in an application where","target organs damage. Repeated exposure to a highly toxic material may produce general deterioration of health 
by an accumulation in one or many human organs. <br><br>**Other Considerations**<br><br>|  |  |
|---|---|
|   |   |
| Section XII. Ecological Information |   |
| Environmental Fate Not available | Persistance/ Not available Bioaccumulation Potential |
| BOD5 and COD Not available | Products of Not available Biodegradation |
| Additional Remarks No additional remark. |   |
<br><br>**Section XIII. Disposal Considerations**<br><br>Preferred waste management priorities are: (1) recycle or reprocess; (2) incineration with energy recovery; (3) disposal at 
licensed waste disposal facility. Ensure that disposal or reprocessing is in compliance with government requirements and 
local disposal regulations. Consult your local or regional authorities. <br><br>**Waste Disposal**| Section XIV. Transport Information |  |
|---|---|
| Section XIV. Transport Information |   |
| DOT Classification Not a DOT controlled material (United States). | Special Provisions Not applicable. for Transport |
<br><br>| Section XV. Regulatory Information |  |
|---|---|
| Section XV. Regulatory Information |   |"
42,Can the specific chemical identity or exact percentage of the composition be disclosed for the product?,Information not available in the provided context,N/A,"Ionicity (in water) Not available Vapour Pressure 0.06 mmHg @ 20°C (68ºF). Dispersion Properties Not available Volatility 0% (w/w) Solubility Soluble in water, methanol and diethyl ether. Section X. Stability and Reactivity Corrosivity Stability Not available The product is stable. Hazardous Polymerization Will not occur under normal working conditions. Incompatible Substances / Conditions to Avoid Reactive with oxidizing agents, acids and alkalis. Decomposition Products May release COx, smoke and irritating vapours when heated to decomposition. Section XI. Toxicological Information Routes of Entry Acute Lethality Chronic or Other Toxic Effects Chronic or Other Toxic Effects Dermal Route: Inhalation Route: Oral Route: Eye contact and ingestion. LD50: 4700 mg/kg (oral/rat). [Ethylene Glycol] LD50: 9530 mg/kg (dermal/rabbit). [Ethylene Glycol] Slightly hazardous in case of skin contact (irritant). Slightly hazardous in case of inhalation (lung irritant). Can cause nausea, headaches and vomiting. Extremely dangerous in case of ingestion. Eye Irritation/Inflammation: Slightly hazardous in case of eye contact (irritant). Immunotoxicity: Skin Sensitization: Respiratory Tract Sensitization: Mutagenic: Continued on Next Page Not available Not available Not available Not available Available in French ANTIFREEZE Page Number: 3 Reproductive Toxicity: Not available Teratogenicity/Embryotoxicity: Fetotoxic and teratogenic in mice at levels below maternal toxicity. Carcinogenicity (ACGIH): ACGIH A4: not classifiable as a human carcinogen. Carcinogenicity (IARC): Carcinogenicity (NTP):","| Boiling Point 129 to 197°C (264 to 387°F) | Penetration Not applicable. |
| Density 1.115 to 1.145 (Water = 1) | Oil / Water Dist. Coeff. Not available |
| Vapour Density 2.1 (Air=1). | Ionicity (in water) Not available |
| Vapour Pressure 0.06 mmHg @ 20°C (68ºF). | Dispersion Properties Not available |
| Volatility 0% (w/w) | Solubility Soluble in water, methanol and diethyl ether. |
<br><br>| Section X. Stability and Reactivity |  |
|---|---|
| Section X. Stability and Reactivity |   |
| Corrosivity Not available |   |
| Stability The product is stable. | Hazardous Will not occur under normal working conditions. Polymerization |
| Incompatible Reactive with oxidizing agents, acids and Substances / alkalis. Conditions to Avoid | Decomposition May release COx, smoke and irritating vapours when Products heated to decomposition. |
**Section XI. Toxicological Information**<br><br>Eye contact and ingestion.  **Routes of Entry**<br><br>LD50: 4700 mg/kg (oral/rat). [Ethylene Glycol] 
LD50: 9530 mg/kg (dermal/rabbit). [Ethylene Glycol] 
**Acute Lethality**<br><br>**Chronic or Other Toxic Effects**
**Chronic or Other Toxic Effects**","licensed waste disposal facility. Ensure that disposal or reprocessing is in compliance with government requirements and 
local disposal regulations. Consult your local or regional authorities. <br><br>**Waste Disposal**| Section XIV. Transport Information |  |
|---|---|
| Section XIV. Transport Information |   |
| DOT Classification Not a DOT controlled material (United States). | Special Provisions Not applicable. for Transport |
<br><br>| Section XV. Regulatory Information |  |
|---|---|
| Section XV. Regulatory Information |   |
| Other This product is acceptable for use under the provisions of WHMIS-CPR. All components of this formulation are listed on the Regulations CEPA-DSL (Domestic Substances List). All components of this formulation are listed on the US EPA-TSCA Inventory. This product has been classified in accordance with the hazard criteria of the Controlled Products Regulations (CPR) and the MSDS contains all of the information required by the CPR. Please contact Product Safety for more information. |   |
| DSD/DPD (EEC) Not evaluated. | WHMIS (Canada) D-2A |
| ADR (Europe) NOT EVALUATED FOR (Pictograms) EUROPEAN TRANSPORT NON ÉVALUÉ POUR LE TRANSPORT EUROPÉEN. | TDG (Canada) (Pictograms) |
**Section XVI. Other Information**<br><br>Available upon request. 
*Marque de commerce de Petro-Canada - Trademark 
**References**<br><br>**Glossary**
ACGIH - American Conference of Governmental Industrial Hygienists 
ADR - Agreement on Dangerous goods by Road (Europe) 
ASTM - American Society for Testing and Materials ( 
BOD5 - Biological Oxygen Demand in 5 days","| Corrosivity Not available |   |
| Stability The product is stable. | Hazardous Will not occur under normal working conditions. Polymerization |
| Incompatible Reactive with oxidizing agents, acids and Substances / alkalis. Conditions to Avoid | Decomposition May release COx, smoke and irritating vapours when Products heated to decomposition. |
**Section XI. Toxicological Information**<br><br>Eye contact and ingestion.  **Routes of Entry**<br><br>LD50: 4700 mg/kg (oral/rat). [Ethylene Glycol] 
LD50: 9530 mg/kg (dermal/rabbit). [Ethylene Glycol] 
**Acute Lethality**<br><br>**Chronic or Other Toxic Effects**
**Chronic or Other Toxic Effects**
Slightly hazardous in case of skin contact (irritant).  Dermal Route: <br><br>Slightly hazardous in case of inhalation (lung irritant). Can cause nausea, headaches and vomiting.  Inhalation Route: <br><br>Extremely dangerous in case of ingestion.  Oral Route: <br><br>Slightly hazardous in case of eye contact (irritant).  Eye Irritation/Inflammation: <br><br>Not available  Immunotoxicity: <br><br>Not available  Skin Sensitization: <br><br>Not available  Respiratory Tract Sensitization: <br><br>Not available  Mutagenic:"
