,Question,Answer,Source,Context_1,Context_2,Context_3,Context_4
0,What is the product identifier?,ANTIFREEZE,Section XVI. Other Information,"licensed waste disposal facility. Ensure that disposal or reprocessing is in compliance with government requirements and 
local disposal regulations. Consult your local or regional authorities. <br><br>**Waste Disposal**| Section XIV. Transport Information |  |
|---|---|
| Section XIV. Transport Information |   |
| DOT Classification Not a DOT controlled material (United States). | Special Provisions Not applicable. for Transport |
<br><br>| Section XV. Regulatory Information |  |
|---|---|
| Section XV. Regulatory Information |   |
| Other This product is acceptable for use under the provisions of WHMIS-CPR. All components of this formulation are listed on the Regulations CEPA-DSL (Domestic Substances List). All components of this formulation are listed on the US EPA-TSCA Inventory. This product has been classified in accordance with the hazard criteria of the Controlled Products Regulations (CPR) and the MSDS contains all of the information required by the CPR. Please contact Product Safety for more information. |   |
| DSD/DPD (EEC) Not evaluated. | WHMIS (Canada) D-2A |
| ADR (Europe) NOT EVALUATED FOR (Pictograms) EUROPEAN TRANSPORT NON ÉVALUÉ POUR LE TRANSPORT EUROPÉEN. | TDG (Canada) (Pictograms) |
**Section XVI. Other Information**<br><br>Available upon request. 
*Marque de commerce de Petro-Canada - Trademark 
**References**<br><br>**Glossary**
ACGIH - American Conference of Governmental Industrial Hygienists 
ADR - Agreement on Dangerous goods by Road (Europe) 
ASTM - American Society for Testing and Materials ( 
BOD5 - Biological Oxygen Demand in 5 days","PEL - Permissible Exposure Limit 
RCRA - Resource Conservation and Recovery Act 
SARA - Superfund Amendments and Reorganization Act 
SD - Single Dose 
STEL - Short Term Exposure Limit (15 minutes) 
TDG - Transportation Dangerous Goods (Canada) 
TDLo/TCLo - Lowest Published Toxic Dose/Concentration 
TLm - Median Tolerance Limit 
TLV-TWA - Threshold Limit Value-Time Weighted Average 
TSCA - Toxic Substances Control Act 
USEPA - United States Environmental Protection Agency <br><br>Propane Installation Code **ANTIFREEZE**<br><br>FDA - Food and Drug Administration 
FIFRA - Federal Insecticide, Fungicide and Rodenticide Act 
HCS - Hazardous Communication System 
HMIS - Hazardous Material Information System 
IARC - International Agency for Research on Cancer <br><br>**For Copy of MSDS**
**Western Canada, telephone: 403-296-4158; fax: 403-296-6551**
**Ontario & Central Canada, telephone: 1-800-668-0220; fax: 1-800-837-1228**
**Quebec & Eastern Canada, telephone: 514-640-8308; fax: 514-640-8385**<br><br>**Prepared by Product Safety - TAR on 7/3/2001.**<br><br>**Data entry by Product Safety - JDW.**<br><br>**For Product Safety Information: (905) 804-4752**<br><br>**To the best of our knowledge, the information contained herein is accurate. However, neither the above named supplier nor any of its**
**subsidiaries assumes any liability whatsoever for the accuracy or completeness of the information contained herein. Final**
**determination of suitability of any material is the sole responsibility of the user. All materials may present unknown hazards and should**","| DSD/DPD (EEC) Not evaluated. | WHMIS (Canada) D-2A |
| ADR (Europe) NOT EVALUATED FOR (Pictograms) EUROPEAN TRANSPORT NON ÉVALUÉ POUR LE TRANSPORT EUROPÉEN. | TDG (Canada) (Pictograms) |
**Section XVI. Other Information**<br><br>Available upon request. 
*Marque de commerce de Petro-Canada - Trademark 
**References**<br><br>**Glossary**
ACGIH - American Conference of Governmental Industrial Hygienists 
ADR - Agreement on Dangerous goods by Road (Europe) 
ASTM - American Society for Testing and Materials ( 
BOD5 - Biological Oxygen Demand in 5 days 
CAN/CGA B149.2 
CAS - Chemical Abstract Services 
CEPA - Canadian Environmental Protection Act 
CERCLA - Comprehensive Environmental Response, Compensation and 
Liability Act 
CFR - Code of Federal Regulations 
CHIP - Chemicals Hazard Information and Packaging Approved Supply List 
COD5 - Chemical Oxygen Demand in 5 days 
CPR - Controlled Products Regulations 
DOT - Department of Transport 
DSCL - Dangerous Substances Classification and Labeling (Europe) 
DSD/DPD - Dangerous Substances or Dangerous Preparations Directives 
(Europe) 
DSL - Domestic Substance List 
EEC/EU - European Economic Community/European Union 
EINECS - European Inventory of Existing Commercial Chemical Substances 
EPCRA - Emergency Planning and Community Right to Know Act  IRIS - Integrated Risk Information System 
LD50/LC50 - Lethal Dose/Concentration kill 50% 
LDLo/LCLo - Lowest Published Lethal Dose/Concentration 
NAERG'96 - North American Emergency Response Guide Book (1996) 
NFPA - National Fire Prevention Association","| Boiling Point 129 to 197°C (264 to 387°F) | Penetration Not applicable. |
| Density 1.115 to 1.145 (Water = 1) | Oil / Water Dist. Coeff. Not available |
| Vapour Density 2.1 (Air=1). | Ionicity (in water) Not available |
| Vapour Pressure 0.06 mmHg @ 20°C (68ºF). | Dispersion Properties Not available |
| Volatility 0% (w/w) | Solubility Soluble in water, methanol and diethyl ether. |
<br><br>| Section X. Stability and Reactivity |  |
|---|---|
| Section X. Stability and Reactivity |   |
| Corrosivity Not available |   |
| Stability The product is stable. | Hazardous Will not occur under normal working conditions. Polymerization |
| Incompatible Reactive with oxidizing agents, acids and Substances / alkalis. Conditions to Avoid | Decomposition May release COx, smoke and irritating vapours when Products heated to decomposition. |
**Section XI. Toxicological Information**<br><br>Eye contact and ingestion.  **Routes of Entry**<br><br>LD50: 4700 mg/kg (oral/rat). [Ethylene Glycol] 
LD50: 9530 mg/kg (dermal/rabbit). [Ethylene Glycol] 
**Acute Lethality**<br><br>**Chronic or Other Toxic Effects**
**Chronic or Other Toxic Effects**"
1,When was the Safety Data Sheet issued?,Information not available in the provided context,N/A,"DOT - Department of Transport 
DSCL - Dangerous Substances Classification and Labeling (Europe) 
DSD/DPD - Dangerous Substances or Dangerous Preparations Directives 
(Europe) 
DSL - Domestic Substance List 
EEC/EU - European Economic Community/European Union 
EINECS - European Inventory of Existing Commercial Chemical Substances 
EPCRA - Emergency Planning and Community Right to Know Act  IRIS - Integrated Risk Information System 
LD50/LC50 - Lethal Dose/Concentration kill 50% 
LDLo/LCLo - Lowest Published Lethal Dose/Concentration 
NAERG'96 - North American Emergency Response Guide Book (1996) 
NFPA - National Fire Prevention Association 
NIOSH - National Institute for Occupational Safety & Health 
NPRI - National Pollutant Release Inventory 
NSNR - New Substances Notification Regulations (Canada) 
NTP - National Toxicology Program 
OSHA - Occupational Safety & Health Administration 
PEL - Permissible Exposure Limit 
RCRA - Resource Conservation and Recovery Act 
SARA - Superfund Amendments and Reorganization Act 
SD - Single Dose 
STEL - Short Term Exposure Limit (15 minutes) 
TDG - Transportation Dangerous Goods (Canada) 
TDLo/TCLo - Lowest Published Toxic Dose/Concentration 
TLm - Median Tolerance Limit 
TLV-TWA - Threshold Limit Value-Time Weighted Average 
TSCA - Toxic Substances Control Act 
USEPA - United States Environmental Protection Agency <br><br>Propane Installation Code **ANTIFREEZE**<br><br>FDA - Food and Drug Administration 
FIFRA - Federal Insecticide, Fungicide and Rodenticide Act 
HCS - Hazardous Communication System","| DSD/DPD (EEC) Not evaluated. | WHMIS (Canada) D-2A |
| ADR (Europe) NOT EVALUATED FOR (Pictograms) EUROPEAN TRANSPORT NON ÉVALUÉ POUR LE TRANSPORT EUROPÉEN. | TDG (Canada) (Pictograms) |
**Section XVI. Other Information**<br><br>Available upon request. 
*Marque de commerce de Petro-Canada - Trademark 
**References**<br><br>**Glossary**
ACGIH - American Conference of Governmental Industrial Hygienists 
ADR - Agreement on Dangerous goods by Road (Europe) 
ASTM - American Society for Testing and Materials ( 
BOD5 - Biological Oxygen Demand in 5 days 
CAN/CGA B149.2 
CAS - Chemical Abstract Services 
CEPA - Canadian Environmental Protection Act 
CERCLA - Comprehensive Environmental Response, Compensation and 
Liability Act 
CFR - Code of Federal Regulations 
CHIP - Chemicals Hazard Information and Packaging Approved Supply List 
COD5 - Chemical Oxygen Demand in 5 days 
CPR - Controlled Products Regulations 
DOT - Department of Transport 
DSCL - Dangerous Substances Classification and Labeling (Europe) 
DSD/DPD - Dangerous Substances or Dangerous Preparations Directives 
(Europe) 
DSL - Domestic Substance List 
EEC/EU - European Economic Community/European Union 
EINECS - European Inventory of Existing Commercial Chemical Substances 
EPCRA - Emergency Planning and Community Right to Know Act  IRIS - Integrated Risk Information System 
LD50/LC50 - Lethal Dose/Concentration kill 50% 
LDLo/LCLo - Lowest Published Lethal Dose/Concentration 
NAERG'96 - North American Emergency Response Guide Book (1996) 
NFPA - National Fire Prevention Association","licensed waste disposal facility. Ensure that disposal or reprocessing is in compliance with government requirements and 
local disposal regulations. Consult your local or regional authorities. <br><br>**Waste Disposal**| Section XIV. Transport Information |  |
|---|---|
| Section XIV. Transport Information |   |
| DOT Classification Not a DOT controlled material (United States). | Special Provisions Not applicable. for Transport |
<br><br>| Section XV. Regulatory Information |  |
|---|---|
| Section XV. Regulatory Information |   |
| Other This product is acceptable for use under the provisions of WHMIS-CPR. All components of this formulation are listed on the Regulations CEPA-DSL (Domestic Substances List). All components of this formulation are listed on the US EPA-TSCA Inventory. This product has been classified in accordance with the hazard criteria of the Controlled Products Regulations (CPR) and the MSDS contains all of the information required by the CPR. Please contact Product Safety for more information. |   |
| DSD/DPD (EEC) Not evaluated. | WHMIS (Canada) D-2A |
| ADR (Europe) NOT EVALUATED FOR (Pictograms) EUROPEAN TRANSPORT NON ÉVALUÉ POUR LE TRANSPORT EUROPÉEN. | TDG (Canada) (Pictograms) |
**Section XVI. Other Information**<br><br>Available upon request. 
*Marque de commerce de Petro-Canada - Trademark 
**References**<br><br>**Glossary**
ACGIH - American Conference of Governmental Industrial Hygienists 
ADR - Agreement on Dangerous goods by Road (Europe) 
ASTM - American Society for Testing and Materials ( 
BOD5 - Biological Oxygen Demand in 5 days","| Material Safety Data Sheet |  |  |  |  |  |
|---|---|---|---|---|---|
| Material Safety Data Sheet |   |   |   |   |   |
| NFPA HMIS (U.S.A.) Rating Protective Clothing DOT (pictograms) |   |   |   |   |   |
| Fire Hazard 1 Health 2 0 Reactivity Specific hazard | Health Hazard 2* | 0 Insignificant 1 Slight 2 Moderate 3 High 4 Extreme |   |   |   |
|   | Fire Hazard 1 Reactivity 0 |   |   |   |   |
|   | Personal Protection H |   |   |   |   |
| Section I. Chemical Product and Company Identification |   |   |   |   |   |
| Product Name ANTIFREEZE |   |   |   | Code W269 |   |
|   |   |   |   | DSL On the DSL. |   |
| Synonym Universal Antifreeze, Radiator Antifreeze, Diesel Antifreeze, Petro-Canada Antifreeze-Coolant, Petro-Canada Heavy Duty Antifreeze-Coolant, Pre-Mix Antifreeze, Petro-Canada Premium Radiator Antifreeze. |   |   |   |   |   |
|   |   |   |   | TSCA On TSCA list. |   |
| Manufacturer PETRO-CANADA P.O. Box 2844 Calgary, Alberta T2P 3E3 |   |   |   | In case of Petro-Canada: 403-296-3000 Emergency Canutec Transportation: 613-996-6666 Poison Control Centre: Consult local telephone directory for emergency number(s). |   |
| Material Uses Used as an engine antifreeze coolant. |   |   |   |   |   |
| Section II. Composition and Information on Ingredients |  |  |  |  |  |
|---|---|---|---|---|---|
| Section II. Composition and Information on Ingredients |   |   |   |   |   |
|   |   |   | Exposure Limits (ACGIH) |   |   |
| Name | CAS # | % (V/V) | TLV-TWA(8 h) | STEL | CEILING |"
2,What is the product description?,"The product is an ethylene glycol-based formulation, suitable for use under WHMIS-CPR, CEPA-DSL, and US EPA-TSCA Inventory, with no DSD/DPD evaluation in EEC, and a TDG classification of D-2A in Canada.",Section XV. Regulatory Information,"licensed waste disposal facility. Ensure that disposal or reprocessing is in compliance with government requirements and 
local disposal regulations. Consult your local or regional authorities. <br><br>**Waste Disposal**| Section XIV. Transport Information |  |
|---|---|
| Section XIV. Transport Information |   |
| DOT Classification Not a DOT controlled material (United States). | Special Provisions Not applicable. for Transport |
<br><br>| Section XV. Regulatory Information |  |
|---|---|
| Section XV. Regulatory Information |   |
| Other This product is acceptable for use under the provisions of WHMIS-CPR. All components of this formulation are listed on the Regulations CEPA-DSL (Domestic Substances List). All components of this formulation are listed on the US EPA-TSCA Inventory. This product has been classified in accordance with the hazard criteria of the Controlled Products Regulations (CPR) and the MSDS contains all of the information required by the CPR. Please contact Product Safety for more information. |   |
| DSD/DPD (EEC) Not evaluated. | WHMIS (Canada) D-2A |
| ADR (Europe) NOT EVALUATED FOR (Pictograms) EUROPEAN TRANSPORT NON ÉVALUÉ POUR LE TRANSPORT EUROPÉEN. | TDG (Canada) (Pictograms) |
**Section XVI. Other Information**<br><br>Available upon request. 
*Marque de commerce de Petro-Canada - Trademark 
**References**<br><br>**Glossary**
ACGIH - American Conference of Governmental Industrial Hygienists 
ADR - Agreement on Dangerous goods by Road (Europe) 
ASTM - American Society for Testing and Materials ( 
BOD5 - Biological Oxygen Demand in 5 days","| Boiling Point 129 to 197°C (264 to 387°F) | Penetration Not applicable. |
| Density 1.115 to 1.145 (Water = 1) | Oil / Water Dist. Coeff. Not available |
| Vapour Density 2.1 (Air=1). | Ionicity (in water) Not available |
| Vapour Pressure 0.06 mmHg @ 20°C (68ºF). | Dispersion Properties Not available |
| Volatility 0% (w/w) | Solubility Soluble in water, methanol and diethyl ether. |
<br><br>| Section X. Stability and Reactivity |  |
|---|---|
| Section X. Stability and Reactivity |   |
| Corrosivity Not available |   |
| Stability The product is stable. | Hazardous Will not occur under normal working conditions. Polymerization |
| Incompatible Reactive with oxidizing agents, acids and Substances / alkalis. Conditions to Avoid | Decomposition May release COx, smoke and irritating vapours when Products heated to decomposition. |
**Section XI. Toxicological Information**<br><br>Eye contact and ingestion.  **Routes of Entry**<br><br>LD50: 4700 mg/kg (oral/rat). [Ethylene Glycol] 
LD50: 9530 mg/kg (dermal/rabbit). [Ethylene Glycol] 
**Acute Lethality**<br><br>**Chronic or Other Toxic Effects**
**Chronic or Other Toxic Effects**","| Corrosivity Not available |   |
| Stability The product is stable. | Hazardous Will not occur under normal working conditions. Polymerization |
| Incompatible Reactive with oxidizing agents, acids and Substances / alkalis. Conditions to Avoid | Decomposition May release COx, smoke and irritating vapours when Products heated to decomposition. |
**Section XI. Toxicological Information**<br><br>Eye contact and ingestion.  **Routes of Entry**<br><br>LD50: 4700 mg/kg (oral/rat). [Ethylene Glycol] 
LD50: 9530 mg/kg (dermal/rabbit). [Ethylene Glycol] 
**Acute Lethality**<br><br>**Chronic or Other Toxic Effects**
**Chronic or Other Toxic Effects**
Slightly hazardous in case of skin contact (irritant).  Dermal Route: <br><br>Slightly hazardous in case of inhalation (lung irritant). Can cause nausea, headaches and vomiting.  Inhalation Route: <br><br>Extremely dangerous in case of ingestion.  Oral Route: <br><br>Slightly hazardous in case of eye contact (irritant).  Eye Irritation/Inflammation: <br><br>Not available  Immunotoxicity: <br><br>Not available  Skin Sensitization: <br><br>Not available  Respiratory Tract Sensitization: <br><br>Not available  Mutagenic:","| DSD/DPD (EEC) Not evaluated. | WHMIS (Canada) D-2A |
| ADR (Europe) NOT EVALUATED FOR (Pictograms) EUROPEAN TRANSPORT NON ÉVALUÉ POUR LE TRANSPORT EUROPÉEN. | TDG (Canada) (Pictograms) |
**Section XVI. Other Information**<br><br>Available upon request. 
*Marque de commerce de Petro-Canada - Trademark 
**References**<br><br>**Glossary**
ACGIH - American Conference of Governmental Industrial Hygienists 
ADR - Agreement on Dangerous goods by Road (Europe) 
ASTM - American Society for Testing and Materials ( 
BOD5 - Biological Oxygen Demand in 5 days 
CAN/CGA B149.2 
CAS - Chemical Abstract Services 
CEPA - Canadian Environmental Protection Act 
CERCLA - Comprehensive Environmental Response, Compensation and 
Liability Act 
CFR - Code of Federal Regulations 
CHIP - Chemicals Hazard Information and Packaging Approved Supply List 
COD5 - Chemical Oxygen Demand in 5 days 
CPR - Controlled Products Regulations 
DOT - Department of Transport 
DSCL - Dangerous Substances Classification and Labeling (Europe) 
DSD/DPD - Dangerous Substances or Dangerous Preparations Directives 
(Europe) 
DSL - Domestic Substance List 
EEC/EU - European Economic Community/European Union 
EINECS - European Inventory of Existing Commercial Chemical Substances 
EPCRA - Emergency Planning and Community Right to Know Act  IRIS - Integrated Risk Information System 
LD50/LC50 - Lethal Dose/Concentration kill 50% 
LDLo/LCLo - Lowest Published Lethal Dose/Concentration 
NAERG'96 - North American Emergency Response Guide Book (1996) 
NFPA - National Fire Prevention Association"
3,Who is the manufacturer of the product?,Petro-Canada,Section I. Identification,"|   |   |   |   | TSCA On TSCA list. |   |
| Manufacturer PETRO-CANADA P.O. Box 2844 Calgary, Alberta T2P 3E3 |   |   |   | In case of Petro-Canada: 403-296-3000 Emergency Canutec Transportation: 613-996-6666 Poison Control Centre: Consult local telephone directory for emergency number(s). |   |
| Material Uses Used as an engine antifreeze coolant. |   |   |   |   |   |
| Section II. Composition and Information on Ingredients |  |  |  |  |  |
|---|---|---|---|---|---|
| Section II. Composition and Information on Ingredients |   |   |   |   |   |
|   |   |   | Exposure Limits (ACGIH) |   |   |
| Name | CAS # | % (V/V) | TLV-TWA(8 h) | STEL | CEILING |
| 1) Ethylene glycol 2) Sodium tetraborate pentahydrate | 107-21-1 1330-43-4 | >55 <5 | Not established 1 mg/m³ | Not established Not established | 100 mg/m³ (aerosol) Not established |
| Manufacturer Not applicable Recommendation |   |   |   |   |   |
| Other Exposure LimitsConsult local, state, provincial or territory authorities for acceptable exposure limits. |   |   |   |   |   |
<br><br>**Section III. Hazards Identification.**<br><br>Contact can cause slight irritation of skin, eyes and respiratory tract. Extremely dangerous in case of ingestion. For more 
information, refer to Section 11. 
**Potential Health**
**Effects****Section IV. First Aid Measures**<br><br>IMMEDIATELY flush eyes with running water for at least 15 minutes, keeping eyelids open. Seek medical attention.  **Eye Contact**<br><br>Remove contaminated clothing - launder before reuse. Wash gently and thoroughly the contaminated skin with running water","licensed waste disposal facility. Ensure that disposal or reprocessing is in compliance with government requirements and 
local disposal regulations. Consult your local or regional authorities. <br><br>**Waste Disposal**| Section XIV. Transport Information |  |
|---|---|
| Section XIV. Transport Information |   |
| DOT Classification Not a DOT controlled material (United States). | Special Provisions Not applicable. for Transport |
<br><br>| Section XV. Regulatory Information |  |
|---|---|
| Section XV. Regulatory Information |   |
| Other This product is acceptable for use under the provisions of WHMIS-CPR. All components of this formulation are listed on the Regulations CEPA-DSL (Domestic Substances List). All components of this formulation are listed on the US EPA-TSCA Inventory. This product has been classified in accordance with the hazard criteria of the Controlled Products Regulations (CPR) and the MSDS contains all of the information required by the CPR. Please contact Product Safety for more information. |   |
| DSD/DPD (EEC) Not evaluated. | WHMIS (Canada) D-2A |
| ADR (Europe) NOT EVALUATED FOR (Pictograms) EUROPEAN TRANSPORT NON ÉVALUÉ POUR LE TRANSPORT EUROPÉEN. | TDG (Canada) (Pictograms) |
**Section XVI. Other Information**<br><br>Available upon request. 
*Marque de commerce de Petro-Canada - Trademark 
**References**<br><br>**Glossary**
ACGIH - American Conference of Governmental Industrial Hygienists 
ADR - Agreement on Dangerous goods by Road (Europe) 
ASTM - American Society for Testing and Materials ( 
BOD5 - Biological Oxygen Demand in 5 days","area) and where engineering, work practices or other means of exposure reduction are not adequate, NIOSH approved 
respirators may be necessary to prevent overexposure by inhalation. <br><br>**Respiratory**<br><br>Wear appropriate chemically protective gloves. When handling hot product ensure gloves are heat resistant and insulated. **Hands**<br><br>Wear appropriate footwear to prevent product from coming in contact with feet and skin.  **Feet**<br><br>| Section IX. Physical and Chemical Properties |  |
|---|---|
| Section IX. Physical and Chemical Properties |   |
| Physical State and Clear viscous liquid. Appearance | Viscosity Not available |
| Colour Green. | Pour Point Not available |
| Odour Odourless. | Softening Point Not applicable. |
| Odour Threshold Not available | Dropping Point Not applicable. |
| Boiling Point 129 to 197°C (264 to 387°F) | Penetration Not applicable. |
| Density 1.115 to 1.145 (Water = 1) | Oil / Water Dist. Coeff. Not available |
| Vapour Density 2.1 (Air=1). | Ionicity (in water) Not available |
| Vapour Pressure 0.06 mmHg @ 20°C (68ºF). | Dispersion Properties Not available |
| Volatility 0% (w/w) | Solubility Soluble in water, methanol and diethyl ether. |
<br><br>| Section X. Stability and Reactivity |  |
|---|---|
| Section X. Stability and Reactivity |   |
| Corrosivity Not available |   |
| Stability The product is stable. | Hazardous Will not occur under normal working conditions. Polymerization |","keep exposure to airborne contaminants below the exposure limit. Make-up air should always be supplied to balance air 
removed by exhaust ventilation. Ensure that eyewash station and safety shower are close to work-station. <br><br>**Engineering Controls**<br><br>**Personal Protection - The selection of personal protective equipment varies, depending upon conditions of use.**<br><br>Eye protection (i.e., safety glasses, safety goggles and/or face shield) should be determined based on conditions of use. If 
product is used in an application where splashing may occur, the use of safety goggles and/or a face shield should be 
considered. <br><br>**Eyes**<br><br>Wear appropriate clothing to prevent skin contact. As a minimum long sleeves and trousers should be worn.  **Body**<br><br>Where concentrations in air may exceed the occupational exposure limits given in Section 2 (and those applicable to your 
area) and where engineering, work practices or other means of exposure reduction are not adequate, NIOSH approved 
respirators may be necessary to prevent overexposure by inhalation. <br><br>**Respiratory**<br><br>Wear appropriate chemically protective gloves. When handling hot product ensure gloves are heat resistant and insulated. **Hands**<br><br>Wear appropriate footwear to prevent product from coming in contact with feet and skin.  **Feet**<br><br>| Section IX. Physical and Chemical Properties |  |
|---|---|
| Section IX. Physical and Chemical Properties |   |
| Physical State and Clear viscous liquid. Appearance | Viscosity Not available |"
4,What is the emergency telephone number for the product?,In case of Petro-Canada: 403-296-3000 Emergency Canutec Transportation: 613-996-6666 Poison Control Centre: Consult local telephone directory for emergency number(s).,Section I. Identification,"|   |   |   |   | TSCA On TSCA list. |   |
| Manufacturer PETRO-CANADA P.O. Box 2844 Calgary, Alberta T2P 3E3 |   |   |   | In case of Petro-Canada: 403-296-3000 Emergency Canutec Transportation: 613-996-6666 Poison Control Centre: Consult local telephone directory for emergency number(s). |   |
| Material Uses Used as an engine antifreeze coolant. |   |   |   |   |   |
| Section II. Composition and Information on Ingredients |  |  |  |  |  |
|---|---|---|---|---|---|
| Section II. Composition and Information on Ingredients |   |   |   |   |   |
|   |   |   | Exposure Limits (ACGIH) |   |   |
| Name | CAS # | % (V/V) | TLV-TWA(8 h) | STEL | CEILING |
| 1) Ethylene glycol 2) Sodium tetraborate pentahydrate | 107-21-1 1330-43-4 | >55 <5 | Not established 1 mg/m³ | Not established Not established | 100 mg/m³ (aerosol) Not established |
| Manufacturer Not applicable Recommendation |   |   |   |   |   |
| Other Exposure LimitsConsult local, state, provincial or territory authorities for acceptable exposure limits. |   |   |   |   |   |
<br><br>**Section III. Hazards Identification.**<br><br>Contact can cause slight irritation of skin, eyes and respiratory tract. Extremely dangerous in case of ingestion. For more 
information, refer to Section 11. 
**Potential Health**
**Effects****Section IV. First Aid Measures**<br><br>IMMEDIATELY flush eyes with running water for at least 15 minutes, keeping eyelids open. Seek medical attention.  **Eye Contact**<br><br>Remove contaminated clothing - launder before reuse. Wash gently and thoroughly the contaminated skin with running water","**Quebec & Eastern Canada, telephone: 514-640-8308; fax: 514-640-8385**<br><br>**Prepared by Product Safety - TAR on 7/3/2001.**<br><br>**Data entry by Product Safety - JDW.**<br><br>**For Product Safety Information: (905) 804-4752**<br><br>**To the best of our knowledge, the information contained herein is accurate. However, neither the above named supplier nor any of its**
**subsidiaries assumes any liability whatsoever for the accuracy or completeness of the information contained herein. Final**
**determination of suitability of any material is the sole responsibility of the user. All materials may present unknown hazards and should**
**be used with caution. Although certain hazards are described herein, we cannot guarantee that these are the only hazards that exist.**","PEL - Permissible Exposure Limit 
RCRA - Resource Conservation and Recovery Act 
SARA - Superfund Amendments and Reorganization Act 
SD - Single Dose 
STEL - Short Term Exposure Limit (15 minutes) 
TDG - Transportation Dangerous Goods (Canada) 
TDLo/TCLo - Lowest Published Toxic Dose/Concentration 
TLm - Median Tolerance Limit 
TLV-TWA - Threshold Limit Value-Time Weighted Average 
TSCA - Toxic Substances Control Act 
USEPA - United States Environmental Protection Agency <br><br>Propane Installation Code **ANTIFREEZE**<br><br>FDA - Food and Drug Administration 
FIFRA - Federal Insecticide, Fungicide and Rodenticide Act 
HCS - Hazardous Communication System 
HMIS - Hazardous Material Information System 
IARC - International Agency for Research on Cancer <br><br>**For Copy of MSDS**
**Western Canada, telephone: 403-296-4158; fax: 403-296-6551**
**Ontario & Central Canada, telephone: 1-800-668-0220; fax: 1-800-837-1228**
**Quebec & Eastern Canada, telephone: 514-640-8308; fax: 514-640-8385**<br><br>**Prepared by Product Safety - TAR on 7/3/2001.**<br><br>**Data entry by Product Safety - JDW.**<br><br>**For Product Safety Information: (905) 804-4752**<br><br>**To the best of our knowledge, the information contained herein is accurate. However, neither the above named supplier nor any of its**
**subsidiaries assumes any liability whatsoever for the accuracy or completeness of the information contained herein. Final**
**determination of suitability of any material is the sole responsibility of the user. All materials may present unknown hazards and should**","licensed waste disposal facility. Ensure that disposal or reprocessing is in compliance with government requirements and 
local disposal regulations. Consult your local or regional authorities. <br><br>**Waste Disposal**| Section XIV. Transport Information |  |
|---|---|
| Section XIV. Transport Information |   |
| DOT Classification Not a DOT controlled material (United States). | Special Provisions Not applicable. for Transport |
<br><br>| Section XV. Regulatory Information |  |
|---|---|
| Section XV. Regulatory Information |   |
| Other This product is acceptable for use under the provisions of WHMIS-CPR. All components of this formulation are listed on the Regulations CEPA-DSL (Domestic Substances List). All components of this formulation are listed on the US EPA-TSCA Inventory. This product has been classified in accordance with the hazard criteria of the Controlled Products Regulations (CPR) and the MSDS contains all of the information required by the CPR. Please contact Product Safety for more information. |   |
| DSD/DPD (EEC) Not evaluated. | WHMIS (Canada) D-2A |
| ADR (Europe) NOT EVALUATED FOR (Pictograms) EUROPEAN TRANSPORT NON ÉVALUÉ POUR LE TRANSPORT EUROPÉEN. | TDG (Canada) (Pictograms) |
**Section XVI. Other Information**<br><br>Available upon request. 
*Marque de commerce de Petro-Canada - Trademark 
**References**<br><br>**Glossary**
ACGIH - American Conference of Governmental Industrial Hygienists 
ADR - Agreement on Dangerous goods by Road (Europe) 
ASTM - American Society for Testing and Materials ( 
BOD5 - Biological Oxygen Demand in 5 days"
5,What are the hazard classifications associated with the product?,"The product is classified as slightly hazardous in case of skin contact (irritant), slightly hazardous in case of inhalation (lung irritant), extremely dangerous in case of ingestion, and slightly hazardous in case of eye contact (irritant).","Section III. Hazards Identification., Section IV. First Aid Measures, and Section XI. Toxicological Information","<br><br>**Section III. Hazards Identification.**<br><br>Contact can cause slight irritation of skin, eyes and respiratory tract. Extremely dangerous in case of ingestion. For more 
information, refer to Section 11. 
**Potential Health**
**Effects****Section IV. First Aid Measures**<br><br>IMMEDIATELY flush eyes with running water for at least 15 minutes, keeping eyelids open. Seek medical attention.  **Eye Contact**<br><br>Remove contaminated clothing - launder before reuse. Wash gently and thoroughly the contaminated skin with running water 
and non-abrasive soap. Seek medical attention. 
**Skin Contact**<br><br>Evacuate the victim to a safe area as soon as possible. If the victim is not breathing, perform artificial respiration. Allow the 
victim to rest in a well ventilated area. Seek medical attention. 
**Inhalation**<br><br>DO NOT induce vomiting because of danger of aspirating liquid into lungs. Seek medical attention.  **Ingestion**<br><br>Not available  **Note to Physician**<br><br>| Section V. Fire-fighting Measures |  |
|---|---|
| Section V. Fire-fighting Measures |   |
| Flammability May be combustible at high temperature. | Flammable Limits Lower: 3.2%, Upper: 15.3% |
| Flash Points Closed Cup: 116ºC (Tagliabue) Open Cup: 116ºC (Cleveland) | Auto-Ignition 413ºC Temperature |
| Fire Hazards in Combustible in presence of open flames and Presence of sparks. Various Substances | Explosion Hazards Not a product presenting risks of explosion. in Presence of Various Substances |","| Corrosivity Not available |   |
| Stability The product is stable. | Hazardous Will not occur under normal working conditions. Polymerization |
| Incompatible Reactive with oxidizing agents, acids and Substances / alkalis. Conditions to Avoid | Decomposition May release COx, smoke and irritating vapours when Products heated to decomposition. |
**Section XI. Toxicological Information**<br><br>Eye contact and ingestion.  **Routes of Entry**<br><br>LD50: 4700 mg/kg (oral/rat). [Ethylene Glycol] 
LD50: 9530 mg/kg (dermal/rabbit). [Ethylene Glycol] 
**Acute Lethality**<br><br>**Chronic or Other Toxic Effects**
**Chronic or Other Toxic Effects**
Slightly hazardous in case of skin contact (irritant).  Dermal Route: <br><br>Slightly hazardous in case of inhalation (lung irritant). Can cause nausea, headaches and vomiting.  Inhalation Route: <br><br>Extremely dangerous in case of ingestion.  Oral Route: <br><br>Slightly hazardous in case of eye contact (irritant).  Eye Irritation/Inflammation: <br><br>Not available  Immunotoxicity: <br><br>Not available  Skin Sensitization: <br><br>Not available  Respiratory Tract Sensitization: <br><br>Not available  Mutagenic:","| Boiling Point 129 to 197°C (264 to 387°F) | Penetration Not applicable. |
| Density 1.115 to 1.145 (Water = 1) | Oil / Water Dist. Coeff. Not available |
| Vapour Density 2.1 (Air=1). | Ionicity (in water) Not available |
| Vapour Pressure 0.06 mmHg @ 20°C (68ºF). | Dispersion Properties Not available |
| Volatility 0% (w/w) | Solubility Soluble in water, methanol and diethyl ether. |
<br><br>| Section X. Stability and Reactivity |  |
|---|---|
| Section X. Stability and Reactivity |   |
| Corrosivity Not available |   |
| Stability The product is stable. | Hazardous Will not occur under normal working conditions. Polymerization |
| Incompatible Reactive with oxidizing agents, acids and Substances / alkalis. Conditions to Avoid | Decomposition May release COx, smoke and irritating vapours when Products heated to decomposition. |
**Section XI. Toxicological Information**<br><br>Eye contact and ingestion.  **Routes of Entry**<br><br>LD50: 4700 mg/kg (oral/rat). [Ethylene Glycol] 
LD50: 9530 mg/kg (dermal/rabbit). [Ethylene Glycol] 
**Acute Lethality**<br><br>**Chronic or Other Toxic Effects**
**Chronic or Other Toxic Effects**","PEL - Permissible Exposure Limit 
RCRA - Resource Conservation and Recovery Act 
SARA - Superfund Amendments and Reorganization Act 
SD - Single Dose 
STEL - Short Term Exposure Limit (15 minutes) 
TDG - Transportation Dangerous Goods (Canada) 
TDLo/TCLo - Lowest Published Toxic Dose/Concentration 
TLm - Median Tolerance Limit 
TLV-TWA - Threshold Limit Value-Time Weighted Average 
TSCA - Toxic Substances Control Act 
USEPA - United States Environmental Protection Agency <br><br>Propane Installation Code **ANTIFREEZE**<br><br>FDA - Food and Drug Administration 
FIFRA - Federal Insecticide, Fungicide and Rodenticide Act 
HCS - Hazardous Communication System 
HMIS - Hazardous Material Information System 
IARC - International Agency for Research on Cancer <br><br>**For Copy of MSDS**
**Western Canada, telephone: 403-296-4158; fax: 403-296-6551**
**Ontario & Central Canada, telephone: 1-800-668-0220; fax: 1-800-837-1228**
**Quebec & Eastern Canada, telephone: 514-640-8308; fax: 514-640-8385**<br><br>**Prepared by Product Safety - TAR on 7/3/2001.**<br><br>**Data entry by Product Safety - JDW.**<br><br>**For Product Safety Information: (905) 804-4752**<br><br>**To the best of our knowledge, the information contained herein is accurate. However, neither the above named supplier nor any of its**
**subsidiaries assumes any liability whatsoever for the accuracy or completeness of the information contained herein. Final**
**determination of suitability of any material is the sole responsibility of the user. All materials may present unknown hazards and should**"
6,What is the signal word used for the product?,WHMIS (Canada) D-2A,Section XV. Regulatory Information,"licensed waste disposal facility. Ensure that disposal or reprocessing is in compliance with government requirements and 
local disposal regulations. Consult your local or regional authorities. <br><br>**Waste Disposal**| Section XIV. Transport Information |  |
|---|---|
| Section XIV. Transport Information |   |
| DOT Classification Not a DOT controlled material (United States). | Special Provisions Not applicable. for Transport |
<br><br>| Section XV. Regulatory Information |  |
|---|---|
| Section XV. Regulatory Information |   |
| Other This product is acceptable for use under the provisions of WHMIS-CPR. All components of this formulation are listed on the Regulations CEPA-DSL (Domestic Substances List). All components of this formulation are listed on the US EPA-TSCA Inventory. This product has been classified in accordance with the hazard criteria of the Controlled Products Regulations (CPR) and the MSDS contains all of the information required by the CPR. Please contact Product Safety for more information. |   |
| DSD/DPD (EEC) Not evaluated. | WHMIS (Canada) D-2A |
| ADR (Europe) NOT EVALUATED FOR (Pictograms) EUROPEAN TRANSPORT NON ÉVALUÉ POUR LE TRANSPORT EUROPÉEN. | TDG (Canada) (Pictograms) |
**Section XVI. Other Information**<br><br>Available upon request. 
*Marque de commerce de Petro-Canada - Trademark 
**References**<br><br>**Glossary**
ACGIH - American Conference of Governmental Industrial Hygienists 
ADR - Agreement on Dangerous goods by Road (Europe) 
ASTM - American Society for Testing and Materials ( 
BOD5 - Biological Oxygen Demand in 5 days","| Boiling Point 129 to 197°C (264 to 387°F) | Penetration Not applicable. |
| Density 1.115 to 1.145 (Water = 1) | Oil / Water Dist. Coeff. Not available |
| Vapour Density 2.1 (Air=1). | Ionicity (in water) Not available |
| Vapour Pressure 0.06 mmHg @ 20°C (68ºF). | Dispersion Properties Not available |
| Volatility 0% (w/w) | Solubility Soluble in water, methanol and diethyl ether. |
<br><br>| Section X. Stability and Reactivity |  |
|---|---|
| Section X. Stability and Reactivity |   |
| Corrosivity Not available |   |
| Stability The product is stable. | Hazardous Will not occur under normal working conditions. Polymerization |
| Incompatible Reactive with oxidizing agents, acids and Substances / alkalis. Conditions to Avoid | Decomposition May release COx, smoke and irritating vapours when Products heated to decomposition. |
**Section XI. Toxicological Information**<br><br>Eye contact and ingestion.  **Routes of Entry**<br><br>LD50: 4700 mg/kg (oral/rat). [Ethylene Glycol] 
LD50: 9530 mg/kg (dermal/rabbit). [Ethylene Glycol] 
**Acute Lethality**<br><br>**Chronic or Other Toxic Effects**
**Chronic or Other Toxic Effects**","| Corrosivity Not available |   |
| Stability The product is stable. | Hazardous Will not occur under normal working conditions. Polymerization |
| Incompatible Reactive with oxidizing agents, acids and Substances / alkalis. Conditions to Avoid | Decomposition May release COx, smoke and irritating vapours when Products heated to decomposition. |
**Section XI. Toxicological Information**<br><br>Eye contact and ingestion.  **Routes of Entry**<br><br>LD50: 4700 mg/kg (oral/rat). [Ethylene Glycol] 
LD50: 9530 mg/kg (dermal/rabbit). [Ethylene Glycol] 
**Acute Lethality**<br><br>**Chronic or Other Toxic Effects**
**Chronic or Other Toxic Effects**
Slightly hazardous in case of skin contact (irritant).  Dermal Route: <br><br>Slightly hazardous in case of inhalation (lung irritant). Can cause nausea, headaches and vomiting.  Inhalation Route: <br><br>Extremely dangerous in case of ingestion.  Oral Route: <br><br>Slightly hazardous in case of eye contact (irritant).  Eye Irritation/Inflammation: <br><br>Not available  Immunotoxicity: <br><br>Not available  Skin Sensitization: <br><br>Not available  Respiratory Tract Sensitization: <br><br>Not available  Mutagenic:","keep exposure to airborne contaminants below the exposure limit. Make-up air should always be supplied to balance air 
removed by exhaust ventilation. Ensure that eyewash station and safety shower are close to work-station. <br><br>**Engineering Controls**<br><br>**Personal Protection - The selection of personal protective equipment varies, depending upon conditions of use.**<br><br>Eye protection (i.e., safety glasses, safety goggles and/or face shield) should be determined based on conditions of use. If 
product is used in an application where splashing may occur, the use of safety goggles and/or a face shield should be 
considered. <br><br>**Eyes**<br><br>Wear appropriate clothing to prevent skin contact. As a minimum long sleeves and trousers should be worn.  **Body**<br><br>Where concentrations in air may exceed the occupational exposure limits given in Section 2 (and those applicable to your 
area) and where engineering, work practices or other means of exposure reduction are not adequate, NIOSH approved 
respirators may be necessary to prevent overexposure by inhalation. <br><br>**Respiratory**<br><br>Wear appropriate chemically protective gloves. When handling hot product ensure gloves are heat resistant and insulated. **Hands**<br><br>Wear appropriate footwear to prevent product from coming in contact with feet and skin.  **Feet**<br><br>| Section IX. Physical and Chemical Properties |  |
|---|---|
| Section IX. Physical and Chemical Properties |   |
| Physical State and Clear viscous liquid. Appearance | Viscosity Not available |"
7,What are the hazard statements related to the product?,"Harmful if swallowed, Irritant, May be combustible at high temperature.","Section III. Hazards Identification., Section V. Fire-fighting Measures","| Corrosivity Not available |   |
| Stability The product is stable. | Hazardous Will not occur under normal working conditions. Polymerization |
| Incompatible Reactive with oxidizing agents, acids and Substances / alkalis. Conditions to Avoid | Decomposition May release COx, smoke and irritating vapours when Products heated to decomposition. |
**Section XI. Toxicological Information**<br><br>Eye contact and ingestion.  **Routes of Entry**<br><br>LD50: 4700 mg/kg (oral/rat). [Ethylene Glycol] 
LD50: 9530 mg/kg (dermal/rabbit). [Ethylene Glycol] 
**Acute Lethality**<br><br>**Chronic or Other Toxic Effects**
**Chronic or Other Toxic Effects**
Slightly hazardous in case of skin contact (irritant).  Dermal Route: <br><br>Slightly hazardous in case of inhalation (lung irritant). Can cause nausea, headaches and vomiting.  Inhalation Route: <br><br>Extremely dangerous in case of ingestion.  Oral Route: <br><br>Slightly hazardous in case of eye contact (irritant).  Eye Irritation/Inflammation: <br><br>Not available  Immunotoxicity: <br><br>Not available  Skin Sensitization: <br><br>Not available  Respiratory Tract Sensitization: <br><br>Not available  Mutagenic:","<br><br>**Section III. Hazards Identification.**<br><br>Contact can cause slight irritation of skin, eyes and respiratory tract. Extremely dangerous in case of ingestion. For more 
information, refer to Section 11. 
**Potential Health**
**Effects****Section IV. First Aid Measures**<br><br>IMMEDIATELY flush eyes with running water for at least 15 minutes, keeping eyelids open. Seek medical attention.  **Eye Contact**<br><br>Remove contaminated clothing - launder before reuse. Wash gently and thoroughly the contaminated skin with running water 
and non-abrasive soap. Seek medical attention. 
**Skin Contact**<br><br>Evacuate the victim to a safe area as soon as possible. If the victim is not breathing, perform artificial respiration. Allow the 
victim to rest in a well ventilated area. Seek medical attention. 
**Inhalation**<br><br>DO NOT induce vomiting because of danger of aspirating liquid into lungs. Seek medical attention.  **Ingestion**<br><br>Not available  **Note to Physician**<br><br>| Section V. Fire-fighting Measures |  |
|---|---|
| Section V. Fire-fighting Measures |   |
| Flammability May be combustible at high temperature. | Flammable Limits Lower: 3.2%, Upper: 15.3% |
| Flash Points Closed Cup: 116ºC (Tagliabue) Open Cup: 116ºC (Cleveland) | Auto-Ignition 413ºC Temperature |
| Fire Hazards in Combustible in presence of open flames and Presence of sparks. Various Substances | Explosion Hazards Not a product presenting risks of explosion. in Presence of Various Substances |","| Boiling Point 129 to 197°C (264 to 387°F) | Penetration Not applicable. |
| Density 1.115 to 1.145 (Water = 1) | Oil / Water Dist. Coeff. Not available |
| Vapour Density 2.1 (Air=1). | Ionicity (in water) Not available |
| Vapour Pressure 0.06 mmHg @ 20°C (68ºF). | Dispersion Properties Not available |
| Volatility 0% (w/w) | Solubility Soluble in water, methanol and diethyl ether. |
<br><br>| Section X. Stability and Reactivity |  |
|---|---|
| Section X. Stability and Reactivity |   |
| Corrosivity Not available |   |
| Stability The product is stable. | Hazardous Will not occur under normal working conditions. Polymerization |
| Incompatible Reactive with oxidizing agents, acids and Substances / alkalis. Conditions to Avoid | Decomposition May release COx, smoke and irritating vapours when Products heated to decomposition. |
**Section XI. Toxicological Information**<br><br>Eye contact and ingestion.  **Routes of Entry**<br><br>LD50: 4700 mg/kg (oral/rat). [Ethylene Glycol] 
LD50: 9530 mg/kg (dermal/rabbit). [Ethylene Glycol] 
**Acute Lethality**<br><br>**Chronic or Other Toxic Effects**
**Chronic or Other Toxic Effects**","PEL - Permissible Exposure Limit 
RCRA - Resource Conservation and Recovery Act 
SARA - Superfund Amendments and Reorganization Act 
SD - Single Dose 
STEL - Short Term Exposure Limit (15 minutes) 
TDG - Transportation Dangerous Goods (Canada) 
TDLo/TCLo - Lowest Published Toxic Dose/Concentration 
TLm - Median Tolerance Limit 
TLV-TWA - Threshold Limit Value-Time Weighted Average 
TSCA - Toxic Substances Control Act 
USEPA - United States Environmental Protection Agency <br><br>Propane Installation Code **ANTIFREEZE**<br><br>FDA - Food and Drug Administration 
FIFRA - Federal Insecticide, Fungicide and Rodenticide Act 
HCS - Hazardous Communication System 
HMIS - Hazardous Material Information System 
IARC - International Agency for Research on Cancer <br><br>**For Copy of MSDS**
**Western Canada, telephone: 403-296-4158; fax: 403-296-6551**
**Ontario & Central Canada, telephone: 1-800-668-0220; fax: 1-800-837-1228**
**Quebec & Eastern Canada, telephone: 514-640-8308; fax: 514-640-8385**<br><br>**Prepared by Product Safety - TAR on 7/3/2001.**<br><br>**Data entry by Product Safety - JDW.**<br><br>**For Product Safety Information: (905) 804-4752**<br><br>**To the best of our knowledge, the information contained herein is accurate. However, neither the above named supplier nor any of its**
**subsidiaries assumes any liability whatsoever for the accuracy or completeness of the information contained herein. Final**
**determination of suitability of any material is the sole responsibility of the user. All materials may present unknown hazards and should**"
8,What precautions should be taken while handling the product?,"Wear appropriate clothing to prevent skin contact, such as long sleeves and trousers. Wear chemically protective gloves when handling hot product. Ensure gloves are heat resistant and insulated. Make sure to wear appropriate footwear to prevent the product from coming in contact with feet and skin. When working with the product where concentrations may exceed occupational exposure limits or engineering controls are not adequate, use NIOSH-approved respirators to prevent overexposure by inhalation.","Section VI (Personal Protection), Section VIII (Regulatory Information)","keep exposure to airborne contaminants below the exposure limit. Make-up air should always be supplied to balance air 
removed by exhaust ventilation. Ensure that eyewash station and safety shower are close to work-station. <br><br>**Engineering Controls**<br><br>**Personal Protection - The selection of personal protective equipment varies, depending upon conditions of use.**<br><br>Eye protection (i.e., safety glasses, safety goggles and/or face shield) should be determined based on conditions of use. If 
product is used in an application where splashing may occur, the use of safety goggles and/or a face shield should be 
considered. <br><br>**Eyes**<br><br>Wear appropriate clothing to prevent skin contact. As a minimum long sleeves and trousers should be worn.  **Body**<br><br>Where concentrations in air may exceed the occupational exposure limits given in Section 2 (and those applicable to your 
area) and where engineering, work practices or other means of exposure reduction are not adequate, NIOSH approved 
respirators may be necessary to prevent overexposure by inhalation. <br><br>**Respiratory**<br><br>Wear appropriate chemically protective gloves. When handling hot product ensure gloves are heat resistant and insulated. **Hands**<br><br>Wear appropriate footwear to prevent product from coming in contact with feet and skin.  **Feet**<br><br>| Section IX. Physical and Chemical Properties |  |
|---|---|
| Section IX. Physical and Chemical Properties |   |
| Physical State and Clear viscous liquid. Appearance | Viscosity Not available |","area) and where engineering, work practices or other means of exposure reduction are not adequate, NIOSH approved 
respirators may be necessary to prevent overexposure by inhalation. <br><br>**Respiratory**<br><br>Wear appropriate chemically protective gloves. When handling hot product ensure gloves are heat resistant and insulated. **Hands**<br><br>Wear appropriate footwear to prevent product from coming in contact with feet and skin.  **Feet**<br><br>| Section IX. Physical and Chemical Properties |  |
|---|---|
| Section IX. Physical and Chemical Properties |   |
| Physical State and Clear viscous liquid. Appearance | Viscosity Not available |
| Colour Green. | Pour Point Not available |
| Odour Odourless. | Softening Point Not applicable. |
| Odour Threshold Not available | Dropping Point Not applicable. |
| Boiling Point 129 to 197°C (264 to 387°F) | Penetration Not applicable. |
| Density 1.115 to 1.145 (Water = 1) | Oil / Water Dist. Coeff. Not available |
| Vapour Density 2.1 (Air=1). | Ionicity (in water) Not available |
| Vapour Pressure 0.06 mmHg @ 20°C (68ºF). | Dispersion Properties Not available |
| Volatility 0% (w/w) | Solubility Soluble in water, methanol and diethyl ether. |
<br><br>| Section X. Stability and Reactivity |  |
|---|---|
| Section X. Stability and Reactivity |   |
| Corrosivity Not available |   |
| Stability The product is stable. | Hazardous Will not occur under normal working conditions. Polymerization |","<br><br>**Section III. Hazards Identification.**<br><br>Contact can cause slight irritation of skin, eyes and respiratory tract. Extremely dangerous in case of ingestion. For more 
information, refer to Section 11. 
**Potential Health**
**Effects****Section IV. First Aid Measures**<br><br>IMMEDIATELY flush eyes with running water for at least 15 minutes, keeping eyelids open. Seek medical attention.  **Eye Contact**<br><br>Remove contaminated clothing - launder before reuse. Wash gently and thoroughly the contaminated skin with running water 
and non-abrasive soap. Seek medical attention. 
**Skin Contact**<br><br>Evacuate the victim to a safe area as soon as possible. If the victim is not breathing, perform artificial respiration. Allow the 
victim to rest in a well ventilated area. Seek medical attention. 
**Inhalation**<br><br>DO NOT induce vomiting because of danger of aspirating liquid into lungs. Seek medical attention.  **Ingestion**<br><br>Not available  **Note to Physician**<br><br>| Section V. Fire-fighting Measures |  |
|---|---|
| Section V. Fire-fighting Measures |   |
| Flammability May be combustible at high temperature. | Flammable Limits Lower: 3.2%, Upper: 15.3% |
| Flash Points Closed Cup: 116ºC (Tagliabue) Open Cup: 116ºC (Cleveland) | Auto-Ignition 413ºC Temperature |
| Fire Hazards in Combustible in presence of open flames and Presence of sparks. Various Substances | Explosion Hazards Not a product presenting risks of explosion. in Presence of Various Substances |","| Corrosivity Not available |   |
| Stability The product is stable. | Hazardous Will not occur under normal working conditions. Polymerization |
| Incompatible Reactive with oxidizing agents, acids and Substances / alkalis. Conditions to Avoid | Decomposition May release COx, smoke and irritating vapours when Products heated to decomposition. |
**Section XI. Toxicological Information**<br><br>Eye contact and ingestion.  **Routes of Entry**<br><br>LD50: 4700 mg/kg (oral/rat). [Ethylene Glycol] 
LD50: 9530 mg/kg (dermal/rabbit). [Ethylene Glycol] 
**Acute Lethality**<br><br>**Chronic or Other Toxic Effects**
**Chronic or Other Toxic Effects**
Slightly hazardous in case of skin contact (irritant).  Dermal Route: <br><br>Slightly hazardous in case of inhalation (lung irritant). Can cause nausea, headaches and vomiting.  Inhalation Route: <br><br>Extremely dangerous in case of ingestion.  Oral Route: <br><br>Slightly hazardous in case of eye contact (irritant).  Eye Irritation/Inflammation: <br><br>Not available  Immunotoxicity: <br><br>Not available  Skin Sensitization: <br><br>Not available  Respiratory Tract Sensitization: <br><br>Not available  Mutagenic:"
9,What are the first aid measures in case of inhalation?,"Evacuate the victim to a safe area as soon as possible. If the victim is not breathing, perform artificial respiration. Allow the victim to rest in a well-ventilated area. DO NOT induce vomiting because of danger of aspirating liquid into lungs. Seek medical attention.",Section IV. First Aid Measures / Inhalation,"<br><br>**Section III. Hazards Identification.**<br><br>Contact can cause slight irritation of skin, eyes and respiratory tract. Extremely dangerous in case of ingestion. For more 
information, refer to Section 11. 
**Potential Health**
**Effects****Section IV. First Aid Measures**<br><br>IMMEDIATELY flush eyes with running water for at least 15 minutes, keeping eyelids open. Seek medical attention.  **Eye Contact**<br><br>Remove contaminated clothing - launder before reuse. Wash gently and thoroughly the contaminated skin with running water 
and non-abrasive soap. Seek medical attention. 
**Skin Contact**<br><br>Evacuate the victim to a safe area as soon as possible. If the victim is not breathing, perform artificial respiration. Allow the 
victim to rest in a well ventilated area. Seek medical attention. 
**Inhalation**<br><br>DO NOT induce vomiting because of danger of aspirating liquid into lungs. Seek medical attention.  **Ingestion**<br><br>Not available  **Note to Physician**<br><br>| Section V. Fire-fighting Measures |  |
|---|---|
| Section V. Fire-fighting Measures |   |
| Flammability May be combustible at high temperature. | Flammable Limits Lower: 3.2%, Upper: 15.3% |
| Flash Points Closed Cup: 116ºC (Tagliabue) Open Cup: 116ºC (Cleveland) | Auto-Ignition 413ºC Temperature |
| Fire Hazards in Combustible in presence of open flames and Presence of sparks. Various Substances | Explosion Hazards Not a product presenting risks of explosion. in Presence of Various Substances |","keep exposure to airborne contaminants below the exposure limit. Make-up air should always be supplied to balance air 
removed by exhaust ventilation. Ensure that eyewash station and safety shower are close to work-station. <br><br>**Engineering Controls**<br><br>**Personal Protection - The selection of personal protective equipment varies, depending upon conditions of use.**<br><br>Eye protection (i.e., safety glasses, safety goggles and/or face shield) should be determined based on conditions of use. If 
product is used in an application where splashing may occur, the use of safety goggles and/or a face shield should be 
considered. <br><br>**Eyes**<br><br>Wear appropriate clothing to prevent skin contact. As a minimum long sleeves and trousers should be worn.  **Body**<br><br>Where concentrations in air may exceed the occupational exposure limits given in Section 2 (and those applicable to your 
area) and where engineering, work practices or other means of exposure reduction are not adequate, NIOSH approved 
respirators may be necessary to prevent overexposure by inhalation. <br><br>**Respiratory**<br><br>Wear appropriate chemically protective gloves. When handling hot product ensure gloves are heat resistant and insulated. **Hands**<br><br>Wear appropriate footwear to prevent product from coming in contact with feet and skin.  **Feet**<br><br>| Section IX. Physical and Chemical Properties |  |
|---|---|
| Section IX. Physical and Chemical Properties |   |
| Physical State and Clear viscous liquid. Appearance | Viscosity Not available |","area) and where engineering, work practices or other means of exposure reduction are not adequate, NIOSH approved 
respirators may be necessary to prevent overexposure by inhalation. <br><br>**Respiratory**<br><br>Wear appropriate chemically protective gloves. When handling hot product ensure gloves are heat resistant and insulated. **Hands**<br><br>Wear appropriate footwear to prevent product from coming in contact with feet and skin.  **Feet**<br><br>| Section IX. Physical and Chemical Properties |  |
|---|---|
| Section IX. Physical and Chemical Properties |   |
| Physical State and Clear viscous liquid. Appearance | Viscosity Not available |
| Colour Green. | Pour Point Not available |
| Odour Odourless. | Softening Point Not applicable. |
| Odour Threshold Not available | Dropping Point Not applicable. |
| Boiling Point 129 to 197°C (264 to 387°F) | Penetration Not applicable. |
| Density 1.115 to 1.145 (Water = 1) | Oil / Water Dist. Coeff. Not available |
| Vapour Density 2.1 (Air=1). | Ionicity (in water) Not available |
| Vapour Pressure 0.06 mmHg @ 20°C (68ºF). | Dispersion Properties Not available |
| Volatility 0% (w/w) | Solubility Soluble in water, methanol and diethyl ether. |
<br><br>| Section X. Stability and Reactivity |  |
|---|---|
| Section X. Stability and Reactivity |   |
| Corrosivity Not available |   |
| Stability The product is stable. | Hazardous Will not occur under normal working conditions. Polymerization |","| Fire Fighting SMALL FIRE: Use DRY chemicals, CO2, water spray or foam. Media and LARGE FIRE: Use water spray, fog or foam. DO NOT use water jet. nstructions |   |
**ANTIFREEZE** **Page Number: 2**<br><br>**Section VI. Accidental Release Measures**<br><br>Small spill or leak: Dilute with water and mop up or absorb with an inert DRY material and place in an appropriate waste 
disposal container. 
Large spill or leak: Absorb with an inert material and put the spilled material in an appropriate waste disposal. Dispose of in 
accordance with regional regulations. <br><br>**Material Release**
**or Spill**<br><br>**Section VII. Handling and Storage**<br><br>Avoid contamination with reactive substances. After handling, always wash hands thoroughly with soap and water.  **Handling**<br><br>Keep container dry. Keep container tightly closed. Keep in a cool, well-ventilated place.  **Storage****Section VIII. Exposure Controls/Personal Protection**<br><br>For normal application, special ventilation is not necessary. If user's operations generate vapours or mist, use ventilation to 
keep exposure to airborne contaminants below the exposure limit. Make-up air should always be supplied to balance air 
removed by exhaust ventilation. Ensure that eyewash station and safety shower are close to work-station. <br><br>**Engineering Controls**<br><br>**Personal Protection - The selection of personal protective equipment varies, depending upon conditions of use.**<br><br>Eye protection (i.e., safety glasses, safety goggles and/or face shield) should be determined based on conditions of use. If"
10,What are the first aid measures in case of skin contact?,Remove contaminated clothing - launder before reuse. Wash gently and thoroughly the contaminated skin with running water and non-abrasive soap. Seek medical attention.,"Section IV. First Aid Measures, Skin Contact","<br><br>**Section III. Hazards Identification.**<br><br>Contact can cause slight irritation of skin, eyes and respiratory tract. Extremely dangerous in case of ingestion. For more 
information, refer to Section 11. 
**Potential Health**
**Effects****Section IV. First Aid Measures**<br><br>IMMEDIATELY flush eyes with running water for at least 15 minutes, keeping eyelids open. Seek medical attention.  **Eye Contact**<br><br>Remove contaminated clothing - launder before reuse. Wash gently and thoroughly the contaminated skin with running water 
and non-abrasive soap. Seek medical attention. 
**Skin Contact**<br><br>Evacuate the victim to a safe area as soon as possible. If the victim is not breathing, perform artificial respiration. Allow the 
victim to rest in a well ventilated area. Seek medical attention. 
**Inhalation**<br><br>DO NOT induce vomiting because of danger of aspirating liquid into lungs. Seek medical attention.  **Ingestion**<br><br>Not available  **Note to Physician**<br><br>| Section V. Fire-fighting Measures |  |
|---|---|
| Section V. Fire-fighting Measures |   |
| Flammability May be combustible at high temperature. | Flammable Limits Lower: 3.2%, Upper: 15.3% |
| Flash Points Closed Cup: 116ºC (Tagliabue) Open Cup: 116ºC (Cleveland) | Auto-Ignition 413ºC Temperature |
| Fire Hazards in Combustible in presence of open flames and Presence of sparks. Various Substances | Explosion Hazards Not a product presenting risks of explosion. in Presence of Various Substances |","keep exposure to airborne contaminants below the exposure limit. Make-up air should always be supplied to balance air 
removed by exhaust ventilation. Ensure that eyewash station and safety shower are close to work-station. <br><br>**Engineering Controls**<br><br>**Personal Protection - The selection of personal protective equipment varies, depending upon conditions of use.**<br><br>Eye protection (i.e., safety glasses, safety goggles and/or face shield) should be determined based on conditions of use. If 
product is used in an application where splashing may occur, the use of safety goggles and/or a face shield should be 
considered. <br><br>**Eyes**<br><br>Wear appropriate clothing to prevent skin contact. As a minimum long sleeves and trousers should be worn.  **Body**<br><br>Where concentrations in air may exceed the occupational exposure limits given in Section 2 (and those applicable to your 
area) and where engineering, work practices or other means of exposure reduction are not adequate, NIOSH approved 
respirators may be necessary to prevent overexposure by inhalation. <br><br>**Respiratory**<br><br>Wear appropriate chemically protective gloves. When handling hot product ensure gloves are heat resistant and insulated. **Hands**<br><br>Wear appropriate footwear to prevent product from coming in contact with feet and skin.  **Feet**<br><br>| Section IX. Physical and Chemical Properties |  |
|---|---|
| Section IX. Physical and Chemical Properties |   |
| Physical State and Clear viscous liquid. Appearance | Viscosity Not available |","area) and where engineering, work practices or other means of exposure reduction are not adequate, NIOSH approved 
respirators may be necessary to prevent overexposure by inhalation. <br><br>**Respiratory**<br><br>Wear appropriate chemically protective gloves. When handling hot product ensure gloves are heat resistant and insulated. **Hands**<br><br>Wear appropriate footwear to prevent product from coming in contact with feet and skin.  **Feet**<br><br>| Section IX. Physical and Chemical Properties |  |
|---|---|
| Section IX. Physical and Chemical Properties |   |
| Physical State and Clear viscous liquid. Appearance | Viscosity Not available |
| Colour Green. | Pour Point Not available |
| Odour Odourless. | Softening Point Not applicable. |
| Odour Threshold Not available | Dropping Point Not applicable. |
| Boiling Point 129 to 197°C (264 to 387°F) | Penetration Not applicable. |
| Density 1.115 to 1.145 (Water = 1) | Oil / Water Dist. Coeff. Not available |
| Vapour Density 2.1 (Air=1). | Ionicity (in water) Not available |
| Vapour Pressure 0.06 mmHg @ 20°C (68ºF). | Dispersion Properties Not available |
| Volatility 0% (w/w) | Solubility Soluble in water, methanol and diethyl ether. |
<br><br>| Section X. Stability and Reactivity |  |
|---|---|
| Section X. Stability and Reactivity |   |
| Corrosivity Not available |   |
| Stability The product is stable. | Hazardous Will not occur under normal working conditions. Polymerization |","|   |   |   |   | TSCA On TSCA list. |   |
| Manufacturer PETRO-CANADA P.O. Box 2844 Calgary, Alberta T2P 3E3 |   |   |   | In case of Petro-Canada: 403-296-3000 Emergency Canutec Transportation: 613-996-6666 Poison Control Centre: Consult local telephone directory for emergency number(s). |   |
| Material Uses Used as an engine antifreeze coolant. |   |   |   |   |   |
| Section II. Composition and Information on Ingredients |  |  |  |  |  |
|---|---|---|---|---|---|
| Section II. Composition and Information on Ingredients |   |   |   |   |   |
|   |   |   | Exposure Limits (ACGIH) |   |   |
| Name | CAS # | % (V/V) | TLV-TWA(8 h) | STEL | CEILING |
| 1) Ethylene glycol 2) Sodium tetraborate pentahydrate | 107-21-1 1330-43-4 | >55 <5 | Not established 1 mg/m³ | Not established Not established | 100 mg/m³ (aerosol) Not established |
| Manufacturer Not applicable Recommendation |   |   |   |   |   |
| Other Exposure LimitsConsult local, state, provincial or territory authorities for acceptable exposure limits. |   |   |   |   |   |
<br><br>**Section III. Hazards Identification.**<br><br>Contact can cause slight irritation of skin, eyes and respiratory tract. Extremely dangerous in case of ingestion. For more 
information, refer to Section 11. 
**Potential Health**
**Effects****Section IV. First Aid Measures**<br><br>IMMEDIATELY flush eyes with running water for at least 15 minutes, keeping eyelids open. Seek medical attention.  **Eye Contact**<br><br>Remove contaminated clothing - launder before reuse. Wash gently and thoroughly the contaminated skin with running water"
11,What are the first aid measures in case of eye contact?,"IMMEDIATELY flush eyes with running water for at least 15 minutes, keeping eyelids open. Seek medical attention.","Section IV. First Aid Measures, Eye Contact","<br><br>**Section III. Hazards Identification.**<br><br>Contact can cause slight irritation of skin, eyes and respiratory tract. Extremely dangerous in case of ingestion. For more 
information, refer to Section 11. 
**Potential Health**
**Effects****Section IV. First Aid Measures**<br><br>IMMEDIATELY flush eyes with running water for at least 15 minutes, keeping eyelids open. Seek medical attention.  **Eye Contact**<br><br>Remove contaminated clothing - launder before reuse. Wash gently and thoroughly the contaminated skin with running water 
and non-abrasive soap. Seek medical attention. 
**Skin Contact**<br><br>Evacuate the victim to a safe area as soon as possible. If the victim is not breathing, perform artificial respiration. Allow the 
victim to rest in a well ventilated area. Seek medical attention. 
**Inhalation**<br><br>DO NOT induce vomiting because of danger of aspirating liquid into lungs. Seek medical attention.  **Ingestion**<br><br>Not available  **Note to Physician**<br><br>| Section V. Fire-fighting Measures |  |
|---|---|
| Section V. Fire-fighting Measures |   |
| Flammability May be combustible at high temperature. | Flammable Limits Lower: 3.2%, Upper: 15.3% |
| Flash Points Closed Cup: 116ºC (Tagliabue) Open Cup: 116ºC (Cleveland) | Auto-Ignition 413ºC Temperature |
| Fire Hazards in Combustible in presence of open flames and Presence of sparks. Various Substances | Explosion Hazards Not a product presenting risks of explosion. in Presence of Various Substances |","keep exposure to airborne contaminants below the exposure limit. Make-up air should always be supplied to balance air 
removed by exhaust ventilation. Ensure that eyewash station and safety shower are close to work-station. <br><br>**Engineering Controls**<br><br>**Personal Protection - The selection of personal protective equipment varies, depending upon conditions of use.**<br><br>Eye protection (i.e., safety glasses, safety goggles and/or face shield) should be determined based on conditions of use. If 
product is used in an application where splashing may occur, the use of safety goggles and/or a face shield should be 
considered. <br><br>**Eyes**<br><br>Wear appropriate clothing to prevent skin contact. As a minimum long sleeves and trousers should be worn.  **Body**<br><br>Where concentrations in air may exceed the occupational exposure limits given in Section 2 (and those applicable to your 
area) and where engineering, work practices or other means of exposure reduction are not adequate, NIOSH approved 
respirators may be necessary to prevent overexposure by inhalation. <br><br>**Respiratory**<br><br>Wear appropriate chemically protective gloves. When handling hot product ensure gloves are heat resistant and insulated. **Hands**<br><br>Wear appropriate footwear to prevent product from coming in contact with feet and skin.  **Feet**<br><br>| Section IX. Physical and Chemical Properties |  |
|---|---|
| Section IX. Physical and Chemical Properties |   |
| Physical State and Clear viscous liquid. Appearance | Viscosity Not available |","area) and where engineering, work practices or other means of exposure reduction are not adequate, NIOSH approved 
respirators may be necessary to prevent overexposure by inhalation. <br><br>**Respiratory**<br><br>Wear appropriate chemically protective gloves. When handling hot product ensure gloves are heat resistant and insulated. **Hands**<br><br>Wear appropriate footwear to prevent product from coming in contact with feet and skin.  **Feet**<br><br>| Section IX. Physical and Chemical Properties |  |
|---|---|
| Section IX. Physical and Chemical Properties |   |
| Physical State and Clear viscous liquid. Appearance | Viscosity Not available |
| Colour Green. | Pour Point Not available |
| Odour Odourless. | Softening Point Not applicable. |
| Odour Threshold Not available | Dropping Point Not applicable. |
| Boiling Point 129 to 197°C (264 to 387°F) | Penetration Not applicable. |
| Density 1.115 to 1.145 (Water = 1) | Oil / Water Dist. Coeff. Not available |
| Vapour Density 2.1 (Air=1). | Ionicity (in water) Not available |
| Vapour Pressure 0.06 mmHg @ 20°C (68ºF). | Dispersion Properties Not available |
| Volatility 0% (w/w) | Solubility Soluble in water, methanol and diethyl ether. |
<br><br>| Section X. Stability and Reactivity |  |
|---|---|
| Section X. Stability and Reactivity |   |
| Corrosivity Not available |   |
| Stability The product is stable. | Hazardous Will not occur under normal working conditions. Polymerization |","|   |   |   |   | TSCA On TSCA list. |   |
| Manufacturer PETRO-CANADA P.O. Box 2844 Calgary, Alberta T2P 3E3 |   |   |   | In case of Petro-Canada: 403-296-3000 Emergency Canutec Transportation: 613-996-6666 Poison Control Centre: Consult local telephone directory for emergency number(s). |   |
| Material Uses Used as an engine antifreeze coolant. |   |   |   |   |   |
| Section II. Composition and Information on Ingredients |  |  |  |  |  |
|---|---|---|---|---|---|
| Section II. Composition and Information on Ingredients |   |   |   |   |   |
|   |   |   | Exposure Limits (ACGIH) |   |   |
| Name | CAS # | % (V/V) | TLV-TWA(8 h) | STEL | CEILING |
| 1) Ethylene glycol 2) Sodium tetraborate pentahydrate | 107-21-1 1330-43-4 | >55 <5 | Not established 1 mg/m³ | Not established Not established | 100 mg/m³ (aerosol) Not established |
| Manufacturer Not applicable Recommendation |   |   |   |   |   |
| Other Exposure LimitsConsult local, state, provincial or territory authorities for acceptable exposure limits. |   |   |   |   |   |
<br><br>**Section III. Hazards Identification.**<br><br>Contact can cause slight irritation of skin, eyes and respiratory tract. Extremely dangerous in case of ingestion. For more 
information, refer to Section 11. 
**Potential Health**
**Effects****Section IV. First Aid Measures**<br><br>IMMEDIATELY flush eyes with running water for at least 15 minutes, keeping eyelids open. Seek medical attention.  **Eye Contact**<br><br>Remove contaminated clothing - launder before reuse. Wash gently and thoroughly the contaminated skin with running water"
12,What are the first aid measures in case of ingestion?,DO NOT induce vomiting because of danger of aspirating liquid into lungs. Seek medical attention.,"Section IV. First Aid Measures, Ingestion","<br><br>**Section III. Hazards Identification.**<br><br>Contact can cause slight irritation of skin, eyes and respiratory tract. Extremely dangerous in case of ingestion. For more 
information, refer to Section 11. 
**Potential Health**
**Effects****Section IV. First Aid Measures**<br><br>IMMEDIATELY flush eyes with running water for at least 15 minutes, keeping eyelids open. Seek medical attention.  **Eye Contact**<br><br>Remove contaminated clothing - launder before reuse. Wash gently and thoroughly the contaminated skin with running water 
and non-abrasive soap. Seek medical attention. 
**Skin Contact**<br><br>Evacuate the victim to a safe area as soon as possible. If the victim is not breathing, perform artificial respiration. Allow the 
victim to rest in a well ventilated area. Seek medical attention. 
**Inhalation**<br><br>DO NOT induce vomiting because of danger of aspirating liquid into lungs. Seek medical attention.  **Ingestion**<br><br>Not available  **Note to Physician**<br><br>| Section V. Fire-fighting Measures |  |
|---|---|
| Section V. Fire-fighting Measures |   |
| Flammability May be combustible at high temperature. | Flammable Limits Lower: 3.2%, Upper: 15.3% |
| Flash Points Closed Cup: 116ºC (Tagliabue) Open Cup: 116ºC (Cleveland) | Auto-Ignition 413ºC Temperature |
| Fire Hazards in Combustible in presence of open flames and Presence of sparks. Various Substances | Explosion Hazards Not a product presenting risks of explosion. in Presence of Various Substances |","keep exposure to airborne contaminants below the exposure limit. Make-up air should always be supplied to balance air 
removed by exhaust ventilation. Ensure that eyewash station and safety shower are close to work-station. <br><br>**Engineering Controls**<br><br>**Personal Protection - The selection of personal protective equipment varies, depending upon conditions of use.**<br><br>Eye protection (i.e., safety glasses, safety goggles and/or face shield) should be determined based on conditions of use. If 
product is used in an application where splashing may occur, the use of safety goggles and/or a face shield should be 
considered. <br><br>**Eyes**<br><br>Wear appropriate clothing to prevent skin contact. As a minimum long sleeves and trousers should be worn.  **Body**<br><br>Where concentrations in air may exceed the occupational exposure limits given in Section 2 (and those applicable to your 
area) and where engineering, work practices or other means of exposure reduction are not adequate, NIOSH approved 
respirators may be necessary to prevent overexposure by inhalation. <br><br>**Respiratory**<br><br>Wear appropriate chemically protective gloves. When handling hot product ensure gloves are heat resistant and insulated. **Hands**<br><br>Wear appropriate footwear to prevent product from coming in contact with feet and skin.  **Feet**<br><br>| Section IX. Physical and Chemical Properties |  |
|---|---|
| Section IX. Physical and Chemical Properties |   |
| Physical State and Clear viscous liquid. Appearance | Viscosity Not available |","area) and where engineering, work practices or other means of exposure reduction are not adequate, NIOSH approved 
respirators may be necessary to prevent overexposure by inhalation. <br><br>**Respiratory**<br><br>Wear appropriate chemically protective gloves. When handling hot product ensure gloves are heat resistant and insulated. **Hands**<br><br>Wear appropriate footwear to prevent product from coming in contact with feet and skin.  **Feet**<br><br>| Section IX. Physical and Chemical Properties |  |
|---|---|
| Section IX. Physical and Chemical Properties |   |
| Physical State and Clear viscous liquid. Appearance | Viscosity Not available |
| Colour Green. | Pour Point Not available |
| Odour Odourless. | Softening Point Not applicable. |
| Odour Threshold Not available | Dropping Point Not applicable. |
| Boiling Point 129 to 197°C (264 to 387°F) | Penetration Not applicable. |
| Density 1.115 to 1.145 (Water = 1) | Oil / Water Dist. Coeff. Not available |
| Vapour Density 2.1 (Air=1). | Ionicity (in water) Not available |
| Vapour Pressure 0.06 mmHg @ 20°C (68ºF). | Dispersion Properties Not available |
| Volatility 0% (w/w) | Solubility Soluble in water, methanol and diethyl ether. |
<br><br>| Section X. Stability and Reactivity |  |
|---|---|
| Section X. Stability and Reactivity |   |
| Corrosivity Not available |   |
| Stability The product is stable. | Hazardous Will not occur under normal working conditions. Polymerization |","| Corrosivity Not available |   |
| Stability The product is stable. | Hazardous Will not occur under normal working conditions. Polymerization |
| Incompatible Reactive with oxidizing agents, acids and Substances / alkalis. Conditions to Avoid | Decomposition May release COx, smoke and irritating vapours when Products heated to decomposition. |
**Section XI. Toxicological Information**<br><br>Eye contact and ingestion.  **Routes of Entry**<br><br>LD50: 4700 mg/kg (oral/rat). [Ethylene Glycol] 
LD50: 9530 mg/kg (dermal/rabbit). [Ethylene Glycol] 
**Acute Lethality**<br><br>**Chronic or Other Toxic Effects**
**Chronic or Other Toxic Effects**
Slightly hazardous in case of skin contact (irritant).  Dermal Route: <br><br>Slightly hazardous in case of inhalation (lung irritant). Can cause nausea, headaches and vomiting.  Inhalation Route: <br><br>Extremely dangerous in case of ingestion.  Oral Route: <br><br>Slightly hazardous in case of eye contact (irritant).  Eye Irritation/Inflammation: <br><br>Not available  Immunotoxicity: <br><br>Not available  Skin Sensitization: <br><br>Not available  Respiratory Tract Sensitization: <br><br>Not available  Mutagenic:"
13,What are the suitable extinguishing media for a fire involving the product?,"For a small fire, use dry chemicals, CO2, water spray, or foam. For a large fire, use water spray, fog, or foam. Do not use a water jet.",Section V. Fire-fighting Measures,"|---|---|
| Section V. Fire-fighting Measures |   |
| Flammability May be combustible at high temperature. | Flammable Limits Lower: 3.2%, Upper: 15.3% |
| Flash Points Closed Cup: 116ºC (Tagliabue) Open Cup: 116ºC (Cleveland) | Auto-Ignition 413ºC Temperature |
| Fire Hazards in Combustible in presence of open flames and Presence of sparks. Various Substances | Explosion Hazards Not a product presenting risks of explosion. in Presence of Various Substances |
| Products of Carbon oxides (CO, CO2), smoke and irritating vapours as products of incomplete combustion. Combustion |   |
| Fire Fighting SMALL FIRE: Use DRY chemicals, CO2, water spray or foam. Media and LARGE FIRE: Use water spray, fog or foam. DO NOT use water jet. nstructions |   |
**ANTIFREEZE** **Page Number: 2**<br><br>**Section VI. Accidental Release Measures**<br><br>Small spill or leak: Dilute with water and mop up or absorb with an inert DRY material and place in an appropriate waste 
disposal container. 
Large spill or leak: Absorb with an inert material and put the spilled material in an appropriate waste disposal. Dispose of in 
accordance with regional regulations. <br><br>**Material Release**","| Fire Fighting SMALL FIRE: Use DRY chemicals, CO2, water spray or foam. Media and LARGE FIRE: Use water spray, fog or foam. DO NOT use water jet. nstructions |   |
**ANTIFREEZE** **Page Number: 2**<br><br>**Section VI. Accidental Release Measures**<br><br>Small spill or leak: Dilute with water and mop up or absorb with an inert DRY material and place in an appropriate waste 
disposal container. 
Large spill or leak: Absorb with an inert material and put the spilled material in an appropriate waste disposal. Dispose of in 
accordance with regional regulations. <br><br>**Material Release**
**or Spill**<br><br>**Section VII. Handling and Storage**<br><br>Avoid contamination with reactive substances. After handling, always wash hands thoroughly with soap and water.  **Handling**<br><br>Keep container dry. Keep container tightly closed. Keep in a cool, well-ventilated place.  **Storage****Section VIII. Exposure Controls/Personal Protection**<br><br>For normal application, special ventilation is not necessary. If user's operations generate vapours or mist, use ventilation to 
keep exposure to airborne contaminants below the exposure limit. Make-up air should always be supplied to balance air 
removed by exhaust ventilation. Ensure that eyewash station and safety shower are close to work-station. <br><br>**Engineering Controls**<br><br>**Personal Protection - The selection of personal protective equipment varies, depending upon conditions of use.**<br><br>Eye protection (i.e., safety glasses, safety goggles and/or face shield) should be determined based on conditions of use. If","area) and where engineering, work practices or other means of exposure reduction are not adequate, NIOSH approved 
respirators may be necessary to prevent overexposure by inhalation. <br><br>**Respiratory**<br><br>Wear appropriate chemically protective gloves. When handling hot product ensure gloves are heat resistant and insulated. **Hands**<br><br>Wear appropriate footwear to prevent product from coming in contact with feet and skin.  **Feet**<br><br>| Section IX. Physical and Chemical Properties |  |
|---|---|
| Section IX. Physical and Chemical Properties |   |
| Physical State and Clear viscous liquid. Appearance | Viscosity Not available |
| Colour Green. | Pour Point Not available |
| Odour Odourless. | Softening Point Not applicable. |
| Odour Threshold Not available | Dropping Point Not applicable. |
| Boiling Point 129 to 197°C (264 to 387°F) | Penetration Not applicable. |
| Density 1.115 to 1.145 (Water = 1) | Oil / Water Dist. Coeff. Not available |
| Vapour Density 2.1 (Air=1). | Ionicity (in water) Not available |
| Vapour Pressure 0.06 mmHg @ 20°C (68ºF). | Dispersion Properties Not available |
| Volatility 0% (w/w) | Solubility Soluble in water, methanol and diethyl ether. |
<br><br>| Section X. Stability and Reactivity |  |
|---|---|
| Section X. Stability and Reactivity |   |
| Corrosivity Not available |   |
| Stability The product is stable. | Hazardous Will not occur under normal working conditions. Polymerization |","<br><br>**Section III. Hazards Identification.**<br><br>Contact can cause slight irritation of skin, eyes and respiratory tract. Extremely dangerous in case of ingestion. For more 
information, refer to Section 11. 
**Potential Health**
**Effects****Section IV. First Aid Measures**<br><br>IMMEDIATELY flush eyes with running water for at least 15 minutes, keeping eyelids open. Seek medical attention.  **Eye Contact**<br><br>Remove contaminated clothing - launder before reuse. Wash gently and thoroughly the contaminated skin with running water 
and non-abrasive soap. Seek medical attention. 
**Skin Contact**<br><br>Evacuate the victim to a safe area as soon as possible. If the victim is not breathing, perform artificial respiration. Allow the 
victim to rest in a well ventilated area. Seek medical attention. 
**Inhalation**<br><br>DO NOT induce vomiting because of danger of aspirating liquid into lungs. Seek medical attention.  **Ingestion**<br><br>Not available  **Note to Physician**<br><br>| Section V. Fire-fighting Measures |  |
|---|---|
| Section V. Fire-fighting Measures |   |
| Flammability May be combustible at high temperature. | Flammable Limits Lower: 3.2%, Upper: 15.3% |
| Flash Points Closed Cup: 116ºC (Tagliabue) Open Cup: 116ºC (Cleveland) | Auto-Ignition 413ºC Temperature |
| Fire Hazards in Combustible in presence of open flames and Presence of sparks. Various Substances | Explosion Hazards Not a product presenting risks of explosion. in Presence of Various Substances |"
14,What are the special hazards arising from the substance during a fire?,"Combustible in presence of open flames and sparks. Products of combustion are carbon oxides (CO, CO2), smoke, and irritating vapours.",Section V. Fire-fighting Measures,"<br><br>**Section III. Hazards Identification.**<br><br>Contact can cause slight irritation of skin, eyes and respiratory tract. Extremely dangerous in case of ingestion. For more 
information, refer to Section 11. 
**Potential Health**
**Effects****Section IV. First Aid Measures**<br><br>IMMEDIATELY flush eyes with running water for at least 15 minutes, keeping eyelids open. Seek medical attention.  **Eye Contact**<br><br>Remove contaminated clothing - launder before reuse. Wash gently and thoroughly the contaminated skin with running water 
and non-abrasive soap. Seek medical attention. 
**Skin Contact**<br><br>Evacuate the victim to a safe area as soon as possible. If the victim is not breathing, perform artificial respiration. Allow the 
victim to rest in a well ventilated area. Seek medical attention. 
**Inhalation**<br><br>DO NOT induce vomiting because of danger of aspirating liquid into lungs. Seek medical attention.  **Ingestion**<br><br>Not available  **Note to Physician**<br><br>| Section V. Fire-fighting Measures |  |
|---|---|
| Section V. Fire-fighting Measures |   |
| Flammability May be combustible at high temperature. | Flammable Limits Lower: 3.2%, Upper: 15.3% |
| Flash Points Closed Cup: 116ºC (Tagliabue) Open Cup: 116ºC (Cleveland) | Auto-Ignition 413ºC Temperature |
| Fire Hazards in Combustible in presence of open flames and Presence of sparks. Various Substances | Explosion Hazards Not a product presenting risks of explosion. in Presence of Various Substances |","|---|---|
| Section V. Fire-fighting Measures |   |
| Flammability May be combustible at high temperature. | Flammable Limits Lower: 3.2%, Upper: 15.3% |
| Flash Points Closed Cup: 116ºC (Tagliabue) Open Cup: 116ºC (Cleveland) | Auto-Ignition 413ºC Temperature |
| Fire Hazards in Combustible in presence of open flames and Presence of sparks. Various Substances | Explosion Hazards Not a product presenting risks of explosion. in Presence of Various Substances |
| Products of Carbon oxides (CO, CO2), smoke and irritating vapours as products of incomplete combustion. Combustion |   |
| Fire Fighting SMALL FIRE: Use DRY chemicals, CO2, water spray or foam. Media and LARGE FIRE: Use water spray, fog or foam. DO NOT use water jet. nstructions |   |
**ANTIFREEZE** **Page Number: 2**<br><br>**Section VI. Accidental Release Measures**<br><br>Small spill or leak: Dilute with water and mop up or absorb with an inert DRY material and place in an appropriate waste 
disposal container. 
Large spill or leak: Absorb with an inert material and put the spilled material in an appropriate waste disposal. Dispose of in 
accordance with regional regulations. <br><br>**Material Release**","| Fire Fighting SMALL FIRE: Use DRY chemicals, CO2, water spray or foam. Media and LARGE FIRE: Use water spray, fog or foam. DO NOT use water jet. nstructions |   |
**ANTIFREEZE** **Page Number: 2**<br><br>**Section VI. Accidental Release Measures**<br><br>Small spill or leak: Dilute with water and mop up or absorb with an inert DRY material and place in an appropriate waste 
disposal container. 
Large spill or leak: Absorb with an inert material and put the spilled material in an appropriate waste disposal. Dispose of in 
accordance with regional regulations. <br><br>**Material Release**
**or Spill**<br><br>**Section VII. Handling and Storage**<br><br>Avoid contamination with reactive substances. After handling, always wash hands thoroughly with soap and water.  **Handling**<br><br>Keep container dry. Keep container tightly closed. Keep in a cool, well-ventilated place.  **Storage****Section VIII. Exposure Controls/Personal Protection**<br><br>For normal application, special ventilation is not necessary. If user's operations generate vapours or mist, use ventilation to 
keep exposure to airborne contaminants below the exposure limit. Make-up air should always be supplied to balance air 
removed by exhaust ventilation. Ensure that eyewash station and safety shower are close to work-station. <br><br>**Engineering Controls**<br><br>**Personal Protection - The selection of personal protective equipment varies, depending upon conditions of use.**<br><br>Eye protection (i.e., safety glasses, safety goggles and/or face shield) should be determined based on conditions of use. If","| Boiling Point 129 to 197°C (264 to 387°F) | Penetration Not applicable. |
| Density 1.115 to 1.145 (Water = 1) | Oil / Water Dist. Coeff. Not available |
| Vapour Density 2.1 (Air=1). | Ionicity (in water) Not available |
| Vapour Pressure 0.06 mmHg @ 20°C (68ºF). | Dispersion Properties Not available |
| Volatility 0% (w/w) | Solubility Soluble in water, methanol and diethyl ether. |
<br><br>| Section X. Stability and Reactivity |  |
|---|---|
| Section X. Stability and Reactivity |   |
| Corrosivity Not available |   |
| Stability The product is stable. | Hazardous Will not occur under normal working conditions. Polymerization |
| Incompatible Reactive with oxidizing agents, acids and Substances / alkalis. Conditions to Avoid | Decomposition May release COx, smoke and irritating vapours when Products heated to decomposition. |
**Section XI. Toxicological Information**<br><br>Eye contact and ingestion.  **Routes of Entry**<br><br>LD50: 4700 mg/kg (oral/rat). [Ethylene Glycol] 
LD50: 9530 mg/kg (dermal/rabbit). [Ethylene Glycol] 
**Acute Lethality**<br><br>**Chronic or Other Toxic Effects**
**Chronic or Other Toxic Effects**"
15,Are there any special fire handling procedures required for the product?,"For small fires, use dry chemicals, CO2, water spray, or foam. For large fires, use water spray, fog, or foam, but do not use a water jet.",Section V. Fire-fighting Measures,"|---|---|
| Section V. Fire-fighting Measures |   |
| Flammability May be combustible at high temperature. | Flammable Limits Lower: 3.2%, Upper: 15.3% |
| Flash Points Closed Cup: 116ºC (Tagliabue) Open Cup: 116ºC (Cleveland) | Auto-Ignition 413ºC Temperature |
| Fire Hazards in Combustible in presence of open flames and Presence of sparks. Various Substances | Explosion Hazards Not a product presenting risks of explosion. in Presence of Various Substances |
| Products of Carbon oxides (CO, CO2), smoke and irritating vapours as products of incomplete combustion. Combustion |   |
| Fire Fighting SMALL FIRE: Use DRY chemicals, CO2, water spray or foam. Media and LARGE FIRE: Use water spray, fog or foam. DO NOT use water jet. nstructions |   |
**ANTIFREEZE** **Page Number: 2**<br><br>**Section VI. Accidental Release Measures**<br><br>Small spill or leak: Dilute with water and mop up or absorb with an inert DRY material and place in an appropriate waste 
disposal container. 
Large spill or leak: Absorb with an inert material and put the spilled material in an appropriate waste disposal. Dispose of in 
accordance with regional regulations. <br><br>**Material Release**","| Fire Fighting SMALL FIRE: Use DRY chemicals, CO2, water spray or foam. Media and LARGE FIRE: Use water spray, fog or foam. DO NOT use water jet. nstructions |   |
**ANTIFREEZE** **Page Number: 2**<br><br>**Section VI. Accidental Release Measures**<br><br>Small spill or leak: Dilute with water and mop up or absorb with an inert DRY material and place in an appropriate waste 
disposal container. 
Large spill or leak: Absorb with an inert material and put the spilled material in an appropriate waste disposal. Dispose of in 
accordance with regional regulations. <br><br>**Material Release**
**or Spill**<br><br>**Section VII. Handling and Storage**<br><br>Avoid contamination with reactive substances. After handling, always wash hands thoroughly with soap and water.  **Handling**<br><br>Keep container dry. Keep container tightly closed. Keep in a cool, well-ventilated place.  **Storage****Section VIII. Exposure Controls/Personal Protection**<br><br>For normal application, special ventilation is not necessary. If user's operations generate vapours or mist, use ventilation to 
keep exposure to airborne contaminants below the exposure limit. Make-up air should always be supplied to balance air 
removed by exhaust ventilation. Ensure that eyewash station and safety shower are close to work-station. <br><br>**Engineering Controls**<br><br>**Personal Protection - The selection of personal protective equipment varies, depending upon conditions of use.**<br><br>Eye protection (i.e., safety glasses, safety goggles and/or face shield) should be determined based on conditions of use. If","<br><br>**Section III. Hazards Identification.**<br><br>Contact can cause slight irritation of skin, eyes and respiratory tract. Extremely dangerous in case of ingestion. For more 
information, refer to Section 11. 
**Potential Health**
**Effects****Section IV. First Aid Measures**<br><br>IMMEDIATELY flush eyes with running water for at least 15 minutes, keeping eyelids open. Seek medical attention.  **Eye Contact**<br><br>Remove contaminated clothing - launder before reuse. Wash gently and thoroughly the contaminated skin with running water 
and non-abrasive soap. Seek medical attention. 
**Skin Contact**<br><br>Evacuate the victim to a safe area as soon as possible. If the victim is not breathing, perform artificial respiration. Allow the 
victim to rest in a well ventilated area. Seek medical attention. 
**Inhalation**<br><br>DO NOT induce vomiting because of danger of aspirating liquid into lungs. Seek medical attention.  **Ingestion**<br><br>Not available  **Note to Physician**<br><br>| Section V. Fire-fighting Measures |  |
|---|---|
| Section V. Fire-fighting Measures |   |
| Flammability May be combustible at high temperature. | Flammable Limits Lower: 3.2%, Upper: 15.3% |
| Flash Points Closed Cup: 116ºC (Tagliabue) Open Cup: 116ºC (Cleveland) | Auto-Ignition 413ºC Temperature |
| Fire Hazards in Combustible in presence of open flames and Presence of sparks. Various Substances | Explosion Hazards Not a product presenting risks of explosion. in Presence of Various Substances |","area) and where engineering, work practices or other means of exposure reduction are not adequate, NIOSH approved 
respirators may be necessary to prevent overexposure by inhalation. <br><br>**Respiratory**<br><br>Wear appropriate chemically protective gloves. When handling hot product ensure gloves are heat resistant and insulated. **Hands**<br><br>Wear appropriate footwear to prevent product from coming in contact with feet and skin.  **Feet**<br><br>| Section IX. Physical and Chemical Properties |  |
|---|---|
| Section IX. Physical and Chemical Properties |   |
| Physical State and Clear viscous liquid. Appearance | Viscosity Not available |
| Colour Green. | Pour Point Not available |
| Odour Odourless. | Softening Point Not applicable. |
| Odour Threshold Not available | Dropping Point Not applicable. |
| Boiling Point 129 to 197°C (264 to 387°F) | Penetration Not applicable. |
| Density 1.115 to 1.145 (Water = 1) | Oil / Water Dist. Coeff. Not available |
| Vapour Density 2.1 (Air=1). | Ionicity (in water) Not available |
| Vapour Pressure 0.06 mmHg @ 20°C (68ºF). | Dispersion Properties Not available |
| Volatility 0% (w/w) | Solubility Soluble in water, methanol and diethyl ether. |
<br><br>| Section X. Stability and Reactivity |  |
|---|---|
| Section X. Stability and Reactivity |   |
| Corrosivity Not available |   |
| Stability The product is stable. | Hazardous Will not occur under normal working conditions. Polymerization |"
16,"How should accidental releases, spill, or leak of the product be handled?","For small spills, dilute with water and mop up or absorb with an inert dry material and place in an appropriate waste disposal container. For large spills, absorb with an inert material and put the spilled material in an appropriate waste disposal container. Dispose of in accordance with regional regulations.",Section VI. Accidental Release Measures,"| Fire Fighting SMALL FIRE: Use DRY chemicals, CO2, water spray or foam. Media and LARGE FIRE: Use water spray, fog or foam. DO NOT use water jet. nstructions |   |
**ANTIFREEZE** **Page Number: 2**<br><br>**Section VI. Accidental Release Measures**<br><br>Small spill or leak: Dilute with water and mop up or absorb with an inert DRY material and place in an appropriate waste 
disposal container. 
Large spill or leak: Absorb with an inert material and put the spilled material in an appropriate waste disposal. Dispose of in 
accordance with regional regulations. <br><br>**Material Release**
**or Spill**<br><br>**Section VII. Handling and Storage**<br><br>Avoid contamination with reactive substances. After handling, always wash hands thoroughly with soap and water.  **Handling**<br><br>Keep container dry. Keep container tightly closed. Keep in a cool, well-ventilated place.  **Storage****Section VIII. Exposure Controls/Personal Protection**<br><br>For normal application, special ventilation is not necessary. If user's operations generate vapours or mist, use ventilation to 
keep exposure to airborne contaminants below the exposure limit. Make-up air should always be supplied to balance air 
removed by exhaust ventilation. Ensure that eyewash station and safety shower are close to work-station. <br><br>**Engineering Controls**<br><br>**Personal Protection - The selection of personal protective equipment varies, depending upon conditions of use.**<br><br>Eye protection (i.e., safety glasses, safety goggles and/or face shield) should be determined based on conditions of use. If","keep exposure to airborne contaminants below the exposure limit. Make-up air should always be supplied to balance air 
removed by exhaust ventilation. Ensure that eyewash station and safety shower are close to work-station. <br><br>**Engineering Controls**<br><br>**Personal Protection - The selection of personal protective equipment varies, depending upon conditions of use.**<br><br>Eye protection (i.e., safety glasses, safety goggles and/or face shield) should be determined based on conditions of use. If 
product is used in an application where splashing may occur, the use of safety goggles and/or a face shield should be 
considered. <br><br>**Eyes**<br><br>Wear appropriate clothing to prevent skin contact. As a minimum long sleeves and trousers should be worn.  **Body**<br><br>Where concentrations in air may exceed the occupational exposure limits given in Section 2 (and those applicable to your 
area) and where engineering, work practices or other means of exposure reduction are not adequate, NIOSH approved 
respirators may be necessary to prevent overexposure by inhalation. <br><br>**Respiratory**<br><br>Wear appropriate chemically protective gloves. When handling hot product ensure gloves are heat resistant and insulated. **Hands**<br><br>Wear appropriate footwear to prevent product from coming in contact with feet and skin.  **Feet**<br><br>| Section IX. Physical and Chemical Properties |  |
|---|---|
| Section IX. Physical and Chemical Properties |   |
| Physical State and Clear viscous liquid. Appearance | Viscosity Not available |","area) and where engineering, work practices or other means of exposure reduction are not adequate, NIOSH approved 
respirators may be necessary to prevent overexposure by inhalation. <br><br>**Respiratory**<br><br>Wear appropriate chemically protective gloves. When handling hot product ensure gloves are heat resistant and insulated. **Hands**<br><br>Wear appropriate footwear to prevent product from coming in contact with feet and skin.  **Feet**<br><br>| Section IX. Physical and Chemical Properties |  |
|---|---|
| Section IX. Physical and Chemical Properties |   |
| Physical State and Clear viscous liquid. Appearance | Viscosity Not available |
| Colour Green. | Pour Point Not available |
| Odour Odourless. | Softening Point Not applicable. |
| Odour Threshold Not available | Dropping Point Not applicable. |
| Boiling Point 129 to 197°C (264 to 387°F) | Penetration Not applicable. |
| Density 1.115 to 1.145 (Water = 1) | Oil / Water Dist. Coeff. Not available |
| Vapour Density 2.1 (Air=1). | Ionicity (in water) Not available |
| Vapour Pressure 0.06 mmHg @ 20°C (68ºF). | Dispersion Properties Not available |
| Volatility 0% (w/w) | Solubility Soluble in water, methanol and diethyl ether. |
<br><br>| Section X. Stability and Reactivity |  |
|---|---|
| Section X. Stability and Reactivity |   |
| Corrosivity Not available |   |
| Stability The product is stable. | Hazardous Will not occur under normal working conditions. Polymerization |","| Boiling Point 129 to 197°C (264 to 387°F) | Penetration Not applicable. |
| Density 1.115 to 1.145 (Water = 1) | Oil / Water Dist. Coeff. Not available |
| Vapour Density 2.1 (Air=1). | Ionicity (in water) Not available |
| Vapour Pressure 0.06 mmHg @ 20°C (68ºF). | Dispersion Properties Not available |
| Volatility 0% (w/w) | Solubility Soluble in water, methanol and diethyl ether. |
<br><br>| Section X. Stability and Reactivity |  |
|---|---|
| Section X. Stability and Reactivity |   |
| Corrosivity Not available |   |
| Stability The product is stable. | Hazardous Will not occur under normal working conditions. Polymerization |
| Incompatible Reactive with oxidizing agents, acids and Substances / alkalis. Conditions to Avoid | Decomposition May release COx, smoke and irritating vapours when Products heated to decomposition. |
**Section XI. Toxicological Information**<br><br>Eye contact and ingestion.  **Routes of Entry**<br><br>LD50: 4700 mg/kg (oral/rat). [Ethylene Glycol] 
LD50: 9530 mg/kg (dermal/rabbit). [Ethylene Glycol] 
**Acute Lethality**<br><br>**Chronic or Other Toxic Effects**
**Chronic or Other Toxic Effects**"
17,What precautions should be taken for safe handling and storage of the product?,"Avoid contamination with reactive substances. After handling, always wash hands thoroughly with soap and water. Keep container dry. Keep container tightly closed. Keep in a cool, well-ventilated place.",Section VII. Handling and Storage,"keep exposure to airborne contaminants below the exposure limit. Make-up air should always be supplied to balance air 
removed by exhaust ventilation. Ensure that eyewash station and safety shower are close to work-station. <br><br>**Engineering Controls**<br><br>**Personal Protection - The selection of personal protective equipment varies, depending upon conditions of use.**<br><br>Eye protection (i.e., safety glasses, safety goggles and/or face shield) should be determined based on conditions of use. If 
product is used in an application where splashing may occur, the use of safety goggles and/or a face shield should be 
considered. <br><br>**Eyes**<br><br>Wear appropriate clothing to prevent skin contact. As a minimum long sleeves and trousers should be worn.  **Body**<br><br>Where concentrations in air may exceed the occupational exposure limits given in Section 2 (and those applicable to your 
area) and where engineering, work practices or other means of exposure reduction are not adequate, NIOSH approved 
respirators may be necessary to prevent overexposure by inhalation. <br><br>**Respiratory**<br><br>Wear appropriate chemically protective gloves. When handling hot product ensure gloves are heat resistant and insulated. **Hands**<br><br>Wear appropriate footwear to prevent product from coming in contact with feet and skin.  **Feet**<br><br>| Section IX. Physical and Chemical Properties |  |
|---|---|
| Section IX. Physical and Chemical Properties |   |
| Physical State and Clear viscous liquid. Appearance | Viscosity Not available |","area) and where engineering, work practices or other means of exposure reduction are not adequate, NIOSH approved 
respirators may be necessary to prevent overexposure by inhalation. <br><br>**Respiratory**<br><br>Wear appropriate chemically protective gloves. When handling hot product ensure gloves are heat resistant and insulated. **Hands**<br><br>Wear appropriate footwear to prevent product from coming in contact with feet and skin.  **Feet**<br><br>| Section IX. Physical and Chemical Properties |  |
|---|---|
| Section IX. Physical and Chemical Properties |   |
| Physical State and Clear viscous liquid. Appearance | Viscosity Not available |
| Colour Green. | Pour Point Not available |
| Odour Odourless. | Softening Point Not applicable. |
| Odour Threshold Not available | Dropping Point Not applicable. |
| Boiling Point 129 to 197°C (264 to 387°F) | Penetration Not applicable. |
| Density 1.115 to 1.145 (Water = 1) | Oil / Water Dist. Coeff. Not available |
| Vapour Density 2.1 (Air=1). | Ionicity (in water) Not available |
| Vapour Pressure 0.06 mmHg @ 20°C (68ºF). | Dispersion Properties Not available |
| Volatility 0% (w/w) | Solubility Soluble in water, methanol and diethyl ether. |
<br><br>| Section X. Stability and Reactivity |  |
|---|---|
| Section X. Stability and Reactivity |   |
| Corrosivity Not available |   |
| Stability The product is stable. | Hazardous Will not occur under normal working conditions. Polymerization |","| Fire Fighting SMALL FIRE: Use DRY chemicals, CO2, water spray or foam. Media and LARGE FIRE: Use water spray, fog or foam. DO NOT use water jet. nstructions |   |
**ANTIFREEZE** **Page Number: 2**<br><br>**Section VI. Accidental Release Measures**<br><br>Small spill or leak: Dilute with water and mop up or absorb with an inert DRY material and place in an appropriate waste 
disposal container. 
Large spill or leak: Absorb with an inert material and put the spilled material in an appropriate waste disposal. Dispose of in 
accordance with regional regulations. <br><br>**Material Release**
**or Spill**<br><br>**Section VII. Handling and Storage**<br><br>Avoid contamination with reactive substances. After handling, always wash hands thoroughly with soap and water.  **Handling**<br><br>Keep container dry. Keep container tightly closed. Keep in a cool, well-ventilated place.  **Storage****Section VIII. Exposure Controls/Personal Protection**<br><br>For normal application, special ventilation is not necessary. If user's operations generate vapours or mist, use ventilation to 
keep exposure to airborne contaminants below the exposure limit. Make-up air should always be supplied to balance air 
removed by exhaust ventilation. Ensure that eyewash station and safety shower are close to work-station. <br><br>**Engineering Controls**<br><br>**Personal Protection - The selection of personal protective equipment varies, depending upon conditions of use.**<br><br>Eye protection (i.e., safety glasses, safety goggles and/or face shield) should be determined based on conditions of use. If","licensed waste disposal facility. Ensure that disposal or reprocessing is in compliance with government requirements and 
local disposal regulations. Consult your local or regional authorities. <br><br>**Waste Disposal**| Section XIV. Transport Information |  |
|---|---|
| Section XIV. Transport Information |   |
| DOT Classification Not a DOT controlled material (United States). | Special Provisions Not applicable. for Transport |
<br><br>| Section XV. Regulatory Information |  |
|---|---|
| Section XV. Regulatory Information |   |
| Other This product is acceptable for use under the provisions of WHMIS-CPR. All components of this formulation are listed on the Regulations CEPA-DSL (Domestic Substances List). All components of this formulation are listed on the US EPA-TSCA Inventory. This product has been classified in accordance with the hazard criteria of the Controlled Products Regulations (CPR) and the MSDS contains all of the information required by the CPR. Please contact Product Safety for more information. |   |
| DSD/DPD (EEC) Not evaluated. | WHMIS (Canada) D-2A |
| ADR (Europe) NOT EVALUATED FOR (Pictograms) EUROPEAN TRANSPORT NON ÉVALUÉ POUR LE TRANSPORT EUROPÉEN. | TDG (Canada) (Pictograms) |
**Section XVI. Other Information**<br><br>Available upon request. 
*Marque de commerce de Petro-Canada - Trademark 
**References**<br><br>**Glossary**
ACGIH - American Conference of Governmental Industrial Hygienists 
ADR - Agreement on Dangerous goods by Road (Europe) 
ASTM - American Society for Testing and Materials ( 
BOD5 - Biological Oxygen Demand in 5 days"
18,What are the exposure controls and personal protection measures recommended for the product?,"To prevent exposure to airborne contaminants, keep concentrations below the occupational exposure limit. Make-up air should be supplied to balance air removed by exhaust ventilation. For personal protection, wear safety glasses or goggles with a face shield if splashing may occur. Wear long sleeves and trousers to prevent skin contact. Where airborne concentrations exceed limits, use NIOSH-approved respirators. Wear chemically protective gloves when handling the product, especially when it's hot. Ensure these are heat-resistant and insulated. Wear appropriate footwear to prevent foot and skin exposure.","Section VIII. Personal Protection/ PPE and Section IX. Physical and Chemical Properties, specifically the Engineering Controls section","keep exposure to airborne contaminants below the exposure limit. Make-up air should always be supplied to balance air 
removed by exhaust ventilation. Ensure that eyewash station and safety shower are close to work-station. <br><br>**Engineering Controls**<br><br>**Personal Protection - The selection of personal protective equipment varies, depending upon conditions of use.**<br><br>Eye protection (i.e., safety glasses, safety goggles and/or face shield) should be determined based on conditions of use. If 
product is used in an application where splashing may occur, the use of safety goggles and/or a face shield should be 
considered. <br><br>**Eyes**<br><br>Wear appropriate clothing to prevent skin contact. As a minimum long sleeves and trousers should be worn.  **Body**<br><br>Where concentrations in air may exceed the occupational exposure limits given in Section 2 (and those applicable to your 
area) and where engineering, work practices or other means of exposure reduction are not adequate, NIOSH approved 
respirators may be necessary to prevent overexposure by inhalation. <br><br>**Respiratory**<br><br>Wear appropriate chemically protective gloves. When handling hot product ensure gloves are heat resistant and insulated. **Hands**<br><br>Wear appropriate footwear to prevent product from coming in contact with feet and skin.  **Feet**<br><br>| Section IX. Physical and Chemical Properties |  |
|---|---|
| Section IX. Physical and Chemical Properties |   |
| Physical State and Clear viscous liquid. Appearance | Viscosity Not available |","area) and where engineering, work practices or other means of exposure reduction are not adequate, NIOSH approved 
respirators may be necessary to prevent overexposure by inhalation. <br><br>**Respiratory**<br><br>Wear appropriate chemically protective gloves. When handling hot product ensure gloves are heat resistant and insulated. **Hands**<br><br>Wear appropriate footwear to prevent product from coming in contact with feet and skin.  **Feet**<br><br>| Section IX. Physical and Chemical Properties |  |
|---|---|
| Section IX. Physical and Chemical Properties |   |
| Physical State and Clear viscous liquid. Appearance | Viscosity Not available |
| Colour Green. | Pour Point Not available |
| Odour Odourless. | Softening Point Not applicable. |
| Odour Threshold Not available | Dropping Point Not applicable. |
| Boiling Point 129 to 197°C (264 to 387°F) | Penetration Not applicable. |
| Density 1.115 to 1.145 (Water = 1) | Oil / Water Dist. Coeff. Not available |
| Vapour Density 2.1 (Air=1). | Ionicity (in water) Not available |
| Vapour Pressure 0.06 mmHg @ 20°C (68ºF). | Dispersion Properties Not available |
| Volatility 0% (w/w) | Solubility Soluble in water, methanol and diethyl ether. |
<br><br>| Section X. Stability and Reactivity |  |
|---|---|
| Section X. Stability and Reactivity |   |
| Corrosivity Not available |   |
| Stability The product is stable. | Hazardous Will not occur under normal working conditions. Polymerization |","PEL - Permissible Exposure Limit 
RCRA - Resource Conservation and Recovery Act 
SARA - Superfund Amendments and Reorganization Act 
SD - Single Dose 
STEL - Short Term Exposure Limit (15 minutes) 
TDG - Transportation Dangerous Goods (Canada) 
TDLo/TCLo - Lowest Published Toxic Dose/Concentration 
TLm - Median Tolerance Limit 
TLV-TWA - Threshold Limit Value-Time Weighted Average 
TSCA - Toxic Substances Control Act 
USEPA - United States Environmental Protection Agency <br><br>Propane Installation Code **ANTIFREEZE**<br><br>FDA - Food and Drug Administration 
FIFRA - Federal Insecticide, Fungicide and Rodenticide Act 
HCS - Hazardous Communication System 
HMIS - Hazardous Material Information System 
IARC - International Agency for Research on Cancer <br><br>**For Copy of MSDS**
**Western Canada, telephone: 403-296-4158; fax: 403-296-6551**
**Ontario & Central Canada, telephone: 1-800-668-0220; fax: 1-800-837-1228**
**Quebec & Eastern Canada, telephone: 514-640-8308; fax: 514-640-8385**<br><br>**Prepared by Product Safety - TAR on 7/3/2001.**<br><br>**Data entry by Product Safety - JDW.**<br><br>**For Product Safety Information: (905) 804-4752**<br><br>**To the best of our knowledge, the information contained herein is accurate. However, neither the above named supplier nor any of its**
**subsidiaries assumes any liability whatsoever for the accuracy or completeness of the information contained herein. Final**
**determination of suitability of any material is the sole responsibility of the user. All materials may present unknown hazards and should**","<br><br>**Section III. Hazards Identification.**<br><br>Contact can cause slight irritation of skin, eyes and respiratory tract. Extremely dangerous in case of ingestion. For more 
information, refer to Section 11. 
**Potential Health**
**Effects****Section IV. First Aid Measures**<br><br>IMMEDIATELY flush eyes with running water for at least 15 minutes, keeping eyelids open. Seek medical attention.  **Eye Contact**<br><br>Remove contaminated clothing - launder before reuse. Wash gently and thoroughly the contaminated skin with running water 
and non-abrasive soap. Seek medical attention. 
**Skin Contact**<br><br>Evacuate the victim to a safe area as soon as possible. If the victim is not breathing, perform artificial respiration. Allow the 
victim to rest in a well ventilated area. Seek medical attention. 
**Inhalation**<br><br>DO NOT induce vomiting because of danger of aspirating liquid into lungs. Seek medical attention.  **Ingestion**<br><br>Not available  **Note to Physician**<br><br>| Section V. Fire-fighting Measures |  |
|---|---|
| Section V. Fire-fighting Measures |   |
| Flammability May be combustible at high temperature. | Flammable Limits Lower: 3.2%, Upper: 15.3% |
| Flash Points Closed Cup: 116ºC (Tagliabue) Open Cup: 116ºC (Cleveland) | Auto-Ignition 413ºC Temperature |
| Fire Hazards in Combustible in presence of open flames and Presence of sparks. Various Substances | Explosion Hazards Not a product presenting risks of explosion. in Presence of Various Substances |"
19,What are the physical and chemical properties of the product?,"The physical properties of the product are as follows: Physical State - Clear viscous liquid, Appearance - Green, Colour, Odour - Odourless, Boiling Point - 129 to 197°C (264 to 387°F), Density - 1.115 to 1.145 (Water = 1), Vapour Density - 2.1 (Air=1), Vapour Pressure - 0.06 mmHg @ 20°C (68ºF). Volatility is 0% (w/w) and the product is soluble in water, methanol, and diethyl ether.",Section IX. Physical and Chemical Properties,"| Boiling Point 129 to 197°C (264 to 387°F) | Penetration Not applicable. |
| Density 1.115 to 1.145 (Water = 1) | Oil / Water Dist. Coeff. Not available |
| Vapour Density 2.1 (Air=1). | Ionicity (in water) Not available |
| Vapour Pressure 0.06 mmHg @ 20°C (68ºF). | Dispersion Properties Not available |
| Volatility 0% (w/w) | Solubility Soluble in water, methanol and diethyl ether. |
<br><br>| Section X. Stability and Reactivity |  |
|---|---|
| Section X. Stability and Reactivity |   |
| Corrosivity Not available |   |
| Stability The product is stable. | Hazardous Will not occur under normal working conditions. Polymerization |
| Incompatible Reactive with oxidizing agents, acids and Substances / alkalis. Conditions to Avoid | Decomposition May release COx, smoke and irritating vapours when Products heated to decomposition. |
**Section XI. Toxicological Information**<br><br>Eye contact and ingestion.  **Routes of Entry**<br><br>LD50: 4700 mg/kg (oral/rat). [Ethylene Glycol] 
LD50: 9530 mg/kg (dermal/rabbit). [Ethylene Glycol] 
**Acute Lethality**<br><br>**Chronic or Other Toxic Effects**
**Chronic or Other Toxic Effects**","area) and where engineering, work practices or other means of exposure reduction are not adequate, NIOSH approved 
respirators may be necessary to prevent overexposure by inhalation. <br><br>**Respiratory**<br><br>Wear appropriate chemically protective gloves. When handling hot product ensure gloves are heat resistant and insulated. **Hands**<br><br>Wear appropriate footwear to prevent product from coming in contact with feet and skin.  **Feet**<br><br>| Section IX. Physical and Chemical Properties |  |
|---|---|
| Section IX. Physical and Chemical Properties |   |
| Physical State and Clear viscous liquid. Appearance | Viscosity Not available |
| Colour Green. | Pour Point Not available |
| Odour Odourless. | Softening Point Not applicable. |
| Odour Threshold Not available | Dropping Point Not applicable. |
| Boiling Point 129 to 197°C (264 to 387°F) | Penetration Not applicable. |
| Density 1.115 to 1.145 (Water = 1) | Oil / Water Dist. Coeff. Not available |
| Vapour Density 2.1 (Air=1). | Ionicity (in water) Not available |
| Vapour Pressure 0.06 mmHg @ 20°C (68ºF). | Dispersion Properties Not available |
| Volatility 0% (w/w) | Solubility Soluble in water, methanol and diethyl ether. |
<br><br>| Section X. Stability and Reactivity |  |
|---|---|
| Section X. Stability and Reactivity |   |
| Corrosivity Not available |   |
| Stability The product is stable. | Hazardous Will not occur under normal working conditions. Polymerization |","| Corrosivity Not available |   |
| Stability The product is stable. | Hazardous Will not occur under normal working conditions. Polymerization |
| Incompatible Reactive with oxidizing agents, acids and Substances / alkalis. Conditions to Avoid | Decomposition May release COx, smoke and irritating vapours when Products heated to decomposition. |
**Section XI. Toxicological Information**<br><br>Eye contact and ingestion.  **Routes of Entry**<br><br>LD50: 4700 mg/kg (oral/rat). [Ethylene Glycol] 
LD50: 9530 mg/kg (dermal/rabbit). [Ethylene Glycol] 
**Acute Lethality**<br><br>**Chronic or Other Toxic Effects**
**Chronic or Other Toxic Effects**
Slightly hazardous in case of skin contact (irritant).  Dermal Route: <br><br>Slightly hazardous in case of inhalation (lung irritant). Can cause nausea, headaches and vomiting.  Inhalation Route: <br><br>Extremely dangerous in case of ingestion.  Oral Route: <br><br>Slightly hazardous in case of eye contact (irritant).  Eye Irritation/Inflammation: <br><br>Not available  Immunotoxicity: <br><br>Not available  Skin Sensitization: <br><br>Not available  Respiratory Tract Sensitization: <br><br>Not available  Mutagenic:","keep exposure to airborne contaminants below the exposure limit. Make-up air should always be supplied to balance air 
removed by exhaust ventilation. Ensure that eyewash station and safety shower are close to work-station. <br><br>**Engineering Controls**<br><br>**Personal Protection - The selection of personal protective equipment varies, depending upon conditions of use.**<br><br>Eye protection (i.e., safety glasses, safety goggles and/or face shield) should be determined based on conditions of use. If 
product is used in an application where splashing may occur, the use of safety goggles and/or a face shield should be 
considered. <br><br>**Eyes**<br><br>Wear appropriate clothing to prevent skin contact. As a minimum long sleeves and trousers should be worn.  **Body**<br><br>Where concentrations in air may exceed the occupational exposure limits given in Section 2 (and those applicable to your 
area) and where engineering, work practices or other means of exposure reduction are not adequate, NIOSH approved 
respirators may be necessary to prevent overexposure by inhalation. <br><br>**Respiratory**<br><br>Wear appropriate chemically protective gloves. When handling hot product ensure gloves are heat resistant and insulated. **Hands**<br><br>Wear appropriate footwear to prevent product from coming in contact with feet and skin.  **Feet**<br><br>| Section IX. Physical and Chemical Properties |  |
|---|---|
| Section IX. Physical and Chemical Properties |   |
| Physical State and Clear viscous liquid. Appearance | Viscosity Not available |"
20,Is the product stable or reactive? Are there any hazardous reactions to be aware of?,"The product is stable. However, it can release COx, smoke, and irritating vapours when heated to decomposition. It is also reactive with oxidizing agents, acids, and alkalis.",Section X. Stability and Reactivity,"| Boiling Point 129 to 197°C (264 to 387°F) | Penetration Not applicable. |
| Density 1.115 to 1.145 (Water = 1) | Oil / Water Dist. Coeff. Not available |
| Vapour Density 2.1 (Air=1). | Ionicity (in water) Not available |
| Vapour Pressure 0.06 mmHg @ 20°C (68ºF). | Dispersion Properties Not available |
| Volatility 0% (w/w) | Solubility Soluble in water, methanol and diethyl ether. |
<br><br>| Section X. Stability and Reactivity |  |
|---|---|
| Section X. Stability and Reactivity |   |
| Corrosivity Not available |   |
| Stability The product is stable. | Hazardous Will not occur under normal working conditions. Polymerization |
| Incompatible Reactive with oxidizing agents, acids and Substances / alkalis. Conditions to Avoid | Decomposition May release COx, smoke and irritating vapours when Products heated to decomposition. |
**Section XI. Toxicological Information**<br><br>Eye contact and ingestion.  **Routes of Entry**<br><br>LD50: 4700 mg/kg (oral/rat). [Ethylene Glycol] 
LD50: 9530 mg/kg (dermal/rabbit). [Ethylene Glycol] 
**Acute Lethality**<br><br>**Chronic or Other Toxic Effects**
**Chronic or Other Toxic Effects**","| Corrosivity Not available |   |
| Stability The product is stable. | Hazardous Will not occur under normal working conditions. Polymerization |
| Incompatible Reactive with oxidizing agents, acids and Substances / alkalis. Conditions to Avoid | Decomposition May release COx, smoke and irritating vapours when Products heated to decomposition. |
**Section XI. Toxicological Information**<br><br>Eye contact and ingestion.  **Routes of Entry**<br><br>LD50: 4700 mg/kg (oral/rat). [Ethylene Glycol] 
LD50: 9530 mg/kg (dermal/rabbit). [Ethylene Glycol] 
**Acute Lethality**<br><br>**Chronic or Other Toxic Effects**
**Chronic or Other Toxic Effects**
Slightly hazardous in case of skin contact (irritant).  Dermal Route: <br><br>Slightly hazardous in case of inhalation (lung irritant). Can cause nausea, headaches and vomiting.  Inhalation Route: <br><br>Extremely dangerous in case of ingestion.  Oral Route: <br><br>Slightly hazardous in case of eye contact (irritant).  Eye Irritation/Inflammation: <br><br>Not available  Immunotoxicity: <br><br>Not available  Skin Sensitization: <br><br>Not available  Respiratory Tract Sensitization: <br><br>Not available  Mutagenic:","area) and where engineering, work practices or other means of exposure reduction are not adequate, NIOSH approved 
respirators may be necessary to prevent overexposure by inhalation. <br><br>**Respiratory**<br><br>Wear appropriate chemically protective gloves. When handling hot product ensure gloves are heat resistant and insulated. **Hands**<br><br>Wear appropriate footwear to prevent product from coming in contact with feet and skin.  **Feet**<br><br>| Section IX. Physical and Chemical Properties |  |
|---|---|
| Section IX. Physical and Chemical Properties |   |
| Physical State and Clear viscous liquid. Appearance | Viscosity Not available |
| Colour Green. | Pour Point Not available |
| Odour Odourless. | Softening Point Not applicable. |
| Odour Threshold Not available | Dropping Point Not applicable. |
| Boiling Point 129 to 197°C (264 to 387°F) | Penetration Not applicable. |
| Density 1.115 to 1.145 (Water = 1) | Oil / Water Dist. Coeff. Not available |
| Vapour Density 2.1 (Air=1). | Ionicity (in water) Not available |
| Vapour Pressure 0.06 mmHg @ 20°C (68ºF). | Dispersion Properties Not available |
| Volatility 0% (w/w) | Solubility Soluble in water, methanol and diethyl ether. |
<br><br>| Section X. Stability and Reactivity |  |
|---|---|
| Section X. Stability and Reactivity |   |
| Corrosivity Not available |   |
| Stability The product is stable. | Hazardous Will not occur under normal working conditions. Polymerization |","<br><br>**Section III. Hazards Identification.**<br><br>Contact can cause slight irritation of skin, eyes and respiratory tract. Extremely dangerous in case of ingestion. For more 
information, refer to Section 11. 
**Potential Health**
**Effects****Section IV. First Aid Measures**<br><br>IMMEDIATELY flush eyes with running water for at least 15 minutes, keeping eyelids open. Seek medical attention.  **Eye Contact**<br><br>Remove contaminated clothing - launder before reuse. Wash gently and thoroughly the contaminated skin with running water 
and non-abrasive soap. Seek medical attention. 
**Skin Contact**<br><br>Evacuate the victim to a safe area as soon as possible. If the victim is not breathing, perform artificial respiration. Allow the 
victim to rest in a well ventilated area. Seek medical attention. 
**Inhalation**<br><br>DO NOT induce vomiting because of danger of aspirating liquid into lungs. Seek medical attention.  **Ingestion**<br><br>Not available  **Note to Physician**<br><br>| Section V. Fire-fighting Measures |  |
|---|---|
| Section V. Fire-fighting Measures |   |
| Flammability May be combustible at high temperature. | Flammable Limits Lower: 3.2%, Upper: 15.3% |
| Flash Points Closed Cup: 116ºC (Tagliabue) Open Cup: 116ºC (Cleveland) | Auto-Ignition 413ºC Temperature |
| Fire Hazards in Combustible in presence of open flames and Presence of sparks. Various Substances | Explosion Hazards Not a product presenting risks of explosion. in Presence of Various Substances |"
21,What are the possible hazardous decomposition products of the product?,"May release COx, smoke and irritating vapours","Section X. Stability and Reactivity, Decomposition","| Corrosivity Not available |   |
| Stability The product is stable. | Hazardous Will not occur under normal working conditions. Polymerization |
| Incompatible Reactive with oxidizing agents, acids and Substances / alkalis. Conditions to Avoid | Decomposition May release COx, smoke and irritating vapours when Products heated to decomposition. |
**Section XI. Toxicological Information**<br><br>Eye contact and ingestion.  **Routes of Entry**<br><br>LD50: 4700 mg/kg (oral/rat). [Ethylene Glycol] 
LD50: 9530 mg/kg (dermal/rabbit). [Ethylene Glycol] 
**Acute Lethality**<br><br>**Chronic or Other Toxic Effects**
**Chronic or Other Toxic Effects**
Slightly hazardous in case of skin contact (irritant).  Dermal Route: <br><br>Slightly hazardous in case of inhalation (lung irritant). Can cause nausea, headaches and vomiting.  Inhalation Route: <br><br>Extremely dangerous in case of ingestion.  Oral Route: <br><br>Slightly hazardous in case of eye contact (irritant).  Eye Irritation/Inflammation: <br><br>Not available  Immunotoxicity: <br><br>Not available  Skin Sensitization: <br><br>Not available  Respiratory Tract Sensitization: <br><br>Not available  Mutagenic:","| Boiling Point 129 to 197°C (264 to 387°F) | Penetration Not applicable. |
| Density 1.115 to 1.145 (Water = 1) | Oil / Water Dist. Coeff. Not available |
| Vapour Density 2.1 (Air=1). | Ionicity (in water) Not available |
| Vapour Pressure 0.06 mmHg @ 20°C (68ºF). | Dispersion Properties Not available |
| Volatility 0% (w/w) | Solubility Soluble in water, methanol and diethyl ether. |
<br><br>| Section X. Stability and Reactivity |  |
|---|---|
| Section X. Stability and Reactivity |   |
| Corrosivity Not available |   |
| Stability The product is stable. | Hazardous Will not occur under normal working conditions. Polymerization |
| Incompatible Reactive with oxidizing agents, acids and Substances / alkalis. Conditions to Avoid | Decomposition May release COx, smoke and irritating vapours when Products heated to decomposition. |
**Section XI. Toxicological Information**<br><br>Eye contact and ingestion.  **Routes of Entry**<br><br>LD50: 4700 mg/kg (oral/rat). [Ethylene Glycol] 
LD50: 9530 mg/kg (dermal/rabbit). [Ethylene Glycol] 
**Acute Lethality**<br><br>**Chronic or Other Toxic Effects**
**Chronic or Other Toxic Effects**","<br><br>**Section III. Hazards Identification.**<br><br>Contact can cause slight irritation of skin, eyes and respiratory tract. Extremely dangerous in case of ingestion. For more 
information, refer to Section 11. 
**Potential Health**
**Effects****Section IV. First Aid Measures**<br><br>IMMEDIATELY flush eyes with running water for at least 15 minutes, keeping eyelids open. Seek medical attention.  **Eye Contact**<br><br>Remove contaminated clothing - launder before reuse. Wash gently and thoroughly the contaminated skin with running water 
and non-abrasive soap. Seek medical attention. 
**Skin Contact**<br><br>Evacuate the victim to a safe area as soon as possible. If the victim is not breathing, perform artificial respiration. Allow the 
victim to rest in a well ventilated area. Seek medical attention. 
**Inhalation**<br><br>DO NOT induce vomiting because of danger of aspirating liquid into lungs. Seek medical attention.  **Ingestion**<br><br>Not available  **Note to Physician**<br><br>| Section V. Fire-fighting Measures |  |
|---|---|
| Section V. Fire-fighting Measures |   |
| Flammability May be combustible at high temperature. | Flammable Limits Lower: 3.2%, Upper: 15.3% |
| Flash Points Closed Cup: 116ºC (Tagliabue) Open Cup: 116ºC (Cleveland) | Auto-Ignition 413ºC Temperature |
| Fire Hazards in Combustible in presence of open flames and Presence of sparks. Various Substances | Explosion Hazards Not a product presenting risks of explosion. in Presence of Various Substances |","licensed waste disposal facility. Ensure that disposal or reprocessing is in compliance with government requirements and 
local disposal regulations. Consult your local or regional authorities. <br><br>**Waste Disposal**| Section XIV. Transport Information |  |
|---|---|
| Section XIV. Transport Information |   |
| DOT Classification Not a DOT controlled material (United States). | Special Provisions Not applicable. for Transport |
<br><br>| Section XV. Regulatory Information |  |
|---|---|
| Section XV. Regulatory Information |   |
| Other This product is acceptable for use under the provisions of WHMIS-CPR. All components of this formulation are listed on the Regulations CEPA-DSL (Domestic Substances List). All components of this formulation are listed on the US EPA-TSCA Inventory. This product has been classified in accordance with the hazard criteria of the Controlled Products Regulations (CPR) and the MSDS contains all of the information required by the CPR. Please contact Product Safety for more information. |   |
| DSD/DPD (EEC) Not evaluated. | WHMIS (Canada) D-2A |
| ADR (Europe) NOT EVALUATED FOR (Pictograms) EUROPEAN TRANSPORT NON ÉVALUÉ POUR LE TRANSPORT EUROPÉEN. | TDG (Canada) (Pictograms) |
**Section XVI. Other Information**<br><br>Available upon request. 
*Marque de commerce de Petro-Canada - Trademark 
**References**<br><br>**Glossary**
ACGIH - American Conference of Governmental Industrial Hygienists 
ADR - Agreement on Dangerous goods by Road (Europe) 
ASTM - American Society for Testing and Materials ( 
BOD5 - Biological Oxygen Demand in 5 days"
22,What is the toxicological information available for the product?,"The substance is slightly hazardous in case of skin contact (irritant), slightly hazardous in case of inhalation (lung irritant) with symptoms like nausea, headaches, and vomiting, extremely dangerous in case of ingestion, and slightly hazardous in case of eye contact (irritant). It may also cause fetotoxicity and teratogenicity at low maternal toxicity levels. Additionally, it is toxic to kidneys and liver, and repeated or prolonged exposure can produce target organs damage.",Section XI. Toxicological Information,"| Corrosivity Not available |   |
| Stability The product is stable. | Hazardous Will not occur under normal working conditions. Polymerization |
| Incompatible Reactive with oxidizing agents, acids and Substances / alkalis. Conditions to Avoid | Decomposition May release COx, smoke and irritating vapours when Products heated to decomposition. |
**Section XI. Toxicological Information**<br><br>Eye contact and ingestion.  **Routes of Entry**<br><br>LD50: 4700 mg/kg (oral/rat). [Ethylene Glycol] 
LD50: 9530 mg/kg (dermal/rabbit). [Ethylene Glycol] 
**Acute Lethality**<br><br>**Chronic or Other Toxic Effects**
**Chronic or Other Toxic Effects**
Slightly hazardous in case of skin contact (irritant).  Dermal Route: <br><br>Slightly hazardous in case of inhalation (lung irritant). Can cause nausea, headaches and vomiting.  Inhalation Route: <br><br>Extremely dangerous in case of ingestion.  Oral Route: <br><br>Slightly hazardous in case of eye contact (irritant).  Eye Irritation/Inflammation: <br><br>Not available  Immunotoxicity: <br><br>Not available  Skin Sensitization: <br><br>Not available  Respiratory Tract Sensitization: <br><br>Not available  Mutagenic:","LD50: 9530 mg/kg (dermal/rabbit). [Ethylene Glycol] 
**Acute Lethality**<br><br>**Chronic or Other Toxic Effects**
**Chronic or Other Toxic Effects**
Slightly hazardous in case of skin contact (irritant).  Dermal Route: <br><br>Slightly hazardous in case of inhalation (lung irritant). Can cause nausea, headaches and vomiting.  Inhalation Route: <br><br>Extremely dangerous in case of ingestion.  Oral Route: <br><br>Slightly hazardous in case of eye contact (irritant).  Eye Irritation/Inflammation: <br><br>Not available  Immunotoxicity: <br><br>Not available  Skin Sensitization: <br><br>Not available  Respiratory Tract Sensitization: <br><br>Not available  Mutagenic: 
**Continued on Next Page** **Available in French****ANTIFREEZE** **Page Number: 3**<br><br>Not available  Reproductive Toxicity: <br><br>Fetotoxic and teratogenic in mice at levels below maternal toxicity.  Teratogenicity/Embryotoxicity: <br><br>ACGIH A4: not classifiable as a human carcinogen.  Carcinogenicity (ACGIH): <br><br>Not available  Carcinogenicity (IARC): <br><br>Not available  Carcinogenicity (NTP): <br><br>Not available  Carcinogenicity (IRIS): <br><br>Not available  Carcinogenicity (OSHA): <br><br>The substance may be toxic to kidneys and liver. Repeated or prolonged exposure to the substance can produce 
target organs damage. Repeated exposure to a highly toxic material may produce general deterioration of health 
by an accumulation in one or many human organs. <br><br>**Other Considerations**<br><br>|  |  |
|---|---|
|   |   |
| Section XII. Ecological Information |   |","| Boiling Point 129 to 197°C (264 to 387°F) | Penetration Not applicable. |
| Density 1.115 to 1.145 (Water = 1) | Oil / Water Dist. Coeff. Not available |
| Vapour Density 2.1 (Air=1). | Ionicity (in water) Not available |
| Vapour Pressure 0.06 mmHg @ 20°C (68ºF). | Dispersion Properties Not available |
| Volatility 0% (w/w) | Solubility Soluble in water, methanol and diethyl ether. |
<br><br>| Section X. Stability and Reactivity |  |
|---|---|
| Section X. Stability and Reactivity |   |
| Corrosivity Not available |   |
| Stability The product is stable. | Hazardous Will not occur under normal working conditions. Polymerization |
| Incompatible Reactive with oxidizing agents, acids and Substances / alkalis. Conditions to Avoid | Decomposition May release COx, smoke and irritating vapours when Products heated to decomposition. |
**Section XI. Toxicological Information**<br><br>Eye contact and ingestion.  **Routes of Entry**<br><br>LD50: 4700 mg/kg (oral/rat). [Ethylene Glycol] 
LD50: 9530 mg/kg (dermal/rabbit). [Ethylene Glycol] 
**Acute Lethality**<br><br>**Chronic or Other Toxic Effects**
**Chronic or Other Toxic Effects**","PEL - Permissible Exposure Limit 
RCRA - Resource Conservation and Recovery Act 
SARA - Superfund Amendments and Reorganization Act 
SD - Single Dose 
STEL - Short Term Exposure Limit (15 minutes) 
TDG - Transportation Dangerous Goods (Canada) 
TDLo/TCLo - Lowest Published Toxic Dose/Concentration 
TLm - Median Tolerance Limit 
TLV-TWA - Threshold Limit Value-Time Weighted Average 
TSCA - Toxic Substances Control Act 
USEPA - United States Environmental Protection Agency <br><br>Propane Installation Code **ANTIFREEZE**<br><br>FDA - Food and Drug Administration 
FIFRA - Federal Insecticide, Fungicide and Rodenticide Act 
HCS - Hazardous Communication System 
HMIS - Hazardous Material Information System 
IARC - International Agency for Research on Cancer <br><br>**For Copy of MSDS**
**Western Canada, telephone: 403-296-4158; fax: 403-296-6551**
**Ontario & Central Canada, telephone: 1-800-668-0220; fax: 1-800-837-1228**
**Quebec & Eastern Canada, telephone: 514-640-8308; fax: 514-640-8385**<br><br>**Prepared by Product Safety - TAR on 7/3/2001.**<br><br>**Data entry by Product Safety - JDW.**<br><br>**For Product Safety Information: (905) 804-4752**<br><br>**To the best of our knowledge, the information contained herein is accurate. However, neither the above named supplier nor any of its**
**subsidiaries assumes any liability whatsoever for the accuracy or completeness of the information contained herein. Final**
**determination of suitability of any material is the sole responsibility of the user. All materials may present unknown hazards and should**"
23,What are the safety precautions and handling instructions for using the product?,"To use this product safely, follow these precautions and handling instructions. Wear appropriate clothing to prevent skin contact, with a minimum of long sleeves and trousers. Wear appropriate footwear to prevent product from coming in contact with feet and skin. If the product is used in an application where splashing may occur, consider using safety goggles and/or a face shield. When handling hot product, ensure gloves are heat resistant and insulated. In case of concentrations in air exceeding occupational exposure limits, use NIOSH-approved respirators to prevent overexposure by inhalation. Ensure that eyewash station and safety shower are close to the workstation. For normal application, special ventilation is not necessary; however, if user's operations generate vapors or mist, use ventilation to keep exposure to airborne contaminants below the exposure limit. Make-up air should always be supplied to balance air removed by exhaust ventilation.","Section VII. Handling and Storage, Section VIII. Exposure Controls/Personal Protection","keep exposure to airborne contaminants below the exposure limit. Make-up air should always be supplied to balance air 
removed by exhaust ventilation. Ensure that eyewash station and safety shower are close to work-station. <br><br>**Engineering Controls**<br><br>**Personal Protection - The selection of personal protective equipment varies, depending upon conditions of use.**<br><br>Eye protection (i.e., safety glasses, safety goggles and/or face shield) should be determined based on conditions of use. If 
product is used in an application where splashing may occur, the use of safety goggles and/or a face shield should be 
considered. <br><br>**Eyes**<br><br>Wear appropriate clothing to prevent skin contact. As a minimum long sleeves and trousers should be worn.  **Body**<br><br>Where concentrations in air may exceed the occupational exposure limits given in Section 2 (and those applicable to your 
area) and where engineering, work practices or other means of exposure reduction are not adequate, NIOSH approved 
respirators may be necessary to prevent overexposure by inhalation. <br><br>**Respiratory**<br><br>Wear appropriate chemically protective gloves. When handling hot product ensure gloves are heat resistant and insulated. **Hands**<br><br>Wear appropriate footwear to prevent product from coming in contact with feet and skin.  **Feet**<br><br>| Section IX. Physical and Chemical Properties |  |
|---|---|
| Section IX. Physical and Chemical Properties |   |
| Physical State and Clear viscous liquid. Appearance | Viscosity Not available |","| Fire Fighting SMALL FIRE: Use DRY chemicals, CO2, water spray or foam. Media and LARGE FIRE: Use water spray, fog or foam. DO NOT use water jet. nstructions |   |
**ANTIFREEZE** **Page Number: 2**<br><br>**Section VI. Accidental Release Measures**<br><br>Small spill or leak: Dilute with water and mop up or absorb with an inert DRY material and place in an appropriate waste 
disposal container. 
Large spill or leak: Absorb with an inert material and put the spilled material in an appropriate waste disposal. Dispose of in 
accordance with regional regulations. <br><br>**Material Release**
**or Spill**<br><br>**Section VII. Handling and Storage**<br><br>Avoid contamination with reactive substances. After handling, always wash hands thoroughly with soap and water.  **Handling**<br><br>Keep container dry. Keep container tightly closed. Keep in a cool, well-ventilated place.  **Storage****Section VIII. Exposure Controls/Personal Protection**<br><br>For normal application, special ventilation is not necessary. If user's operations generate vapours or mist, use ventilation to 
keep exposure to airborne contaminants below the exposure limit. Make-up air should always be supplied to balance air 
removed by exhaust ventilation. Ensure that eyewash station and safety shower are close to work-station. <br><br>**Engineering Controls**<br><br>**Personal Protection - The selection of personal protective equipment varies, depending upon conditions of use.**<br><br>Eye protection (i.e., safety glasses, safety goggles and/or face shield) should be determined based on conditions of use. If","<br><br>**Section III. Hazards Identification.**<br><br>Contact can cause slight irritation of skin, eyes and respiratory tract. Extremely dangerous in case of ingestion. For more 
information, refer to Section 11. 
**Potential Health**
**Effects****Section IV. First Aid Measures**<br><br>IMMEDIATELY flush eyes with running water for at least 15 minutes, keeping eyelids open. Seek medical attention.  **Eye Contact**<br><br>Remove contaminated clothing - launder before reuse. Wash gently and thoroughly the contaminated skin with running water 
and non-abrasive soap. Seek medical attention. 
**Skin Contact**<br><br>Evacuate the victim to a safe area as soon as possible. If the victim is not breathing, perform artificial respiration. Allow the 
victim to rest in a well ventilated area. Seek medical attention. 
**Inhalation**<br><br>DO NOT induce vomiting because of danger of aspirating liquid into lungs. Seek medical attention.  **Ingestion**<br><br>Not available  **Note to Physician**<br><br>| Section V. Fire-fighting Measures |  |
|---|---|
| Section V. Fire-fighting Measures |   |
| Flammability May be combustible at high temperature. | Flammable Limits Lower: 3.2%, Upper: 15.3% |
| Flash Points Closed Cup: 116ºC (Tagliabue) Open Cup: 116ºC (Cleveland) | Auto-Ignition 413ºC Temperature |
| Fire Hazards in Combustible in presence of open flames and Presence of sparks. Various Substances | Explosion Hazards Not a product presenting risks of explosion. in Presence of Various Substances |","area) and where engineering, work practices or other means of exposure reduction are not adequate, NIOSH approved 
respirators may be necessary to prevent overexposure by inhalation. <br><br>**Respiratory**<br><br>Wear appropriate chemically protective gloves. When handling hot product ensure gloves are heat resistant and insulated. **Hands**<br><br>Wear appropriate footwear to prevent product from coming in contact with feet and skin.  **Feet**<br><br>| Section IX. Physical and Chemical Properties |  |
|---|---|
| Section IX. Physical and Chemical Properties |   |
| Physical State and Clear viscous liquid. Appearance | Viscosity Not available |
| Colour Green. | Pour Point Not available |
| Odour Odourless. | Softening Point Not applicable. |
| Odour Threshold Not available | Dropping Point Not applicable. |
| Boiling Point 129 to 197°C (264 to 387°F) | Penetration Not applicable. |
| Density 1.115 to 1.145 (Water = 1) | Oil / Water Dist. Coeff. Not available |
| Vapour Density 2.1 (Air=1). | Ionicity (in water) Not available |
| Vapour Pressure 0.06 mmHg @ 20°C (68ºF). | Dispersion Properties Not available |
| Volatility 0% (w/w) | Solubility Soluble in water, methanol and diethyl ether. |
<br><br>| Section X. Stability and Reactivity |  |
|---|---|
| Section X. Stability and Reactivity |   |
| Corrosivity Not available |   |
| Stability The product is stable. | Hazardous Will not occur under normal working conditions. Polymerization |"
24,What are the potential hazards associated with the product?,"Contact can cause slight irritation of skin, eyes, and respiratory tract. Extremely dangerous in case of ingestion. May be combustible at high temperature. Flammable Limits Lower: 3.2%, Upper: 15.3%. May release COx, smoke, and irritating vapours when heated to decomposition.","Section III. Hazards Identification, Section V. Fire-fighting Measures, and Section X. Stability and Reactivity","<br><br>**Section III. Hazards Identification.**<br><br>Contact can cause slight irritation of skin, eyes and respiratory tract. Extremely dangerous in case of ingestion. For more 
information, refer to Section 11. 
**Potential Health**
**Effects****Section IV. First Aid Measures**<br><br>IMMEDIATELY flush eyes with running water for at least 15 minutes, keeping eyelids open. Seek medical attention.  **Eye Contact**<br><br>Remove contaminated clothing - launder before reuse. Wash gently and thoroughly the contaminated skin with running water 
and non-abrasive soap. Seek medical attention. 
**Skin Contact**<br><br>Evacuate the victim to a safe area as soon as possible. If the victim is not breathing, perform artificial respiration. Allow the 
victim to rest in a well ventilated area. Seek medical attention. 
**Inhalation**<br><br>DO NOT induce vomiting because of danger of aspirating liquid into lungs. Seek medical attention.  **Ingestion**<br><br>Not available  **Note to Physician**<br><br>| Section V. Fire-fighting Measures |  |
|---|---|
| Section V. Fire-fighting Measures |   |
| Flammability May be combustible at high temperature. | Flammable Limits Lower: 3.2%, Upper: 15.3% |
| Flash Points Closed Cup: 116ºC (Tagliabue) Open Cup: 116ºC (Cleveland) | Auto-Ignition 413ºC Temperature |
| Fire Hazards in Combustible in presence of open flames and Presence of sparks. Various Substances | Explosion Hazards Not a product presenting risks of explosion. in Presence of Various Substances |","| Corrosivity Not available |   |
| Stability The product is stable. | Hazardous Will not occur under normal working conditions. Polymerization |
| Incompatible Reactive with oxidizing agents, acids and Substances / alkalis. Conditions to Avoid | Decomposition May release COx, smoke and irritating vapours when Products heated to decomposition. |
**Section XI. Toxicological Information**<br><br>Eye contact and ingestion.  **Routes of Entry**<br><br>LD50: 4700 mg/kg (oral/rat). [Ethylene Glycol] 
LD50: 9530 mg/kg (dermal/rabbit). [Ethylene Glycol] 
**Acute Lethality**<br><br>**Chronic or Other Toxic Effects**
**Chronic or Other Toxic Effects**
Slightly hazardous in case of skin contact (irritant).  Dermal Route: <br><br>Slightly hazardous in case of inhalation (lung irritant). Can cause nausea, headaches and vomiting.  Inhalation Route: <br><br>Extremely dangerous in case of ingestion.  Oral Route: <br><br>Slightly hazardous in case of eye contact (irritant).  Eye Irritation/Inflammation: <br><br>Not available  Immunotoxicity: <br><br>Not available  Skin Sensitization: <br><br>Not available  Respiratory Tract Sensitization: <br><br>Not available  Mutagenic:","| Boiling Point 129 to 197°C (264 to 387°F) | Penetration Not applicable. |
| Density 1.115 to 1.145 (Water = 1) | Oil / Water Dist. Coeff. Not available |
| Vapour Density 2.1 (Air=1). | Ionicity (in water) Not available |
| Vapour Pressure 0.06 mmHg @ 20°C (68ºF). | Dispersion Properties Not available |
| Volatility 0% (w/w) | Solubility Soluble in water, methanol and diethyl ether. |
<br><br>| Section X. Stability and Reactivity |  |
|---|---|
| Section X. Stability and Reactivity |   |
| Corrosivity Not available |   |
| Stability The product is stable. | Hazardous Will not occur under normal working conditions. Polymerization |
| Incompatible Reactive with oxidizing agents, acids and Substances / alkalis. Conditions to Avoid | Decomposition May release COx, smoke and irritating vapours when Products heated to decomposition. |
**Section XI. Toxicological Information**<br><br>Eye contact and ingestion.  **Routes of Entry**<br><br>LD50: 4700 mg/kg (oral/rat). [Ethylene Glycol] 
LD50: 9530 mg/kg (dermal/rabbit). [Ethylene Glycol] 
**Acute Lethality**<br><br>**Chronic or Other Toxic Effects**
**Chronic or Other Toxic Effects**","keep exposure to airborne contaminants below the exposure limit. Make-up air should always be supplied to balance air 
removed by exhaust ventilation. Ensure that eyewash station and safety shower are close to work-station. <br><br>**Engineering Controls**<br><br>**Personal Protection - The selection of personal protective equipment varies, depending upon conditions of use.**<br><br>Eye protection (i.e., safety glasses, safety goggles and/or face shield) should be determined based on conditions of use. If 
product is used in an application where splashing may occur, the use of safety goggles and/or a face shield should be 
considered. <br><br>**Eyes**<br><br>Wear appropriate clothing to prevent skin contact. As a minimum long sleeves and trousers should be worn.  **Body**<br><br>Where concentrations in air may exceed the occupational exposure limits given in Section 2 (and those applicable to your 
area) and where engineering, work practices or other means of exposure reduction are not adequate, NIOSH approved 
respirators may be necessary to prevent overexposure by inhalation. <br><br>**Respiratory**<br><br>Wear appropriate chemically protective gloves. When handling hot product ensure gloves are heat resistant and insulated. **Hands**<br><br>Wear appropriate footwear to prevent product from coming in contact with feet and skin.  **Feet**<br><br>| Section IX. Physical and Chemical Properties |  |
|---|---|
| Section IX. Physical and Chemical Properties |   |
| Physical State and Clear viscous liquid. Appearance | Viscosity Not available |"
25,What are the specific health effects or risks associated with exposure to the product?,"Exposure to the product can cause slight irritation of skin, eyes, and respiratory tract. Ingestion is extremely dangerous. It may also be toxic to kidneys and liver. Repeated or prolonged exposure can produce target organs damage. The substance is fetotoxic and teratogenic in mice at levels below maternal toxicity.","Section XI. Toxicological Information, Section III. Hazards Identification","| Corrosivity Not available |   |
| Stability The product is stable. | Hazardous Will not occur under normal working conditions. Polymerization |
| Incompatible Reactive with oxidizing agents, acids and Substances / alkalis. Conditions to Avoid | Decomposition May release COx, smoke and irritating vapours when Products heated to decomposition. |
**Section XI. Toxicological Information**<br><br>Eye contact and ingestion.  **Routes of Entry**<br><br>LD50: 4700 mg/kg (oral/rat). [Ethylene Glycol] 
LD50: 9530 mg/kg (dermal/rabbit). [Ethylene Glycol] 
**Acute Lethality**<br><br>**Chronic or Other Toxic Effects**
**Chronic or Other Toxic Effects**
Slightly hazardous in case of skin contact (irritant).  Dermal Route: <br><br>Slightly hazardous in case of inhalation (lung irritant). Can cause nausea, headaches and vomiting.  Inhalation Route: <br><br>Extremely dangerous in case of ingestion.  Oral Route: <br><br>Slightly hazardous in case of eye contact (irritant).  Eye Irritation/Inflammation: <br><br>Not available  Immunotoxicity: <br><br>Not available  Skin Sensitization: <br><br>Not available  Respiratory Tract Sensitization: <br><br>Not available  Mutagenic:","<br><br>**Section III. Hazards Identification.**<br><br>Contact can cause slight irritation of skin, eyes and respiratory tract. Extremely dangerous in case of ingestion. For more 
information, refer to Section 11. 
**Potential Health**
**Effects****Section IV. First Aid Measures**<br><br>IMMEDIATELY flush eyes with running water for at least 15 minutes, keeping eyelids open. Seek medical attention.  **Eye Contact**<br><br>Remove contaminated clothing - launder before reuse. Wash gently and thoroughly the contaminated skin with running water 
and non-abrasive soap. Seek medical attention. 
**Skin Contact**<br><br>Evacuate the victim to a safe area as soon as possible. If the victim is not breathing, perform artificial respiration. Allow the 
victim to rest in a well ventilated area. Seek medical attention. 
**Inhalation**<br><br>DO NOT induce vomiting because of danger of aspirating liquid into lungs. Seek medical attention.  **Ingestion**<br><br>Not available  **Note to Physician**<br><br>| Section V. Fire-fighting Measures |  |
|---|---|
| Section V. Fire-fighting Measures |   |
| Flammability May be combustible at high temperature. | Flammable Limits Lower: 3.2%, Upper: 15.3% |
| Flash Points Closed Cup: 116ºC (Tagliabue) Open Cup: 116ºC (Cleveland) | Auto-Ignition 413ºC Temperature |
| Fire Hazards in Combustible in presence of open flames and Presence of sparks. Various Substances | Explosion Hazards Not a product presenting risks of explosion. in Presence of Various Substances |","LD50: 9530 mg/kg (dermal/rabbit). [Ethylene Glycol] 
**Acute Lethality**<br><br>**Chronic or Other Toxic Effects**
**Chronic or Other Toxic Effects**
Slightly hazardous in case of skin contact (irritant).  Dermal Route: <br><br>Slightly hazardous in case of inhalation (lung irritant). Can cause nausea, headaches and vomiting.  Inhalation Route: <br><br>Extremely dangerous in case of ingestion.  Oral Route: <br><br>Slightly hazardous in case of eye contact (irritant).  Eye Irritation/Inflammation: <br><br>Not available  Immunotoxicity: <br><br>Not available  Skin Sensitization: <br><br>Not available  Respiratory Tract Sensitization: <br><br>Not available  Mutagenic: 
**Continued on Next Page** **Available in French****ANTIFREEZE** **Page Number: 3**<br><br>Not available  Reproductive Toxicity: <br><br>Fetotoxic and teratogenic in mice at levels below maternal toxicity.  Teratogenicity/Embryotoxicity: <br><br>ACGIH A4: not classifiable as a human carcinogen.  Carcinogenicity (ACGIH): <br><br>Not available  Carcinogenicity (IARC): <br><br>Not available  Carcinogenicity (NTP): <br><br>Not available  Carcinogenicity (IRIS): <br><br>Not available  Carcinogenicity (OSHA): <br><br>The substance may be toxic to kidneys and liver. Repeated or prolonged exposure to the substance can produce 
target organs damage. Repeated exposure to a highly toxic material may produce general deterioration of health 
by an accumulation in one or many human organs. <br><br>**Other Considerations**<br><br>|  |  |
|---|---|
|   |   |
| Section XII. Ecological Information |   |","keep exposure to airborne contaminants below the exposure limit. Make-up air should always be supplied to balance air 
removed by exhaust ventilation. Ensure that eyewash station and safety shower are close to work-station. <br><br>**Engineering Controls**<br><br>**Personal Protection - The selection of personal protective equipment varies, depending upon conditions of use.**<br><br>Eye protection (i.e., safety glasses, safety goggles and/or face shield) should be determined based on conditions of use. If 
product is used in an application where splashing may occur, the use of safety goggles and/or a face shield should be 
considered. <br><br>**Eyes**<br><br>Wear appropriate clothing to prevent skin contact. As a minimum long sleeves and trousers should be worn.  **Body**<br><br>Where concentrations in air may exceed the occupational exposure limits given in Section 2 (and those applicable to your 
area) and where engineering, work practices or other means of exposure reduction are not adequate, NIOSH approved 
respirators may be necessary to prevent overexposure by inhalation. <br><br>**Respiratory**<br><br>Wear appropriate chemically protective gloves. When handling hot product ensure gloves are heat resistant and insulated. **Hands**<br><br>Wear appropriate footwear to prevent product from coming in contact with feet and skin.  **Feet**<br><br>| Section IX. Physical and Chemical Properties |  |
|---|---|
| Section IX. Physical and Chemical Properties |   |
| Physical State and Clear viscous liquid. Appearance | Viscosity Not available |"
26,What are the emergency procedures in case of inhalation of the product?,"In case of inhalation, DO NOT induce vomiting because of danger of aspirating liquid into lungs. Seek medical attention.",Section IV. First Aid Measures,"<br><br>**Section III. Hazards Identification.**<br><br>Contact can cause slight irritation of skin, eyes and respiratory tract. Extremely dangerous in case of ingestion. For more 
information, refer to Section 11. 
**Potential Health**
**Effects****Section IV. First Aid Measures**<br><br>IMMEDIATELY flush eyes with running water for at least 15 minutes, keeping eyelids open. Seek medical attention.  **Eye Contact**<br><br>Remove contaminated clothing - launder before reuse. Wash gently and thoroughly the contaminated skin with running water 
and non-abrasive soap. Seek medical attention. 
**Skin Contact**<br><br>Evacuate the victim to a safe area as soon as possible. If the victim is not breathing, perform artificial respiration. Allow the 
victim to rest in a well ventilated area. Seek medical attention. 
**Inhalation**<br><br>DO NOT induce vomiting because of danger of aspirating liquid into lungs. Seek medical attention.  **Ingestion**<br><br>Not available  **Note to Physician**<br><br>| Section V. Fire-fighting Measures |  |
|---|---|
| Section V. Fire-fighting Measures |   |
| Flammability May be combustible at high temperature. | Flammable Limits Lower: 3.2%, Upper: 15.3% |
| Flash Points Closed Cup: 116ºC (Tagliabue) Open Cup: 116ºC (Cleveland) | Auto-Ignition 413ºC Temperature |
| Fire Hazards in Combustible in presence of open flames and Presence of sparks. Various Substances | Explosion Hazards Not a product presenting risks of explosion. in Presence of Various Substances |","area) and where engineering, work practices or other means of exposure reduction are not adequate, NIOSH approved 
respirators may be necessary to prevent overexposure by inhalation. <br><br>**Respiratory**<br><br>Wear appropriate chemically protective gloves. When handling hot product ensure gloves are heat resistant and insulated. **Hands**<br><br>Wear appropriate footwear to prevent product from coming in contact with feet and skin.  **Feet**<br><br>| Section IX. Physical and Chemical Properties |  |
|---|---|
| Section IX. Physical and Chemical Properties |   |
| Physical State and Clear viscous liquid. Appearance | Viscosity Not available |
| Colour Green. | Pour Point Not available |
| Odour Odourless. | Softening Point Not applicable. |
| Odour Threshold Not available | Dropping Point Not applicable. |
| Boiling Point 129 to 197°C (264 to 387°F) | Penetration Not applicable. |
| Density 1.115 to 1.145 (Water = 1) | Oil / Water Dist. Coeff. Not available |
| Vapour Density 2.1 (Air=1). | Ionicity (in water) Not available |
| Vapour Pressure 0.06 mmHg @ 20°C (68ºF). | Dispersion Properties Not available |
| Volatility 0% (w/w) | Solubility Soluble in water, methanol and diethyl ether. |
<br><br>| Section X. Stability and Reactivity |  |
|---|---|
| Section X. Stability and Reactivity |   |
| Corrosivity Not available |   |
| Stability The product is stable. | Hazardous Will not occur under normal working conditions. Polymerization |","| Fire Fighting SMALL FIRE: Use DRY chemicals, CO2, water spray or foam. Media and LARGE FIRE: Use water spray, fog or foam. DO NOT use water jet. nstructions |   |
**ANTIFREEZE** **Page Number: 2**<br><br>**Section VI. Accidental Release Measures**<br><br>Small spill or leak: Dilute with water and mop up or absorb with an inert DRY material and place in an appropriate waste 
disposal container. 
Large spill or leak: Absorb with an inert material and put the spilled material in an appropriate waste disposal. Dispose of in 
accordance with regional regulations. <br><br>**Material Release**
**or Spill**<br><br>**Section VII. Handling and Storage**<br><br>Avoid contamination with reactive substances. After handling, always wash hands thoroughly with soap and water.  **Handling**<br><br>Keep container dry. Keep container tightly closed. Keep in a cool, well-ventilated place.  **Storage****Section VIII. Exposure Controls/Personal Protection**<br><br>For normal application, special ventilation is not necessary. If user's operations generate vapours or mist, use ventilation to 
keep exposure to airborne contaminants below the exposure limit. Make-up air should always be supplied to balance air 
removed by exhaust ventilation. Ensure that eyewash station and safety shower are close to work-station. <br><br>**Engineering Controls**<br><br>**Personal Protection - The selection of personal protective equipment varies, depending upon conditions of use.**<br><br>Eye protection (i.e., safety glasses, safety goggles and/or face shield) should be determined based on conditions of use. If","keep exposure to airborne contaminants below the exposure limit. Make-up air should always be supplied to balance air 
removed by exhaust ventilation. Ensure that eyewash station and safety shower are close to work-station. <br><br>**Engineering Controls**<br><br>**Personal Protection - The selection of personal protective equipment varies, depending upon conditions of use.**<br><br>Eye protection (i.e., safety glasses, safety goggles and/or face shield) should be determined based on conditions of use. If 
product is used in an application where splashing may occur, the use of safety goggles and/or a face shield should be 
considered. <br><br>**Eyes**<br><br>Wear appropriate clothing to prevent skin contact. As a minimum long sleeves and trousers should be worn.  **Body**<br><br>Where concentrations in air may exceed the occupational exposure limits given in Section 2 (and those applicable to your 
area) and where engineering, work practices or other means of exposure reduction are not adequate, NIOSH approved 
respirators may be necessary to prevent overexposure by inhalation. <br><br>**Respiratory**<br><br>Wear appropriate chemically protective gloves. When handling hot product ensure gloves are heat resistant and insulated. **Hands**<br><br>Wear appropriate footwear to prevent product from coming in contact with feet and skin.  **Feet**<br><br>| Section IX. Physical and Chemical Properties |  |
|---|---|
| Section IX. Physical and Chemical Properties |   |
| Physical State and Clear viscous liquid. Appearance | Viscosity Not available |"
27,What are the emergency procedures in case of skin contact with the product?,Remove contaminated clothing - launder before reuse. Wash gently and thoroughly the contaminated skin with running water and non-abrasive soap. Seek medical attention.,"Section IV. First Aid Measures, Skin Contact","<br><br>**Section III. Hazards Identification.**<br><br>Contact can cause slight irritation of skin, eyes and respiratory tract. Extremely dangerous in case of ingestion. For more 
information, refer to Section 11. 
**Potential Health**
**Effects****Section IV. First Aid Measures**<br><br>IMMEDIATELY flush eyes with running water for at least 15 minutes, keeping eyelids open. Seek medical attention.  **Eye Contact**<br><br>Remove contaminated clothing - launder before reuse. Wash gently and thoroughly the contaminated skin with running water 
and non-abrasive soap. Seek medical attention. 
**Skin Contact**<br><br>Evacuate the victim to a safe area as soon as possible. If the victim is not breathing, perform artificial respiration. Allow the 
victim to rest in a well ventilated area. Seek medical attention. 
**Inhalation**<br><br>DO NOT induce vomiting because of danger of aspirating liquid into lungs. Seek medical attention.  **Ingestion**<br><br>Not available  **Note to Physician**<br><br>| Section V. Fire-fighting Measures |  |
|---|---|
| Section V. Fire-fighting Measures |   |
| Flammability May be combustible at high temperature. | Flammable Limits Lower: 3.2%, Upper: 15.3% |
| Flash Points Closed Cup: 116ºC (Tagliabue) Open Cup: 116ºC (Cleveland) | Auto-Ignition 413ºC Temperature |
| Fire Hazards in Combustible in presence of open flames and Presence of sparks. Various Substances | Explosion Hazards Not a product presenting risks of explosion. in Presence of Various Substances |","keep exposure to airborne contaminants below the exposure limit. Make-up air should always be supplied to balance air 
removed by exhaust ventilation. Ensure that eyewash station and safety shower are close to work-station. <br><br>**Engineering Controls**<br><br>**Personal Protection - The selection of personal protective equipment varies, depending upon conditions of use.**<br><br>Eye protection (i.e., safety glasses, safety goggles and/or face shield) should be determined based on conditions of use. If 
product is used in an application where splashing may occur, the use of safety goggles and/or a face shield should be 
considered. <br><br>**Eyes**<br><br>Wear appropriate clothing to prevent skin contact. As a minimum long sleeves and trousers should be worn.  **Body**<br><br>Where concentrations in air may exceed the occupational exposure limits given in Section 2 (and those applicable to your 
area) and where engineering, work practices or other means of exposure reduction are not adequate, NIOSH approved 
respirators may be necessary to prevent overexposure by inhalation. <br><br>**Respiratory**<br><br>Wear appropriate chemically protective gloves. When handling hot product ensure gloves are heat resistant and insulated. **Hands**<br><br>Wear appropriate footwear to prevent product from coming in contact with feet and skin.  **Feet**<br><br>| Section IX. Physical and Chemical Properties |  |
|---|---|
| Section IX. Physical and Chemical Properties |   |
| Physical State and Clear viscous liquid. Appearance | Viscosity Not available |","|   |   |   |   | TSCA On TSCA list. |   |
| Manufacturer PETRO-CANADA P.O. Box 2844 Calgary, Alberta T2P 3E3 |   |   |   | In case of Petro-Canada: 403-296-3000 Emergency Canutec Transportation: 613-996-6666 Poison Control Centre: Consult local telephone directory for emergency number(s). |   |
| Material Uses Used as an engine antifreeze coolant. |   |   |   |   |   |
| Section II. Composition and Information on Ingredients |  |  |  |  |  |
|---|---|---|---|---|---|
| Section II. Composition and Information on Ingredients |   |   |   |   |   |
|   |   |   | Exposure Limits (ACGIH) |   |   |
| Name | CAS # | % (V/V) | TLV-TWA(8 h) | STEL | CEILING |
| 1) Ethylene glycol 2) Sodium tetraborate pentahydrate | 107-21-1 1330-43-4 | >55 <5 | Not established 1 mg/m³ | Not established Not established | 100 mg/m³ (aerosol) Not established |
| Manufacturer Not applicable Recommendation |   |   |   |   |   |
| Other Exposure LimitsConsult local, state, provincial or territory authorities for acceptable exposure limits. |   |   |   |   |   |
<br><br>**Section III. Hazards Identification.**<br><br>Contact can cause slight irritation of skin, eyes and respiratory tract. Extremely dangerous in case of ingestion. For more 
information, refer to Section 11. 
**Potential Health**
**Effects****Section IV. First Aid Measures**<br><br>IMMEDIATELY flush eyes with running water for at least 15 minutes, keeping eyelids open. Seek medical attention.  **Eye Contact**<br><br>Remove contaminated clothing - launder before reuse. Wash gently and thoroughly the contaminated skin with running water","area) and where engineering, work practices or other means of exposure reduction are not adequate, NIOSH approved 
respirators may be necessary to prevent overexposure by inhalation. <br><br>**Respiratory**<br><br>Wear appropriate chemically protective gloves. When handling hot product ensure gloves are heat resistant and insulated. **Hands**<br><br>Wear appropriate footwear to prevent product from coming in contact with feet and skin.  **Feet**<br><br>| Section IX. Physical and Chemical Properties |  |
|---|---|
| Section IX. Physical and Chemical Properties |   |
| Physical State and Clear viscous liquid. Appearance | Viscosity Not available |
| Colour Green. | Pour Point Not available |
| Odour Odourless. | Softening Point Not applicable. |
| Odour Threshold Not available | Dropping Point Not applicable. |
| Boiling Point 129 to 197°C (264 to 387°F) | Penetration Not applicable. |
| Density 1.115 to 1.145 (Water = 1) | Oil / Water Dist. Coeff. Not available |
| Vapour Density 2.1 (Air=1). | Ionicity (in water) Not available |
| Vapour Pressure 0.06 mmHg @ 20°C (68ºF). | Dispersion Properties Not available |
| Volatility 0% (w/w) | Solubility Soluble in water, methanol and diethyl ether. |
<br><br>| Section X. Stability and Reactivity |  |
|---|---|
| Section X. Stability and Reactivity |   |
| Corrosivity Not available |   |
| Stability The product is stable. | Hazardous Will not occur under normal working conditions. Polymerization |"
28,What are the emergency procedures in case of eye contact with the product?,"IMMEDIATELY flush eyes with running water for at least 15 minutes, keeping eyelids open. Seek medical attention.","Section IV. First Aid Measures, Eye Contact","<br><br>**Section III. Hazards Identification.**<br><br>Contact can cause slight irritation of skin, eyes and respiratory tract. Extremely dangerous in case of ingestion. For more 
information, refer to Section 11. 
**Potential Health**
**Effects****Section IV. First Aid Measures**<br><br>IMMEDIATELY flush eyes with running water for at least 15 minutes, keeping eyelids open. Seek medical attention.  **Eye Contact**<br><br>Remove contaminated clothing - launder before reuse. Wash gently and thoroughly the contaminated skin with running water 
and non-abrasive soap. Seek medical attention. 
**Skin Contact**<br><br>Evacuate the victim to a safe area as soon as possible. If the victim is not breathing, perform artificial respiration. Allow the 
victim to rest in a well ventilated area. Seek medical attention. 
**Inhalation**<br><br>DO NOT induce vomiting because of danger of aspirating liquid into lungs. Seek medical attention.  **Ingestion**<br><br>Not available  **Note to Physician**<br><br>| Section V. Fire-fighting Measures |  |
|---|---|
| Section V. Fire-fighting Measures |   |
| Flammability May be combustible at high temperature. | Flammable Limits Lower: 3.2%, Upper: 15.3% |
| Flash Points Closed Cup: 116ºC (Tagliabue) Open Cup: 116ºC (Cleveland) | Auto-Ignition 413ºC Temperature |
| Fire Hazards in Combustible in presence of open flames and Presence of sparks. Various Substances | Explosion Hazards Not a product presenting risks of explosion. in Presence of Various Substances |","keep exposure to airborne contaminants below the exposure limit. Make-up air should always be supplied to balance air 
removed by exhaust ventilation. Ensure that eyewash station and safety shower are close to work-station. <br><br>**Engineering Controls**<br><br>**Personal Protection - The selection of personal protective equipment varies, depending upon conditions of use.**<br><br>Eye protection (i.e., safety glasses, safety goggles and/or face shield) should be determined based on conditions of use. If 
product is used in an application where splashing may occur, the use of safety goggles and/or a face shield should be 
considered. <br><br>**Eyes**<br><br>Wear appropriate clothing to prevent skin contact. As a minimum long sleeves and trousers should be worn.  **Body**<br><br>Where concentrations in air may exceed the occupational exposure limits given in Section 2 (and those applicable to your 
area) and where engineering, work practices or other means of exposure reduction are not adequate, NIOSH approved 
respirators may be necessary to prevent overexposure by inhalation. <br><br>**Respiratory**<br><br>Wear appropriate chemically protective gloves. When handling hot product ensure gloves are heat resistant and insulated. **Hands**<br><br>Wear appropriate footwear to prevent product from coming in contact with feet and skin.  **Feet**<br><br>| Section IX. Physical and Chemical Properties |  |
|---|---|
| Section IX. Physical and Chemical Properties |   |
| Physical State and Clear viscous liquid. Appearance | Viscosity Not available |","|   |   |   |   | TSCA On TSCA list. |   |
| Manufacturer PETRO-CANADA P.O. Box 2844 Calgary, Alberta T2P 3E3 |   |   |   | In case of Petro-Canada: 403-296-3000 Emergency Canutec Transportation: 613-996-6666 Poison Control Centre: Consult local telephone directory for emergency number(s). |   |
| Material Uses Used as an engine antifreeze coolant. |   |   |   |   |   |
| Section II. Composition and Information on Ingredients |  |  |  |  |  |
|---|---|---|---|---|---|
| Section II. Composition and Information on Ingredients |   |   |   |   |   |
|   |   |   | Exposure Limits (ACGIH) |   |   |
| Name | CAS # | % (V/V) | TLV-TWA(8 h) | STEL | CEILING |
| 1) Ethylene glycol 2) Sodium tetraborate pentahydrate | 107-21-1 1330-43-4 | >55 <5 | Not established 1 mg/m³ | Not established Not established | 100 mg/m³ (aerosol) Not established |
| Manufacturer Not applicable Recommendation |   |   |   |   |   |
| Other Exposure LimitsConsult local, state, provincial or territory authorities for acceptable exposure limits. |   |   |   |   |   |
<br><br>**Section III. Hazards Identification.**<br><br>Contact can cause slight irritation of skin, eyes and respiratory tract. Extremely dangerous in case of ingestion. For more 
information, refer to Section 11. 
**Potential Health**
**Effects****Section IV. First Aid Measures**<br><br>IMMEDIATELY flush eyes with running water for at least 15 minutes, keeping eyelids open. Seek medical attention.  **Eye Contact**<br><br>Remove contaminated clothing - launder before reuse. Wash gently and thoroughly the contaminated skin with running water","| Corrosivity Not available |   |
| Stability The product is stable. | Hazardous Will not occur under normal working conditions. Polymerization |
| Incompatible Reactive with oxidizing agents, acids and Substances / alkalis. Conditions to Avoid | Decomposition May release COx, smoke and irritating vapours when Products heated to decomposition. |
**Section XI. Toxicological Information**<br><br>Eye contact and ingestion.  **Routes of Entry**<br><br>LD50: 4700 mg/kg (oral/rat). [Ethylene Glycol] 
LD50: 9530 mg/kg (dermal/rabbit). [Ethylene Glycol] 
**Acute Lethality**<br><br>**Chronic or Other Toxic Effects**
**Chronic or Other Toxic Effects**
Slightly hazardous in case of skin contact (irritant).  Dermal Route: <br><br>Slightly hazardous in case of inhalation (lung irritant). Can cause nausea, headaches and vomiting.  Inhalation Route: <br><br>Extremely dangerous in case of ingestion.  Oral Route: <br><br>Slightly hazardous in case of eye contact (irritant).  Eye Irritation/Inflammation: <br><br>Not available  Immunotoxicity: <br><br>Not available  Skin Sensitization: <br><br>Not available  Respiratory Tract Sensitization: <br><br>Not available  Mutagenic:"
29,What are the emergency procedures in case of ingestion of the product?,DO NOT induce vomiting. Seek medical attention.,"Section IV. First Aid Measures, Ingestion","<br><br>**Section III. Hazards Identification.**<br><br>Contact can cause slight irritation of skin, eyes and respiratory tract. Extremely dangerous in case of ingestion. For more 
information, refer to Section 11. 
**Potential Health**
**Effects****Section IV. First Aid Measures**<br><br>IMMEDIATELY flush eyes with running water for at least 15 minutes, keeping eyelids open. Seek medical attention.  **Eye Contact**<br><br>Remove contaminated clothing - launder before reuse. Wash gently and thoroughly the contaminated skin with running water 
and non-abrasive soap. Seek medical attention. 
**Skin Contact**<br><br>Evacuate the victim to a safe area as soon as possible. If the victim is not breathing, perform artificial respiration. Allow the 
victim to rest in a well ventilated area. Seek medical attention. 
**Inhalation**<br><br>DO NOT induce vomiting because of danger of aspirating liquid into lungs. Seek medical attention.  **Ingestion**<br><br>Not available  **Note to Physician**<br><br>| Section V. Fire-fighting Measures |  |
|---|---|
| Section V. Fire-fighting Measures |   |
| Flammability May be combustible at high temperature. | Flammable Limits Lower: 3.2%, Upper: 15.3% |
| Flash Points Closed Cup: 116ºC (Tagliabue) Open Cup: 116ºC (Cleveland) | Auto-Ignition 413ºC Temperature |
| Fire Hazards in Combustible in presence of open flames and Presence of sparks. Various Substances | Explosion Hazards Not a product presenting risks of explosion. in Presence of Various Substances |","| Corrosivity Not available |   |
| Stability The product is stable. | Hazardous Will not occur under normal working conditions. Polymerization |
| Incompatible Reactive with oxidizing agents, acids and Substances / alkalis. Conditions to Avoid | Decomposition May release COx, smoke and irritating vapours when Products heated to decomposition. |
**Section XI. Toxicological Information**<br><br>Eye contact and ingestion.  **Routes of Entry**<br><br>LD50: 4700 mg/kg (oral/rat). [Ethylene Glycol] 
LD50: 9530 mg/kg (dermal/rabbit). [Ethylene Glycol] 
**Acute Lethality**<br><br>**Chronic or Other Toxic Effects**
**Chronic or Other Toxic Effects**
Slightly hazardous in case of skin contact (irritant).  Dermal Route: <br><br>Slightly hazardous in case of inhalation (lung irritant). Can cause nausea, headaches and vomiting.  Inhalation Route: <br><br>Extremely dangerous in case of ingestion.  Oral Route: <br><br>Slightly hazardous in case of eye contact (irritant).  Eye Irritation/Inflammation: <br><br>Not available  Immunotoxicity: <br><br>Not available  Skin Sensitization: <br><br>Not available  Respiratory Tract Sensitization: <br><br>Not available  Mutagenic:","| Boiling Point 129 to 197°C (264 to 387°F) | Penetration Not applicable. |
| Density 1.115 to 1.145 (Water = 1) | Oil / Water Dist. Coeff. Not available |
| Vapour Density 2.1 (Air=1). | Ionicity (in water) Not available |
| Vapour Pressure 0.06 mmHg @ 20°C (68ºF). | Dispersion Properties Not available |
| Volatility 0% (w/w) | Solubility Soluble in water, methanol and diethyl ether. |
<br><br>| Section X. Stability and Reactivity |  |
|---|---|
| Section X. Stability and Reactivity |   |
| Corrosivity Not available |   |
| Stability The product is stable. | Hazardous Will not occur under normal working conditions. Polymerization |
| Incompatible Reactive with oxidizing agents, acids and Substances / alkalis. Conditions to Avoid | Decomposition May release COx, smoke and irritating vapours when Products heated to decomposition. |
**Section XI. Toxicological Information**<br><br>Eye contact and ingestion.  **Routes of Entry**<br><br>LD50: 4700 mg/kg (oral/rat). [Ethylene Glycol] 
LD50: 9530 mg/kg (dermal/rabbit). [Ethylene Glycol] 
**Acute Lethality**<br><br>**Chronic or Other Toxic Effects**
**Chronic or Other Toxic Effects**","| Fire Fighting SMALL FIRE: Use DRY chemicals, CO2, water spray or foam. Media and LARGE FIRE: Use water spray, fog or foam. DO NOT use water jet. nstructions |   |
**ANTIFREEZE** **Page Number: 2**<br><br>**Section VI. Accidental Release Measures**<br><br>Small spill or leak: Dilute with water and mop up or absorb with an inert DRY material and place in an appropriate waste 
disposal container. 
Large spill or leak: Absorb with an inert material and put the spilled material in an appropriate waste disposal. Dispose of in 
accordance with regional regulations. <br><br>**Material Release**
**or Spill**<br><br>**Section VII. Handling and Storage**<br><br>Avoid contamination with reactive substances. After handling, always wash hands thoroughly with soap and water.  **Handling**<br><br>Keep container dry. Keep container tightly closed. Keep in a cool, well-ventilated place.  **Storage****Section VIII. Exposure Controls/Personal Protection**<br><br>For normal application, special ventilation is not necessary. If user's operations generate vapours or mist, use ventilation to 
keep exposure to airborne contaminants below the exposure limit. Make-up air should always be supplied to balance air 
removed by exhaust ventilation. Ensure that eyewash station and safety shower are close to work-station. <br><br>**Engineering Controls**<br><br>**Personal Protection - The selection of personal protective equipment varies, depending upon conditions of use.**<br><br>Eye protection (i.e., safety glasses, safety goggles and/or face shield) should be determined based on conditions of use. If"
30,What is the waste disposal method for the product?,The preferred waste management priorities are: (1) recycle or reprocess; (2) incineration with energy recovery; (3) disposal at licensed waste disposal facility. Ensure that disposal or reprocessing is in compliance with government requirements and local disposal regulations.,Section XIII. Disposal Considerations,"licensed waste disposal facility. Ensure that disposal or reprocessing is in compliance with government requirements and 
local disposal regulations. Consult your local or regional authorities. <br><br>**Waste Disposal**| Section XIV. Transport Information |  |
|---|---|
| Section XIV. Transport Information |   |
| DOT Classification Not a DOT controlled material (United States). | Special Provisions Not applicable. for Transport |
<br><br>| Section XV. Regulatory Information |  |
|---|---|
| Section XV. Regulatory Information |   |
| Other This product is acceptable for use under the provisions of WHMIS-CPR. All components of this formulation are listed on the Regulations CEPA-DSL (Domestic Substances List). All components of this formulation are listed on the US EPA-TSCA Inventory. This product has been classified in accordance with the hazard criteria of the Controlled Products Regulations (CPR) and the MSDS contains all of the information required by the CPR. Please contact Product Safety for more information. |   |
| DSD/DPD (EEC) Not evaluated. | WHMIS (Canada) D-2A |
| ADR (Europe) NOT EVALUATED FOR (Pictograms) EUROPEAN TRANSPORT NON ÉVALUÉ POUR LE TRANSPORT EUROPÉEN. | TDG (Canada) (Pictograms) |
**Section XVI. Other Information**<br><br>Available upon request. 
*Marque de commerce de Petro-Canada - Trademark 
**References**<br><br>**Glossary**
ACGIH - American Conference of Governmental Industrial Hygienists 
ADR - Agreement on Dangerous goods by Road (Europe) 
ASTM - American Society for Testing and Materials ( 
BOD5 - Biological Oxygen Demand in 5 days","target organs damage. Repeated exposure to a highly toxic material may produce general deterioration of health 
by an accumulation in one or many human organs. <br><br>**Other Considerations**<br><br>|  |  |
|---|---|
|   |   |
| Section XII. Ecological Information |   |
| Environmental Fate Not available | Persistance/ Not available Bioaccumulation Potential |
| BOD5 and COD Not available | Products of Not available Biodegradation |
| Additional Remarks No additional remark. |   |
<br><br>**Section XIII. Disposal Considerations**<br><br>Preferred waste management priorities are: (1) recycle or reprocess; (2) incineration with energy recovery; (3) disposal at 
licensed waste disposal facility. Ensure that disposal or reprocessing is in compliance with government requirements and 
local disposal regulations. Consult your local or regional authorities. <br><br>**Waste Disposal**| Section XIV. Transport Information |  |
|---|---|
| Section XIV. Transport Information |   |
| DOT Classification Not a DOT controlled material (United States). | Special Provisions Not applicable. for Transport |
<br><br>| Section XV. Regulatory Information |  |
|---|---|
| Section XV. Regulatory Information |   |","| Fire Fighting SMALL FIRE: Use DRY chemicals, CO2, water spray or foam. Media and LARGE FIRE: Use water spray, fog or foam. DO NOT use water jet. nstructions |   |
**ANTIFREEZE** **Page Number: 2**<br><br>**Section VI. Accidental Release Measures**<br><br>Small spill or leak: Dilute with water and mop up or absorb with an inert DRY material and place in an appropriate waste 
disposal container. 
Large spill or leak: Absorb with an inert material and put the spilled material in an appropriate waste disposal. Dispose of in 
accordance with regional regulations. <br><br>**Material Release**
**or Spill**<br><br>**Section VII. Handling and Storage**<br><br>Avoid contamination with reactive substances. After handling, always wash hands thoroughly with soap and water.  **Handling**<br><br>Keep container dry. Keep container tightly closed. Keep in a cool, well-ventilated place.  **Storage****Section VIII. Exposure Controls/Personal Protection**<br><br>For normal application, special ventilation is not necessary. If user's operations generate vapours or mist, use ventilation to 
keep exposure to airborne contaminants below the exposure limit. Make-up air should always be supplied to balance air 
removed by exhaust ventilation. Ensure that eyewash station and safety shower are close to work-station. <br><br>**Engineering Controls**<br><br>**Personal Protection - The selection of personal protective equipment varies, depending upon conditions of use.**<br><br>Eye protection (i.e., safety glasses, safety goggles and/or face shield) should be determined based on conditions of use. If","| Boiling Point 129 to 197°C (264 to 387°F) | Penetration Not applicable. |
| Density 1.115 to 1.145 (Water = 1) | Oil / Water Dist. Coeff. Not available |
| Vapour Density 2.1 (Air=1). | Ionicity (in water) Not available |
| Vapour Pressure 0.06 mmHg @ 20°C (68ºF). | Dispersion Properties Not available |
| Volatility 0% (w/w) | Solubility Soluble in water, methanol and diethyl ether. |
<br><br>| Section X. Stability and Reactivity |  |
|---|---|
| Section X. Stability and Reactivity |   |
| Corrosivity Not available |   |
| Stability The product is stable. | Hazardous Will not occur under normal working conditions. Polymerization |
| Incompatible Reactive with oxidizing agents, acids and Substances / alkalis. Conditions to Avoid | Decomposition May release COx, smoke and irritating vapours when Products heated to decomposition. |
**Section XI. Toxicological Information**<br><br>Eye contact and ingestion.  **Routes of Entry**<br><br>LD50: 4700 mg/kg (oral/rat). [Ethylene Glycol] 
LD50: 9530 mg/kg (dermal/rabbit). [Ethylene Glycol] 
**Acute Lethality**<br><br>**Chronic or Other Toxic Effects**
**Chronic or Other Toxic Effects**"
31,Are there any specific storage requirements or conditions for safely storing the product?,"No specific storage requirements are mentioned in the SDS, but it should be stored according to government regulations and local disposal guidelines. The product is a clear viscous liquid with a boiling point of 129 to 197°C (264 to 387°F), and it's stable. Incompatible substances include oxidizing agents, acids, and alkalis.","Section IX. Physical and Chemical Properties, Section X. Stability and Reactivity, Section XV. Regulatory Information","licensed waste disposal facility. Ensure that disposal or reprocessing is in compliance with government requirements and 
local disposal regulations. Consult your local or regional authorities. <br><br>**Waste Disposal**| Section XIV. Transport Information |  |
|---|---|
| Section XIV. Transport Information |   |
| DOT Classification Not a DOT controlled material (United States). | Special Provisions Not applicable. for Transport |
<br><br>| Section XV. Regulatory Information |  |
|---|---|
| Section XV. Regulatory Information |   |
| Other This product is acceptable for use under the provisions of WHMIS-CPR. All components of this formulation are listed on the Regulations CEPA-DSL (Domestic Substances List). All components of this formulation are listed on the US EPA-TSCA Inventory. This product has been classified in accordance with the hazard criteria of the Controlled Products Regulations (CPR) and the MSDS contains all of the information required by the CPR. Please contact Product Safety for more information. |   |
| DSD/DPD (EEC) Not evaluated. | WHMIS (Canada) D-2A |
| ADR (Europe) NOT EVALUATED FOR (Pictograms) EUROPEAN TRANSPORT NON ÉVALUÉ POUR LE TRANSPORT EUROPÉEN. | TDG (Canada) (Pictograms) |
**Section XVI. Other Information**<br><br>Available upon request. 
*Marque de commerce de Petro-Canada - Trademark 
**References**<br><br>**Glossary**
ACGIH - American Conference of Governmental Industrial Hygienists 
ADR - Agreement on Dangerous goods by Road (Europe) 
ASTM - American Society for Testing and Materials ( 
BOD5 - Biological Oxygen Demand in 5 days","area) and where engineering, work practices or other means of exposure reduction are not adequate, NIOSH approved 
respirators may be necessary to prevent overexposure by inhalation. <br><br>**Respiratory**<br><br>Wear appropriate chemically protective gloves. When handling hot product ensure gloves are heat resistant and insulated. **Hands**<br><br>Wear appropriate footwear to prevent product from coming in contact with feet and skin.  **Feet**<br><br>| Section IX. Physical and Chemical Properties |  |
|---|---|
| Section IX. Physical and Chemical Properties |   |
| Physical State and Clear viscous liquid. Appearance | Viscosity Not available |
| Colour Green. | Pour Point Not available |
| Odour Odourless. | Softening Point Not applicable. |
| Odour Threshold Not available | Dropping Point Not applicable. |
| Boiling Point 129 to 197°C (264 to 387°F) | Penetration Not applicable. |
| Density 1.115 to 1.145 (Water = 1) | Oil / Water Dist. Coeff. Not available |
| Vapour Density 2.1 (Air=1). | Ionicity (in water) Not available |
| Vapour Pressure 0.06 mmHg @ 20°C (68ºF). | Dispersion Properties Not available |
| Volatility 0% (w/w) | Solubility Soluble in water, methanol and diethyl ether. |
<br><br>| Section X. Stability and Reactivity |  |
|---|---|
| Section X. Stability and Reactivity |   |
| Corrosivity Not available |   |
| Stability The product is stable. | Hazardous Will not occur under normal working conditions. Polymerization |","keep exposure to airborne contaminants below the exposure limit. Make-up air should always be supplied to balance air 
removed by exhaust ventilation. Ensure that eyewash station and safety shower are close to work-station. <br><br>**Engineering Controls**<br><br>**Personal Protection - The selection of personal protective equipment varies, depending upon conditions of use.**<br><br>Eye protection (i.e., safety glasses, safety goggles and/or face shield) should be determined based on conditions of use. If 
product is used in an application where splashing may occur, the use of safety goggles and/or a face shield should be 
considered. <br><br>**Eyes**<br><br>Wear appropriate clothing to prevent skin contact. As a minimum long sleeves and trousers should be worn.  **Body**<br><br>Where concentrations in air may exceed the occupational exposure limits given in Section 2 (and those applicable to your 
area) and where engineering, work practices or other means of exposure reduction are not adequate, NIOSH approved 
respirators may be necessary to prevent overexposure by inhalation. <br><br>**Respiratory**<br><br>Wear appropriate chemically protective gloves. When handling hot product ensure gloves are heat resistant and insulated. **Hands**<br><br>Wear appropriate footwear to prevent product from coming in contact with feet and skin.  **Feet**<br><br>| Section IX. Physical and Chemical Properties |  |
|---|---|
| Section IX. Physical and Chemical Properties |   |
| Physical State and Clear viscous liquid. Appearance | Viscosity Not available |","| Boiling Point 129 to 197°C (264 to 387°F) | Penetration Not applicable. |
| Density 1.115 to 1.145 (Water = 1) | Oil / Water Dist. Coeff. Not available |
| Vapour Density 2.1 (Air=1). | Ionicity (in water) Not available |
| Vapour Pressure 0.06 mmHg @ 20°C (68ºF). | Dispersion Properties Not available |
| Volatility 0% (w/w) | Solubility Soluble in water, methanol and diethyl ether. |
<br><br>| Section X. Stability and Reactivity |  |
|---|---|
| Section X. Stability and Reactivity |   |
| Corrosivity Not available |   |
| Stability The product is stable. | Hazardous Will not occur under normal working conditions. Polymerization |
| Incompatible Reactive with oxidizing agents, acids and Substances / alkalis. Conditions to Avoid | Decomposition May release COx, smoke and irritating vapours when Products heated to decomposition. |
**Section XI. Toxicological Information**<br><br>Eye contact and ingestion.  **Routes of Entry**<br><br>LD50: 4700 mg/kg (oral/rat). [Ethylene Glycol] 
LD50: 9530 mg/kg (dermal/rabbit). [Ethylene Glycol] 
**Acute Lethality**<br><br>**Chronic or Other Toxic Effects**
**Chronic or Other Toxic Effects**"
32,What is the shelf life of the product?,The product is stable.,Section X. Stability and Reactivity,"licensed waste disposal facility. Ensure that disposal or reprocessing is in compliance with government requirements and 
local disposal regulations. Consult your local or regional authorities. <br><br>**Waste Disposal**| Section XIV. Transport Information |  |
|---|---|
| Section XIV. Transport Information |   |
| DOT Classification Not a DOT controlled material (United States). | Special Provisions Not applicable. for Transport |
<br><br>| Section XV. Regulatory Information |  |
|---|---|
| Section XV. Regulatory Information |   |
| Other This product is acceptable for use under the provisions of WHMIS-CPR. All components of this formulation are listed on the Regulations CEPA-DSL (Domestic Substances List). All components of this formulation are listed on the US EPA-TSCA Inventory. This product has been classified in accordance with the hazard criteria of the Controlled Products Regulations (CPR) and the MSDS contains all of the information required by the CPR. Please contact Product Safety for more information. |   |
| DSD/DPD (EEC) Not evaluated. | WHMIS (Canada) D-2A |
| ADR (Europe) NOT EVALUATED FOR (Pictograms) EUROPEAN TRANSPORT NON ÉVALUÉ POUR LE TRANSPORT EUROPÉEN. | TDG (Canada) (Pictograms) |
**Section XVI. Other Information**<br><br>Available upon request. 
*Marque de commerce de Petro-Canada - Trademark 
**References**<br><br>**Glossary**
ACGIH - American Conference of Governmental Industrial Hygienists 
ADR - Agreement on Dangerous goods by Road (Europe) 
ASTM - American Society for Testing and Materials ( 
BOD5 - Biological Oxygen Demand in 5 days","| Boiling Point 129 to 197°C (264 to 387°F) | Penetration Not applicable. |
| Density 1.115 to 1.145 (Water = 1) | Oil / Water Dist. Coeff. Not available |
| Vapour Density 2.1 (Air=1). | Ionicity (in water) Not available |
| Vapour Pressure 0.06 mmHg @ 20°C (68ºF). | Dispersion Properties Not available |
| Volatility 0% (w/w) | Solubility Soluble in water, methanol and diethyl ether. |
<br><br>| Section X. Stability and Reactivity |  |
|---|---|
| Section X. Stability and Reactivity |   |
| Corrosivity Not available |   |
| Stability The product is stable. | Hazardous Will not occur under normal working conditions. Polymerization |
| Incompatible Reactive with oxidizing agents, acids and Substances / alkalis. Conditions to Avoid | Decomposition May release COx, smoke and irritating vapours when Products heated to decomposition. |
**Section XI. Toxicological Information**<br><br>Eye contact and ingestion.  **Routes of Entry**<br><br>LD50: 4700 mg/kg (oral/rat). [Ethylene Glycol] 
LD50: 9530 mg/kg (dermal/rabbit). [Ethylene Glycol] 
**Acute Lethality**<br><br>**Chronic or Other Toxic Effects**
**Chronic or Other Toxic Effects**","| Corrosivity Not available |   |
| Stability The product is stable. | Hazardous Will not occur under normal working conditions. Polymerization |
| Incompatible Reactive with oxidizing agents, acids and Substances / alkalis. Conditions to Avoid | Decomposition May release COx, smoke and irritating vapours when Products heated to decomposition. |
**Section XI. Toxicological Information**<br><br>Eye contact and ingestion.  **Routes of Entry**<br><br>LD50: 4700 mg/kg (oral/rat). [Ethylene Glycol] 
LD50: 9530 mg/kg (dermal/rabbit). [Ethylene Glycol] 
**Acute Lethality**<br><br>**Chronic or Other Toxic Effects**
**Chronic or Other Toxic Effects**
Slightly hazardous in case of skin contact (irritant).  Dermal Route: <br><br>Slightly hazardous in case of inhalation (lung irritant). Can cause nausea, headaches and vomiting.  Inhalation Route: <br><br>Extremely dangerous in case of ingestion.  Oral Route: <br><br>Slightly hazardous in case of eye contact (irritant).  Eye Irritation/Inflammation: <br><br>Not available  Immunotoxicity: <br><br>Not available  Skin Sensitization: <br><br>Not available  Respiratory Tract Sensitization: <br><br>Not available  Mutagenic:","area) and where engineering, work practices or other means of exposure reduction are not adequate, NIOSH approved 
respirators may be necessary to prevent overexposure by inhalation. <br><br>**Respiratory**<br><br>Wear appropriate chemically protective gloves. When handling hot product ensure gloves are heat resistant and insulated. **Hands**<br><br>Wear appropriate footwear to prevent product from coming in contact with feet and skin.  **Feet**<br><br>| Section IX. Physical and Chemical Properties |  |
|---|---|
| Section IX. Physical and Chemical Properties |   |
| Physical State and Clear viscous liquid. Appearance | Viscosity Not available |
| Colour Green. | Pour Point Not available |
| Odour Odourless. | Softening Point Not applicable. |
| Odour Threshold Not available | Dropping Point Not applicable. |
| Boiling Point 129 to 197°C (264 to 387°F) | Penetration Not applicable. |
| Density 1.115 to 1.145 (Water = 1) | Oil / Water Dist. Coeff. Not available |
| Vapour Density 2.1 (Air=1). | Ionicity (in water) Not available |
| Vapour Pressure 0.06 mmHg @ 20°C (68ºF). | Dispersion Properties Not available |
| Volatility 0% (w/w) | Solubility Soluble in water, methanol and diethyl ether. |
<br><br>| Section X. Stability and Reactivity |  |
|---|---|
| Section X. Stability and Reactivity |   |
| Corrosivity Not available |   |
| Stability The product is stable. | Hazardous Will not occur under normal working conditions. Polymerization |"
33,What are the composition and ingredients of the product?,Information not available in the provided context,N/A,"| Boiling Point 129 to 197°C (264 to 387°F) | Penetration Not applicable. |
| Density 1.115 to 1.145 (Water = 1) | Oil / Water Dist. Coeff. Not available |
| Vapour Density 2.1 (Air=1). | Ionicity (in water) Not available |
| Vapour Pressure 0.06 mmHg @ 20°C (68ºF). | Dispersion Properties Not available |
| Volatility 0% (w/w) | Solubility Soluble in water, methanol and diethyl ether. |
<br><br>| Section X. Stability and Reactivity |  |
|---|---|
| Section X. Stability and Reactivity |   |
| Corrosivity Not available |   |
| Stability The product is stable. | Hazardous Will not occur under normal working conditions. Polymerization |
| Incompatible Reactive with oxidizing agents, acids and Substances / alkalis. Conditions to Avoid | Decomposition May release COx, smoke and irritating vapours when Products heated to decomposition. |
**Section XI. Toxicological Information**<br><br>Eye contact and ingestion.  **Routes of Entry**<br><br>LD50: 4700 mg/kg (oral/rat). [Ethylene Glycol] 
LD50: 9530 mg/kg (dermal/rabbit). [Ethylene Glycol] 
**Acute Lethality**<br><br>**Chronic or Other Toxic Effects**
**Chronic or Other Toxic Effects**","| Corrosivity Not available |   |
| Stability The product is stable. | Hazardous Will not occur under normal working conditions. Polymerization |
| Incompatible Reactive with oxidizing agents, acids and Substances / alkalis. Conditions to Avoid | Decomposition May release COx, smoke and irritating vapours when Products heated to decomposition. |
**Section XI. Toxicological Information**<br><br>Eye contact and ingestion.  **Routes of Entry**<br><br>LD50: 4700 mg/kg (oral/rat). [Ethylene Glycol] 
LD50: 9530 mg/kg (dermal/rabbit). [Ethylene Glycol] 
**Acute Lethality**<br><br>**Chronic or Other Toxic Effects**
**Chronic or Other Toxic Effects**
Slightly hazardous in case of skin contact (irritant).  Dermal Route: <br><br>Slightly hazardous in case of inhalation (lung irritant). Can cause nausea, headaches and vomiting.  Inhalation Route: <br><br>Extremely dangerous in case of ingestion.  Oral Route: <br><br>Slightly hazardous in case of eye contact (irritant).  Eye Irritation/Inflammation: <br><br>Not available  Immunotoxicity: <br><br>Not available  Skin Sensitization: <br><br>Not available  Respiratory Tract Sensitization: <br><br>Not available  Mutagenic:","area) and where engineering, work practices or other means of exposure reduction are not adequate, NIOSH approved 
respirators may be necessary to prevent overexposure by inhalation. <br><br>**Respiratory**<br><br>Wear appropriate chemically protective gloves. When handling hot product ensure gloves are heat resistant and insulated. **Hands**<br><br>Wear appropriate footwear to prevent product from coming in contact with feet and skin.  **Feet**<br><br>| Section IX. Physical and Chemical Properties |  |
|---|---|
| Section IX. Physical and Chemical Properties |   |
| Physical State and Clear viscous liquid. Appearance | Viscosity Not available |
| Colour Green. | Pour Point Not available |
| Odour Odourless. | Softening Point Not applicable. |
| Odour Threshold Not available | Dropping Point Not applicable. |
| Boiling Point 129 to 197°C (264 to 387°F) | Penetration Not applicable. |
| Density 1.115 to 1.145 (Water = 1) | Oil / Water Dist. Coeff. Not available |
| Vapour Density 2.1 (Air=1). | Ionicity (in water) Not available |
| Vapour Pressure 0.06 mmHg @ 20°C (68ºF). | Dispersion Properties Not available |
| Volatility 0% (w/w) | Solubility Soluble in water, methanol and diethyl ether. |
<br><br>| Section X. Stability and Reactivity |  |
|---|---|
| Section X. Stability and Reactivity |   |
| Corrosivity Not available |   |
| Stability The product is stable. | Hazardous Will not occur under normal working conditions. Polymerization |","keep exposure to airborne contaminants below the exposure limit. Make-up air should always be supplied to balance air 
removed by exhaust ventilation. Ensure that eyewash station and safety shower are close to work-station. <br><br>**Engineering Controls**<br><br>**Personal Protection - The selection of personal protective equipment varies, depending upon conditions of use.**<br><br>Eye protection (i.e., safety glasses, safety goggles and/or face shield) should be determined based on conditions of use. If 
product is used in an application where splashing may occur, the use of safety goggles and/or a face shield should be 
considered. <br><br>**Eyes**<br><br>Wear appropriate clothing to prevent skin contact. As a minimum long sleeves and trousers should be worn.  **Body**<br><br>Where concentrations in air may exceed the occupational exposure limits given in Section 2 (and those applicable to your 
area) and where engineering, work practices or other means of exposure reduction are not adequate, NIOSH approved 
respirators may be necessary to prevent overexposure by inhalation. <br><br>**Respiratory**<br><br>Wear appropriate chemically protective gloves. When handling hot product ensure gloves are heat resistant and insulated. **Hands**<br><br>Wear appropriate footwear to prevent product from coming in contact with feet and skin.  **Feet**<br><br>| Section IX. Physical and Chemical Properties |  |
|---|---|
| Section IX. Physical and Chemical Properties |   |
| Physical State and Clear viscous liquid. Appearance | Viscosity Not available |"
34,Are there any known hazardous reactions or incompatibilities with other substances or materials?,"Yes, there are known hazardous reactions or incompatibilities with other substances or materials. The product is incompatible with oxidizing agents, acids, and alkalis. It may release COx, smoke, and irritating vapors when heated to decomposition.",Section X. Stability and Reactivity,"| Corrosivity Not available |   |
| Stability The product is stable. | Hazardous Will not occur under normal working conditions. Polymerization |
| Incompatible Reactive with oxidizing agents, acids and Substances / alkalis. Conditions to Avoid | Decomposition May release COx, smoke and irritating vapours when Products heated to decomposition. |
**Section XI. Toxicological Information**<br><br>Eye contact and ingestion.  **Routes of Entry**<br><br>LD50: 4700 mg/kg (oral/rat). [Ethylene Glycol] 
LD50: 9530 mg/kg (dermal/rabbit). [Ethylene Glycol] 
**Acute Lethality**<br><br>**Chronic or Other Toxic Effects**
**Chronic or Other Toxic Effects**
Slightly hazardous in case of skin contact (irritant).  Dermal Route: <br><br>Slightly hazardous in case of inhalation (lung irritant). Can cause nausea, headaches and vomiting.  Inhalation Route: <br><br>Extremely dangerous in case of ingestion.  Oral Route: <br><br>Slightly hazardous in case of eye contact (irritant).  Eye Irritation/Inflammation: <br><br>Not available  Immunotoxicity: <br><br>Not available  Skin Sensitization: <br><br>Not available  Respiratory Tract Sensitization: <br><br>Not available  Mutagenic:","| Boiling Point 129 to 197°C (264 to 387°F) | Penetration Not applicable. |
| Density 1.115 to 1.145 (Water = 1) | Oil / Water Dist. Coeff. Not available |
| Vapour Density 2.1 (Air=1). | Ionicity (in water) Not available |
| Vapour Pressure 0.06 mmHg @ 20°C (68ºF). | Dispersion Properties Not available |
| Volatility 0% (w/w) | Solubility Soluble in water, methanol and diethyl ether. |
<br><br>| Section X. Stability and Reactivity |  |
|---|---|
| Section X. Stability and Reactivity |   |
| Corrosivity Not available |   |
| Stability The product is stable. | Hazardous Will not occur under normal working conditions. Polymerization |
| Incompatible Reactive with oxidizing agents, acids and Substances / alkalis. Conditions to Avoid | Decomposition May release COx, smoke and irritating vapours when Products heated to decomposition. |
**Section XI. Toxicological Information**<br><br>Eye contact and ingestion.  **Routes of Entry**<br><br>LD50: 4700 mg/kg (oral/rat). [Ethylene Glycol] 
LD50: 9530 mg/kg (dermal/rabbit). [Ethylene Glycol] 
**Acute Lethality**<br><br>**Chronic or Other Toxic Effects**
**Chronic or Other Toxic Effects**","<br><br>**Section III. Hazards Identification.**<br><br>Contact can cause slight irritation of skin, eyes and respiratory tract. Extremely dangerous in case of ingestion. For more 
information, refer to Section 11. 
**Potential Health**
**Effects****Section IV. First Aid Measures**<br><br>IMMEDIATELY flush eyes with running water for at least 15 minutes, keeping eyelids open. Seek medical attention.  **Eye Contact**<br><br>Remove contaminated clothing - launder before reuse. Wash gently and thoroughly the contaminated skin with running water 
and non-abrasive soap. Seek medical attention. 
**Skin Contact**<br><br>Evacuate the victim to a safe area as soon as possible. If the victim is not breathing, perform artificial respiration. Allow the 
victim to rest in a well ventilated area. Seek medical attention. 
**Inhalation**<br><br>DO NOT induce vomiting because of danger of aspirating liquid into lungs. Seek medical attention.  **Ingestion**<br><br>Not available  **Note to Physician**<br><br>| Section V. Fire-fighting Measures |  |
|---|---|
| Section V. Fire-fighting Measures |   |
| Flammability May be combustible at high temperature. | Flammable Limits Lower: 3.2%, Upper: 15.3% |
| Flash Points Closed Cup: 116ºC (Tagliabue) Open Cup: 116ºC (Cleveland) | Auto-Ignition 413ºC Temperature |
| Fire Hazards in Combustible in presence of open flames and Presence of sparks. Various Substances | Explosion Hazards Not a product presenting risks of explosion. in Presence of Various Substances |","LD50: 9530 mg/kg (dermal/rabbit). [Ethylene Glycol] 
**Acute Lethality**<br><br>**Chronic or Other Toxic Effects**
**Chronic or Other Toxic Effects**
Slightly hazardous in case of skin contact (irritant).  Dermal Route: <br><br>Slightly hazardous in case of inhalation (lung irritant). Can cause nausea, headaches and vomiting.  Inhalation Route: <br><br>Extremely dangerous in case of ingestion.  Oral Route: <br><br>Slightly hazardous in case of eye contact (irritant).  Eye Irritation/Inflammation: <br><br>Not available  Immunotoxicity: <br><br>Not available  Skin Sensitization: <br><br>Not available  Respiratory Tract Sensitization: <br><br>Not available  Mutagenic: 
**Continued on Next Page** **Available in French****ANTIFREEZE** **Page Number: 3**<br><br>Not available  Reproductive Toxicity: <br><br>Fetotoxic and teratogenic in mice at levels below maternal toxicity.  Teratogenicity/Embryotoxicity: <br><br>ACGIH A4: not classifiable as a human carcinogen.  Carcinogenicity (ACGIH): <br><br>Not available  Carcinogenicity (IARC): <br><br>Not available  Carcinogenicity (NTP): <br><br>Not available  Carcinogenicity (IRIS): <br><br>Not available  Carcinogenicity (OSHA): <br><br>The substance may be toxic to kidneys and liver. Repeated or prolonged exposure to the substance can produce 
target organs damage. Repeated exposure to a highly toxic material may produce general deterioration of health 
by an accumulation in one or many human organs. <br><br>**Other Considerations**<br><br>|  |  |
|---|---|
|   |   |
| Section XII. Ecological Information |   |"
35,What is the odor of the product?,Odourless,Section IX. Physical and Chemical Properties,"| Boiling Point 129 to 197°C (264 to 387°F) | Penetration Not applicable. |
| Density 1.115 to 1.145 (Water = 1) | Oil / Water Dist. Coeff. Not available |
| Vapour Density 2.1 (Air=1). | Ionicity (in water) Not available |
| Vapour Pressure 0.06 mmHg @ 20°C (68ºF). | Dispersion Properties Not available |
| Volatility 0% (w/w) | Solubility Soluble in water, methanol and diethyl ether. |
<br><br>| Section X. Stability and Reactivity |  |
|---|---|
| Section X. Stability and Reactivity |   |
| Corrosivity Not available |   |
| Stability The product is stable. | Hazardous Will not occur under normal working conditions. Polymerization |
| Incompatible Reactive with oxidizing agents, acids and Substances / alkalis. Conditions to Avoid | Decomposition May release COx, smoke and irritating vapours when Products heated to decomposition. |
**Section XI. Toxicological Information**<br><br>Eye contact and ingestion.  **Routes of Entry**<br><br>LD50: 4700 mg/kg (oral/rat). [Ethylene Glycol] 
LD50: 9530 mg/kg (dermal/rabbit). [Ethylene Glycol] 
**Acute Lethality**<br><br>**Chronic or Other Toxic Effects**
**Chronic or Other Toxic Effects**","| Corrosivity Not available |   |
| Stability The product is stable. | Hazardous Will not occur under normal working conditions. Polymerization |
| Incompatible Reactive with oxidizing agents, acids and Substances / alkalis. Conditions to Avoid | Decomposition May release COx, smoke and irritating vapours when Products heated to decomposition. |
**Section XI. Toxicological Information**<br><br>Eye contact and ingestion.  **Routes of Entry**<br><br>LD50: 4700 mg/kg (oral/rat). [Ethylene Glycol] 
LD50: 9530 mg/kg (dermal/rabbit). [Ethylene Glycol] 
**Acute Lethality**<br><br>**Chronic or Other Toxic Effects**
**Chronic or Other Toxic Effects**
Slightly hazardous in case of skin contact (irritant).  Dermal Route: <br><br>Slightly hazardous in case of inhalation (lung irritant). Can cause nausea, headaches and vomiting.  Inhalation Route: <br><br>Extremely dangerous in case of ingestion.  Oral Route: <br><br>Slightly hazardous in case of eye contact (irritant).  Eye Irritation/Inflammation: <br><br>Not available  Immunotoxicity: <br><br>Not available  Skin Sensitization: <br><br>Not available  Respiratory Tract Sensitization: <br><br>Not available  Mutagenic:","area) and where engineering, work practices or other means of exposure reduction are not adequate, NIOSH approved 
respirators may be necessary to prevent overexposure by inhalation. <br><br>**Respiratory**<br><br>Wear appropriate chemically protective gloves. When handling hot product ensure gloves are heat resistant and insulated. **Hands**<br><br>Wear appropriate footwear to prevent product from coming in contact with feet and skin.  **Feet**<br><br>| Section IX. Physical and Chemical Properties |  |
|---|---|
| Section IX. Physical and Chemical Properties |   |
| Physical State and Clear viscous liquid. Appearance | Viscosity Not available |
| Colour Green. | Pour Point Not available |
| Odour Odourless. | Softening Point Not applicable. |
| Odour Threshold Not available | Dropping Point Not applicable. |
| Boiling Point 129 to 197°C (264 to 387°F) | Penetration Not applicable. |
| Density 1.115 to 1.145 (Water = 1) | Oil / Water Dist. Coeff. Not available |
| Vapour Density 2.1 (Air=1). | Ionicity (in water) Not available |
| Vapour Pressure 0.06 mmHg @ 20°C (68ºF). | Dispersion Properties Not available |
| Volatility 0% (w/w) | Solubility Soluble in water, methanol and diethyl ether. |
<br><br>| Section X. Stability and Reactivity |  |
|---|---|
| Section X. Stability and Reactivity |   |
| Corrosivity Not available |   |
| Stability The product is stable. | Hazardous Will not occur under normal working conditions. Polymerization |","licensed waste disposal facility. Ensure that disposal or reprocessing is in compliance with government requirements and 
local disposal regulations. Consult your local or regional authorities. <br><br>**Waste Disposal**| Section XIV. Transport Information |  |
|---|---|
| Section XIV. Transport Information |   |
| DOT Classification Not a DOT controlled material (United States). | Special Provisions Not applicable. for Transport |
<br><br>| Section XV. Regulatory Information |  |
|---|---|
| Section XV. Regulatory Information |   |
| Other This product is acceptable for use under the provisions of WHMIS-CPR. All components of this formulation are listed on the Regulations CEPA-DSL (Domestic Substances List). All components of this formulation are listed on the US EPA-TSCA Inventory. This product has been classified in accordance with the hazard criteria of the Controlled Products Regulations (CPR) and the MSDS contains all of the information required by the CPR. Please contact Product Safety for more information. |   |
| DSD/DPD (EEC) Not evaluated. | WHMIS (Canada) D-2A |
| ADR (Europe) NOT EVALUATED FOR (Pictograms) EUROPEAN TRANSPORT NON ÉVALUÉ POUR LE TRANSPORT EUROPÉEN. | TDG (Canada) (Pictograms) |
**Section XVI. Other Information**<br><br>Available upon request. 
*Marque de commerce de Petro-Canada - Trademark 
**References**<br><br>**Glossary**
ACGIH - American Conference of Governmental Industrial Hygienists 
ADR - Agreement on Dangerous goods by Road (Europe) 
ASTM - American Society for Testing and Materials ( 
BOD5 - Biological Oxygen Demand in 5 days"
36,What is the boiling point of the product?,129 to 197°C (264 to 387°F),"Section IX. Physical and Chemical Properties, Section V. Fire-fighting Measures","| Boiling Point 129 to 197°C (264 to 387°F) | Penetration Not applicable. |
| Density 1.115 to 1.145 (Water = 1) | Oil / Water Dist. Coeff. Not available |
| Vapour Density 2.1 (Air=1). | Ionicity (in water) Not available |
| Vapour Pressure 0.06 mmHg @ 20°C (68ºF). | Dispersion Properties Not available |
| Volatility 0% (w/w) | Solubility Soluble in water, methanol and diethyl ether. |
<br><br>| Section X. Stability and Reactivity |  |
|---|---|
| Section X. Stability and Reactivity |   |
| Corrosivity Not available |   |
| Stability The product is stable. | Hazardous Will not occur under normal working conditions. Polymerization |
| Incompatible Reactive with oxidizing agents, acids and Substances / alkalis. Conditions to Avoid | Decomposition May release COx, smoke and irritating vapours when Products heated to decomposition. |
**Section XI. Toxicological Information**<br><br>Eye contact and ingestion.  **Routes of Entry**<br><br>LD50: 4700 mg/kg (oral/rat). [Ethylene Glycol] 
LD50: 9530 mg/kg (dermal/rabbit). [Ethylene Glycol] 
**Acute Lethality**<br><br>**Chronic or Other Toxic Effects**
**Chronic or Other Toxic Effects**","area) and where engineering, work practices or other means of exposure reduction are not adequate, NIOSH approved 
respirators may be necessary to prevent overexposure by inhalation. <br><br>**Respiratory**<br><br>Wear appropriate chemically protective gloves. When handling hot product ensure gloves are heat resistant and insulated. **Hands**<br><br>Wear appropriate footwear to prevent product from coming in contact with feet and skin.  **Feet**<br><br>| Section IX. Physical and Chemical Properties |  |
|---|---|
| Section IX. Physical and Chemical Properties |   |
| Physical State and Clear viscous liquid. Appearance | Viscosity Not available |
| Colour Green. | Pour Point Not available |
| Odour Odourless. | Softening Point Not applicable. |
| Odour Threshold Not available | Dropping Point Not applicable. |
| Boiling Point 129 to 197°C (264 to 387°F) | Penetration Not applicable. |
| Density 1.115 to 1.145 (Water = 1) | Oil / Water Dist. Coeff. Not available |
| Vapour Density 2.1 (Air=1). | Ionicity (in water) Not available |
| Vapour Pressure 0.06 mmHg @ 20°C (68ºF). | Dispersion Properties Not available |
| Volatility 0% (w/w) | Solubility Soluble in water, methanol and diethyl ether. |
<br><br>| Section X. Stability and Reactivity |  |
|---|---|
| Section X. Stability and Reactivity |   |
| Corrosivity Not available |   |
| Stability The product is stable. | Hazardous Will not occur under normal working conditions. Polymerization |","|---|---|
| Section V. Fire-fighting Measures |   |
| Flammability May be combustible at high temperature. | Flammable Limits Lower: 3.2%, Upper: 15.3% |
| Flash Points Closed Cup: 116ºC (Tagliabue) Open Cup: 116ºC (Cleveland) | Auto-Ignition 413ºC Temperature |
| Fire Hazards in Combustible in presence of open flames and Presence of sparks. Various Substances | Explosion Hazards Not a product presenting risks of explosion. in Presence of Various Substances |
| Products of Carbon oxides (CO, CO2), smoke and irritating vapours as products of incomplete combustion. Combustion |   |
| Fire Fighting SMALL FIRE: Use DRY chemicals, CO2, water spray or foam. Media and LARGE FIRE: Use water spray, fog or foam. DO NOT use water jet. nstructions |   |
**ANTIFREEZE** **Page Number: 2**<br><br>**Section VI. Accidental Release Measures**<br><br>Small spill or leak: Dilute with water and mop up or absorb with an inert DRY material and place in an appropriate waste 
disposal container. 
Large spill or leak: Absorb with an inert material and put the spilled material in an appropriate waste disposal. Dispose of in 
accordance with regional regulations. <br><br>**Material Release**","| Corrosivity Not available |   |
| Stability The product is stable. | Hazardous Will not occur under normal working conditions. Polymerization |
| Incompatible Reactive with oxidizing agents, acids and Substances / alkalis. Conditions to Avoid | Decomposition May release COx, smoke and irritating vapours when Products heated to decomposition. |
**Section XI. Toxicological Information**<br><br>Eye contact and ingestion.  **Routes of Entry**<br><br>LD50: 4700 mg/kg (oral/rat). [Ethylene Glycol] 
LD50: 9530 mg/kg (dermal/rabbit). [Ethylene Glycol] 
**Acute Lethality**<br><br>**Chronic or Other Toxic Effects**
**Chronic or Other Toxic Effects**
Slightly hazardous in case of skin contact (irritant).  Dermal Route: <br><br>Slightly hazardous in case of inhalation (lung irritant). Can cause nausea, headaches and vomiting.  Inhalation Route: <br><br>Extremely dangerous in case of ingestion.  Oral Route: <br><br>Slightly hazardous in case of eye contact (irritant).  Eye Irritation/Inflammation: <br><br>Not available  Immunotoxicity: <br><br>Not available  Skin Sensitization: <br><br>Not available  Respiratory Tract Sensitization: <br><br>Not available  Mutagenic:"
37,Is the product flammable?,"Yes, the product may be combustible at high temperature with flammable limits Lower: 3.2%, Upper: 15.3%.",Section V. Fire-fighting Measures,"|---|---|
| Section V. Fire-fighting Measures |   |
| Flammability May be combustible at high temperature. | Flammable Limits Lower: 3.2%, Upper: 15.3% |
| Flash Points Closed Cup: 116ºC (Tagliabue) Open Cup: 116ºC (Cleveland) | Auto-Ignition 413ºC Temperature |
| Fire Hazards in Combustible in presence of open flames and Presence of sparks. Various Substances | Explosion Hazards Not a product presenting risks of explosion. in Presence of Various Substances |
| Products of Carbon oxides (CO, CO2), smoke and irritating vapours as products of incomplete combustion. Combustion |   |
| Fire Fighting SMALL FIRE: Use DRY chemicals, CO2, water spray or foam. Media and LARGE FIRE: Use water spray, fog or foam. DO NOT use water jet. nstructions |   |
**ANTIFREEZE** **Page Number: 2**<br><br>**Section VI. Accidental Release Measures**<br><br>Small spill or leak: Dilute with water and mop up or absorb with an inert DRY material and place in an appropriate waste 
disposal container. 
Large spill or leak: Absorb with an inert material and put the spilled material in an appropriate waste disposal. Dispose of in 
accordance with regional regulations. <br><br>**Material Release**","| Boiling Point 129 to 197°C (264 to 387°F) | Penetration Not applicable. |
| Density 1.115 to 1.145 (Water = 1) | Oil / Water Dist. Coeff. Not available |
| Vapour Density 2.1 (Air=1). | Ionicity (in water) Not available |
| Vapour Pressure 0.06 mmHg @ 20°C (68ºF). | Dispersion Properties Not available |
| Volatility 0% (w/w) | Solubility Soluble in water, methanol and diethyl ether. |
<br><br>| Section X. Stability and Reactivity |  |
|---|---|
| Section X. Stability and Reactivity |   |
| Corrosivity Not available |   |
| Stability The product is stable. | Hazardous Will not occur under normal working conditions. Polymerization |
| Incompatible Reactive with oxidizing agents, acids and Substances / alkalis. Conditions to Avoid | Decomposition May release COx, smoke and irritating vapours when Products heated to decomposition. |
**Section XI. Toxicological Information**<br><br>Eye contact and ingestion.  **Routes of Entry**<br><br>LD50: 4700 mg/kg (oral/rat). [Ethylene Glycol] 
LD50: 9530 mg/kg (dermal/rabbit). [Ethylene Glycol] 
**Acute Lethality**<br><br>**Chronic or Other Toxic Effects**
**Chronic or Other Toxic Effects**","| Fire Fighting SMALL FIRE: Use DRY chemicals, CO2, water spray or foam. Media and LARGE FIRE: Use water spray, fog or foam. DO NOT use water jet. nstructions |   |
**ANTIFREEZE** **Page Number: 2**<br><br>**Section VI. Accidental Release Measures**<br><br>Small spill or leak: Dilute with water and mop up or absorb with an inert DRY material and place in an appropriate waste 
disposal container. 
Large spill or leak: Absorb with an inert material and put the spilled material in an appropriate waste disposal. Dispose of in 
accordance with regional regulations. <br><br>**Material Release**
**or Spill**<br><br>**Section VII. Handling and Storage**<br><br>Avoid contamination with reactive substances. After handling, always wash hands thoroughly with soap and water.  **Handling**<br><br>Keep container dry. Keep container tightly closed. Keep in a cool, well-ventilated place.  **Storage****Section VIII. Exposure Controls/Personal Protection**<br><br>For normal application, special ventilation is not necessary. If user's operations generate vapours or mist, use ventilation to 
keep exposure to airborne contaminants below the exposure limit. Make-up air should always be supplied to balance air 
removed by exhaust ventilation. Ensure that eyewash station and safety shower are close to work-station. <br><br>**Engineering Controls**<br><br>**Personal Protection - The selection of personal protective equipment varies, depending upon conditions of use.**<br><br>Eye protection (i.e., safety glasses, safety goggles and/or face shield) should be determined based on conditions of use. If","<br><br>**Section III. Hazards Identification.**<br><br>Contact can cause slight irritation of skin, eyes and respiratory tract. Extremely dangerous in case of ingestion. For more 
information, refer to Section 11. 
**Potential Health**
**Effects****Section IV. First Aid Measures**<br><br>IMMEDIATELY flush eyes with running water for at least 15 minutes, keeping eyelids open. Seek medical attention.  **Eye Contact**<br><br>Remove contaminated clothing - launder before reuse. Wash gently and thoroughly the contaminated skin with running water 
and non-abrasive soap. Seek medical attention. 
**Skin Contact**<br><br>Evacuate the victim to a safe area as soon as possible. If the victim is not breathing, perform artificial respiration. Allow the 
victim to rest in a well ventilated area. Seek medical attention. 
**Inhalation**<br><br>DO NOT induce vomiting because of danger of aspirating liquid into lungs. Seek medical attention.  **Ingestion**<br><br>Not available  **Note to Physician**<br><br>| Section V. Fire-fighting Measures |  |
|---|---|
| Section V. Fire-fighting Measures |   |
| Flammability May be combustible at high temperature. | Flammable Limits Lower: 3.2%, Upper: 15.3% |
| Flash Points Closed Cup: 116ºC (Tagliabue) Open Cup: 116ºC (Cleveland) | Auto-Ignition 413ºC Temperature |
| Fire Hazards in Combustible in presence of open flames and Presence of sparks. Various Substances | Explosion Hazards Not a product presenting risks of explosion. in Presence of Various Substances |"
38,What is the solubility of the product?,"Soluble in water, methanol and diethyl ether.",Section IX. Physical and Chemical Properties,"| Boiling Point 129 to 197°C (264 to 387°F) | Penetration Not applicable. |
| Density 1.115 to 1.145 (Water = 1) | Oil / Water Dist. Coeff. Not available |
| Vapour Density 2.1 (Air=1). | Ionicity (in water) Not available |
| Vapour Pressure 0.06 mmHg @ 20°C (68ºF). | Dispersion Properties Not available |
| Volatility 0% (w/w) | Solubility Soluble in water, methanol and diethyl ether. |
<br><br>| Section X. Stability and Reactivity |  |
|---|---|
| Section X. Stability and Reactivity |   |
| Corrosivity Not available |   |
| Stability The product is stable. | Hazardous Will not occur under normal working conditions. Polymerization |
| Incompatible Reactive with oxidizing agents, acids and Substances / alkalis. Conditions to Avoid | Decomposition May release COx, smoke and irritating vapours when Products heated to decomposition. |
**Section XI. Toxicological Information**<br><br>Eye contact and ingestion.  **Routes of Entry**<br><br>LD50: 4700 mg/kg (oral/rat). [Ethylene Glycol] 
LD50: 9530 mg/kg (dermal/rabbit). [Ethylene Glycol] 
**Acute Lethality**<br><br>**Chronic or Other Toxic Effects**
**Chronic or Other Toxic Effects**","area) and where engineering, work practices or other means of exposure reduction are not adequate, NIOSH approved 
respirators may be necessary to prevent overexposure by inhalation. <br><br>**Respiratory**<br><br>Wear appropriate chemically protective gloves. When handling hot product ensure gloves are heat resistant and insulated. **Hands**<br><br>Wear appropriate footwear to prevent product from coming in contact with feet and skin.  **Feet**<br><br>| Section IX. Physical and Chemical Properties |  |
|---|---|
| Section IX. Physical and Chemical Properties |   |
| Physical State and Clear viscous liquid. Appearance | Viscosity Not available |
| Colour Green. | Pour Point Not available |
| Odour Odourless. | Softening Point Not applicable. |
| Odour Threshold Not available | Dropping Point Not applicable. |
| Boiling Point 129 to 197°C (264 to 387°F) | Penetration Not applicable. |
| Density 1.115 to 1.145 (Water = 1) | Oil / Water Dist. Coeff. Not available |
| Vapour Density 2.1 (Air=1). | Ionicity (in water) Not available |
| Vapour Pressure 0.06 mmHg @ 20°C (68ºF). | Dispersion Properties Not available |
| Volatility 0% (w/w) | Solubility Soluble in water, methanol and diethyl ether. |
<br><br>| Section X. Stability and Reactivity |  |
|---|---|
| Section X. Stability and Reactivity |   |
| Corrosivity Not available |   |
| Stability The product is stable. | Hazardous Will not occur under normal working conditions. Polymerization |","| Corrosivity Not available |   |
| Stability The product is stable. | Hazardous Will not occur under normal working conditions. Polymerization |
| Incompatible Reactive with oxidizing agents, acids and Substances / alkalis. Conditions to Avoid | Decomposition May release COx, smoke and irritating vapours when Products heated to decomposition. |
**Section XI. Toxicological Information**<br><br>Eye contact and ingestion.  **Routes of Entry**<br><br>LD50: 4700 mg/kg (oral/rat). [Ethylene Glycol] 
LD50: 9530 mg/kg (dermal/rabbit). [Ethylene Glycol] 
**Acute Lethality**<br><br>**Chronic or Other Toxic Effects**
**Chronic or Other Toxic Effects**
Slightly hazardous in case of skin contact (irritant).  Dermal Route: <br><br>Slightly hazardous in case of inhalation (lung irritant). Can cause nausea, headaches and vomiting.  Inhalation Route: <br><br>Extremely dangerous in case of ingestion.  Oral Route: <br><br>Slightly hazardous in case of eye contact (irritant).  Eye Irritation/Inflammation: <br><br>Not available  Immunotoxicity: <br><br>Not available  Skin Sensitization: <br><br>Not available  Respiratory Tract Sensitization: <br><br>Not available  Mutagenic:","licensed waste disposal facility. Ensure that disposal or reprocessing is in compliance with government requirements and 
local disposal regulations. Consult your local or regional authorities. <br><br>**Waste Disposal**| Section XIV. Transport Information |  |
|---|---|
| Section XIV. Transport Information |   |
| DOT Classification Not a DOT controlled material (United States). | Special Provisions Not applicable. for Transport |
<br><br>| Section XV. Regulatory Information |  |
|---|---|
| Section XV. Regulatory Information |   |
| Other This product is acceptable for use under the provisions of WHMIS-CPR. All components of this formulation are listed on the Regulations CEPA-DSL (Domestic Substances List). All components of this formulation are listed on the US EPA-TSCA Inventory. This product has been classified in accordance with the hazard criteria of the Controlled Products Regulations (CPR) and the MSDS contains all of the information required by the CPR. Please contact Product Safety for more information. |   |
| DSD/DPD (EEC) Not evaluated. | WHMIS (Canada) D-2A |
| ADR (Europe) NOT EVALUATED FOR (Pictograms) EUROPEAN TRANSPORT NON ÉVALUÉ POUR LE TRANSPORT EUROPÉEN. | TDG (Canada) (Pictograms) |
**Section XVI. Other Information**<br><br>Available upon request. 
*Marque de commerce de Petro-Canada - Trademark 
**References**<br><br>**Glossary**
ACGIH - American Conference of Governmental Industrial Hygienists 
ADR - Agreement on Dangerous goods by Road (Europe) 
ASTM - American Society for Testing and Materials ( 
BOD5 - Biological Oxygen Demand in 5 days"
39,"Is the product stable under certain conditions, and are there any potential decomposition products?","Yes, the product is stable. Potential decomposition products include COx, smoke, and irritating vapours.","Section X. Stability and Reactivity, Decomposition","| Boiling Point 129 to 197°C (264 to 387°F) | Penetration Not applicable. |
| Density 1.115 to 1.145 (Water = 1) | Oil / Water Dist. Coeff. Not available |
| Vapour Density 2.1 (Air=1). | Ionicity (in water) Not available |
| Vapour Pressure 0.06 mmHg @ 20°C (68ºF). | Dispersion Properties Not available |
| Volatility 0% (w/w) | Solubility Soluble in water, methanol and diethyl ether. |
<br><br>| Section X. Stability and Reactivity |  |
|---|---|
| Section X. Stability and Reactivity |   |
| Corrosivity Not available |   |
| Stability The product is stable. | Hazardous Will not occur under normal working conditions. Polymerization |
| Incompatible Reactive with oxidizing agents, acids and Substances / alkalis. Conditions to Avoid | Decomposition May release COx, smoke and irritating vapours when Products heated to decomposition. |
**Section XI. Toxicological Information**<br><br>Eye contact and ingestion.  **Routes of Entry**<br><br>LD50: 4700 mg/kg (oral/rat). [Ethylene Glycol] 
LD50: 9530 mg/kg (dermal/rabbit). [Ethylene Glycol] 
**Acute Lethality**<br><br>**Chronic or Other Toxic Effects**
**Chronic or Other Toxic Effects**","| Corrosivity Not available |   |
| Stability The product is stable. | Hazardous Will not occur under normal working conditions. Polymerization |
| Incompatible Reactive with oxidizing agents, acids and Substances / alkalis. Conditions to Avoid | Decomposition May release COx, smoke and irritating vapours when Products heated to decomposition. |
**Section XI. Toxicological Information**<br><br>Eye contact and ingestion.  **Routes of Entry**<br><br>LD50: 4700 mg/kg (oral/rat). [Ethylene Glycol] 
LD50: 9530 mg/kg (dermal/rabbit). [Ethylene Glycol] 
**Acute Lethality**<br><br>**Chronic or Other Toxic Effects**
**Chronic or Other Toxic Effects**
Slightly hazardous in case of skin contact (irritant).  Dermal Route: <br><br>Slightly hazardous in case of inhalation (lung irritant). Can cause nausea, headaches and vomiting.  Inhalation Route: <br><br>Extremely dangerous in case of ingestion.  Oral Route: <br><br>Slightly hazardous in case of eye contact (irritant).  Eye Irritation/Inflammation: <br><br>Not available  Immunotoxicity: <br><br>Not available  Skin Sensitization: <br><br>Not available  Respiratory Tract Sensitization: <br><br>Not available  Mutagenic:","area) and where engineering, work practices or other means of exposure reduction are not adequate, NIOSH approved 
respirators may be necessary to prevent overexposure by inhalation. <br><br>**Respiratory**<br><br>Wear appropriate chemically protective gloves. When handling hot product ensure gloves are heat resistant and insulated. **Hands**<br><br>Wear appropriate footwear to prevent product from coming in contact with feet and skin.  **Feet**<br><br>| Section IX. Physical and Chemical Properties |  |
|---|---|
| Section IX. Physical and Chemical Properties |   |
| Physical State and Clear viscous liquid. Appearance | Viscosity Not available |
| Colour Green. | Pour Point Not available |
| Odour Odourless. | Softening Point Not applicable. |
| Odour Threshold Not available | Dropping Point Not applicable. |
| Boiling Point 129 to 197°C (264 to 387°F) | Penetration Not applicable. |
| Density 1.115 to 1.145 (Water = 1) | Oil / Water Dist. Coeff. Not available |
| Vapour Density 2.1 (Air=1). | Ionicity (in water) Not available |
| Vapour Pressure 0.06 mmHg @ 20°C (68ºF). | Dispersion Properties Not available |
| Volatility 0% (w/w) | Solubility Soluble in water, methanol and diethyl ether. |
<br><br>| Section X. Stability and Reactivity |  |
|---|---|
| Section X. Stability and Reactivity |   |
| Corrosivity Not available |   |
| Stability The product is stable. | Hazardous Will not occur under normal working conditions. Polymerization |","licensed waste disposal facility. Ensure that disposal or reprocessing is in compliance with government requirements and 
local disposal regulations. Consult your local or regional authorities. <br><br>**Waste Disposal**| Section XIV. Transport Information |  |
|---|---|
| Section XIV. Transport Information |   |
| DOT Classification Not a DOT controlled material (United States). | Special Provisions Not applicable. for Transport |
<br><br>| Section XV. Regulatory Information |  |
|---|---|
| Section XV. Regulatory Information |   |
| Other This product is acceptable for use under the provisions of WHMIS-CPR. All components of this formulation are listed on the Regulations CEPA-DSL (Domestic Substances List). All components of this formulation are listed on the US EPA-TSCA Inventory. This product has been classified in accordance with the hazard criteria of the Controlled Products Regulations (CPR) and the MSDS contains all of the information required by the CPR. Please contact Product Safety for more information. |   |
| DSD/DPD (EEC) Not evaluated. | WHMIS (Canada) D-2A |
| ADR (Europe) NOT EVALUATED FOR (Pictograms) EUROPEAN TRANSPORT NON ÉVALUÉ POUR LE TRANSPORT EUROPÉEN. | TDG (Canada) (Pictograms) |
**Section XVI. Other Information**<br><br>Available upon request. 
*Marque de commerce de Petro-Canada - Trademark 
**References**<br><br>**Glossary**
ACGIH - American Conference of Governmental Industrial Hygienists 
ADR - Agreement on Dangerous goods by Road (Europe) 
ASTM - American Society for Testing and Materials ( 
BOD5 - Biological Oxygen Demand in 5 days"
40,"What are the recommended engineering controls, personal protective equipment (PPE), and respiratory protection for handling the product?","For normal application, special ventilation is not necessary. If user's operations generate vapours or mist, use ventilation to keep exposure to airborne contaminants below the exposure limit. Make-up air should always be supplied to balance air removed by exhaust ventilation. Ensure that eyewash station and safety shower are close to work-station. Eye protection (i.e., safety glasses, safety goggles and/or face shield) should be determined based on conditions of use. If product is used in an application where splashing may occur, the use of safety goggles and/or a face shield should be considered. Wear appropriate clothing to prevent skin contact. As a minimum long sleeves and trousers should be worn. Where concentrations in air may exceed the occupational exposure limits given in Section 2 (and those applicable to your area) and where engineering, work practices or other means of exposure reduction are not adequate, NIOSH approved respirators may be necessary to prevent overexposure by inhalation. Wear appropriate chemically protective gloves. Respiratory protection should include a NIOSH-approved respirator for high concentrations.","Section VIII. Exposure Controls/Personal Protection, Section VII. Handling and Storage","keep exposure to airborne contaminants below the exposure limit. Make-up air should always be supplied to balance air 
removed by exhaust ventilation. Ensure that eyewash station and safety shower are close to work-station. <br><br>**Engineering Controls**<br><br>**Personal Protection - The selection of personal protective equipment varies, depending upon conditions of use.**<br><br>Eye protection (i.e., safety glasses, safety goggles and/or face shield) should be determined based on conditions of use. If 
product is used in an application where splashing may occur, the use of safety goggles and/or a face shield should be 
considered. <br><br>**Eyes**<br><br>Wear appropriate clothing to prevent skin contact. As a minimum long sleeves and trousers should be worn.  **Body**<br><br>Where concentrations in air may exceed the occupational exposure limits given in Section 2 (and those applicable to your 
area) and where engineering, work practices or other means of exposure reduction are not adequate, NIOSH approved 
respirators may be necessary to prevent overexposure by inhalation. <br><br>**Respiratory**<br><br>Wear appropriate chemically protective gloves. When handling hot product ensure gloves are heat resistant and insulated. **Hands**<br><br>Wear appropriate footwear to prevent product from coming in contact with feet and skin.  **Feet**<br><br>| Section IX. Physical and Chemical Properties |  |
|---|---|
| Section IX. Physical and Chemical Properties |   |
| Physical State and Clear viscous liquid. Appearance | Viscosity Not available |","area) and where engineering, work practices or other means of exposure reduction are not adequate, NIOSH approved 
respirators may be necessary to prevent overexposure by inhalation. <br><br>**Respiratory**<br><br>Wear appropriate chemically protective gloves. When handling hot product ensure gloves are heat resistant and insulated. **Hands**<br><br>Wear appropriate footwear to prevent product from coming in contact with feet and skin.  **Feet**<br><br>| Section IX. Physical and Chemical Properties |  |
|---|---|
| Section IX. Physical and Chemical Properties |   |
| Physical State and Clear viscous liquid. Appearance | Viscosity Not available |
| Colour Green. | Pour Point Not available |
| Odour Odourless. | Softening Point Not applicable. |
| Odour Threshold Not available | Dropping Point Not applicable. |
| Boiling Point 129 to 197°C (264 to 387°F) | Penetration Not applicable. |
| Density 1.115 to 1.145 (Water = 1) | Oil / Water Dist. Coeff. Not available |
| Vapour Density 2.1 (Air=1). | Ionicity (in water) Not available |
| Vapour Pressure 0.06 mmHg @ 20°C (68ºF). | Dispersion Properties Not available |
| Volatility 0% (w/w) | Solubility Soluble in water, methanol and diethyl ether. |
<br><br>| Section X. Stability and Reactivity |  |
|---|---|
| Section X. Stability and Reactivity |   |
| Corrosivity Not available |   |
| Stability The product is stable. | Hazardous Will not occur under normal working conditions. Polymerization |","| Fire Fighting SMALL FIRE: Use DRY chemicals, CO2, water spray or foam. Media and LARGE FIRE: Use water spray, fog or foam. DO NOT use water jet. nstructions |   |
**ANTIFREEZE** **Page Number: 2**<br><br>**Section VI. Accidental Release Measures**<br><br>Small spill or leak: Dilute with water and mop up or absorb with an inert DRY material and place in an appropriate waste 
disposal container. 
Large spill or leak: Absorb with an inert material and put the spilled material in an appropriate waste disposal. Dispose of in 
accordance with regional regulations. <br><br>**Material Release**
**or Spill**<br><br>**Section VII. Handling and Storage**<br><br>Avoid contamination with reactive substances. After handling, always wash hands thoroughly with soap and water.  **Handling**<br><br>Keep container dry. Keep container tightly closed. Keep in a cool, well-ventilated place.  **Storage****Section VIII. Exposure Controls/Personal Protection**<br><br>For normal application, special ventilation is not necessary. If user's operations generate vapours or mist, use ventilation to 
keep exposure to airborne contaminants below the exposure limit. Make-up air should always be supplied to balance air 
removed by exhaust ventilation. Ensure that eyewash station and safety shower are close to work-station. <br><br>**Engineering Controls**<br><br>**Personal Protection - The selection of personal protective equipment varies, depending upon conditions of use.**<br><br>Eye protection (i.e., safety glasses, safety goggles and/or face shield) should be determined based on conditions of use. If","PEL - Permissible Exposure Limit 
RCRA - Resource Conservation and Recovery Act 
SARA - Superfund Amendments and Reorganization Act 
SD - Single Dose 
STEL - Short Term Exposure Limit (15 minutes) 
TDG - Transportation Dangerous Goods (Canada) 
TDLo/TCLo - Lowest Published Toxic Dose/Concentration 
TLm - Median Tolerance Limit 
TLV-TWA - Threshold Limit Value-Time Weighted Average 
TSCA - Toxic Substances Control Act 
USEPA - United States Environmental Protection Agency <br><br>Propane Installation Code **ANTIFREEZE**<br><br>FDA - Food and Drug Administration 
FIFRA - Federal Insecticide, Fungicide and Rodenticide Act 
HCS - Hazardous Communication System 
HMIS - Hazardous Material Information System 
IARC - International Agency for Research on Cancer <br><br>**For Copy of MSDS**
**Western Canada, telephone: 403-296-4158; fax: 403-296-6551**
**Ontario & Central Canada, telephone: 1-800-668-0220; fax: 1-800-837-1228**
**Quebec & Eastern Canada, telephone: 514-640-8308; fax: 514-640-8385**<br><br>**Prepared by Product Safety - TAR on 7/3/2001.**<br><br>**Data entry by Product Safety - JDW.**<br><br>**For Product Safety Information: (905) 804-4752**<br><br>**To the best of our knowledge, the information contained herein is accurate. However, neither the above named supplier nor any of its**
**subsidiaries assumes any liability whatsoever for the accuracy or completeness of the information contained herein. Final**
**determination of suitability of any material is the sole responsibility of the user. All materials may present unknown hazards and should**"
41,Are there any specific environmental precautions or considerations for the disposal of the product or its containers?,"Yes, there are specific environmental precautions for disposal. The product should be disposed of at a licensed waste disposal facility. Ensure that disposal or reprocessing is in compliance with government requirements and local disposal regulations. Consult your local or regional authorities.",Section XIII. Disposal Considerations,"licensed waste disposal facility. Ensure that disposal or reprocessing is in compliance with government requirements and 
local disposal regulations. Consult your local or regional authorities. <br><br>**Waste Disposal**| Section XIV. Transport Information |  |
|---|---|
| Section XIV. Transport Information |   |
| DOT Classification Not a DOT controlled material (United States). | Special Provisions Not applicable. for Transport |
<br><br>| Section XV. Regulatory Information |  |
|---|---|
| Section XV. Regulatory Information |   |
| Other This product is acceptable for use under the provisions of WHMIS-CPR. All components of this formulation are listed on the Regulations CEPA-DSL (Domestic Substances List). All components of this formulation are listed on the US EPA-TSCA Inventory. This product has been classified in accordance with the hazard criteria of the Controlled Products Regulations (CPR) and the MSDS contains all of the information required by the CPR. Please contact Product Safety for more information. |   |
| DSD/DPD (EEC) Not evaluated. | WHMIS (Canada) D-2A |
| ADR (Europe) NOT EVALUATED FOR (Pictograms) EUROPEAN TRANSPORT NON ÉVALUÉ POUR LE TRANSPORT EUROPÉEN. | TDG (Canada) (Pictograms) |
**Section XVI. Other Information**<br><br>Available upon request. 
*Marque de commerce de Petro-Canada - Trademark 
**References**<br><br>**Glossary**
ACGIH - American Conference of Governmental Industrial Hygienists 
ADR - Agreement on Dangerous goods by Road (Europe) 
ASTM - American Society for Testing and Materials ( 
BOD5 - Biological Oxygen Demand in 5 days","target organs damage. Repeated exposure to a highly toxic material may produce general deterioration of health 
by an accumulation in one or many human organs. <br><br>**Other Considerations**<br><br>|  |  |
|---|---|
|   |   |
| Section XII. Ecological Information |   |
| Environmental Fate Not available | Persistance/ Not available Bioaccumulation Potential |
| BOD5 and COD Not available | Products of Not available Biodegradation |
| Additional Remarks No additional remark. |   |
<br><br>**Section XIII. Disposal Considerations**<br><br>Preferred waste management priorities are: (1) recycle or reprocess; (2) incineration with energy recovery; (3) disposal at 
licensed waste disposal facility. Ensure that disposal or reprocessing is in compliance with government requirements and 
local disposal regulations. Consult your local or regional authorities. <br><br>**Waste Disposal**| Section XIV. Transport Information |  |
|---|---|
| Section XIV. Transport Information |   |
| DOT Classification Not a DOT controlled material (United States). | Special Provisions Not applicable. for Transport |
<br><br>| Section XV. Regulatory Information |  |
|---|---|
| Section XV. Regulatory Information |   |","keep exposure to airborne contaminants below the exposure limit. Make-up air should always be supplied to balance air 
removed by exhaust ventilation. Ensure that eyewash station and safety shower are close to work-station. <br><br>**Engineering Controls**<br><br>**Personal Protection - The selection of personal protective equipment varies, depending upon conditions of use.**<br><br>Eye protection (i.e., safety glasses, safety goggles and/or face shield) should be determined based on conditions of use. If 
product is used in an application where splashing may occur, the use of safety goggles and/or a face shield should be 
considered. <br><br>**Eyes**<br><br>Wear appropriate clothing to prevent skin contact. As a minimum long sleeves and trousers should be worn.  **Body**<br><br>Where concentrations in air may exceed the occupational exposure limits given in Section 2 (and those applicable to your 
area) and where engineering, work practices or other means of exposure reduction are not adequate, NIOSH approved 
respirators may be necessary to prevent overexposure by inhalation. <br><br>**Respiratory**<br><br>Wear appropriate chemically protective gloves. When handling hot product ensure gloves are heat resistant and insulated. **Hands**<br><br>Wear appropriate footwear to prevent product from coming in contact with feet and skin.  **Feet**<br><br>| Section IX. Physical and Chemical Properties |  |
|---|---|
| Section IX. Physical and Chemical Properties |   |
| Physical State and Clear viscous liquid. Appearance | Viscosity Not available |","| Fire Fighting SMALL FIRE: Use DRY chemicals, CO2, water spray or foam. Media and LARGE FIRE: Use water spray, fog or foam. DO NOT use water jet. nstructions |   |
**ANTIFREEZE** **Page Number: 2**<br><br>**Section VI. Accidental Release Measures**<br><br>Small spill or leak: Dilute with water and mop up or absorb with an inert DRY material and place in an appropriate waste 
disposal container. 
Large spill or leak: Absorb with an inert material and put the spilled material in an appropriate waste disposal. Dispose of in 
accordance with regional regulations. <br><br>**Material Release**
**or Spill**<br><br>**Section VII. Handling and Storage**<br><br>Avoid contamination with reactive substances. After handling, always wash hands thoroughly with soap and water.  **Handling**<br><br>Keep container dry. Keep container tightly closed. Keep in a cool, well-ventilated place.  **Storage****Section VIII. Exposure Controls/Personal Protection**<br><br>For normal application, special ventilation is not necessary. If user's operations generate vapours or mist, use ventilation to 
keep exposure to airborne contaminants below the exposure limit. Make-up air should always be supplied to balance air 
removed by exhaust ventilation. Ensure that eyewash station and safety shower are close to work-station. <br><br>**Engineering Controls**<br><br>**Personal Protection - The selection of personal protective equipment varies, depending upon conditions of use.**<br><br>Eye protection (i.e., safety glasses, safety goggles and/or face shield) should be determined based on conditions of use. If"
42,Can the specific chemical identity or exact percentage of the composition be disclosed for the product?,Information not available in the provided context,N/A,"| Boiling Point 129 to 197°C (264 to 387°F) | Penetration Not applicable. |
| Density 1.115 to 1.145 (Water = 1) | Oil / Water Dist. Coeff. Not available |
| Vapour Density 2.1 (Air=1). | Ionicity (in water) Not available |
| Vapour Pressure 0.06 mmHg @ 20°C (68ºF). | Dispersion Properties Not available |
| Volatility 0% (w/w) | Solubility Soluble in water, methanol and diethyl ether. |
<br><br>| Section X. Stability and Reactivity |  |
|---|---|
| Section X. Stability and Reactivity |   |
| Corrosivity Not available |   |
| Stability The product is stable. | Hazardous Will not occur under normal working conditions. Polymerization |
| Incompatible Reactive with oxidizing agents, acids and Substances / alkalis. Conditions to Avoid | Decomposition May release COx, smoke and irritating vapours when Products heated to decomposition. |
**Section XI. Toxicological Information**<br><br>Eye contact and ingestion.  **Routes of Entry**<br><br>LD50: 4700 mg/kg (oral/rat). [Ethylene Glycol] 
LD50: 9530 mg/kg (dermal/rabbit). [Ethylene Glycol] 
**Acute Lethality**<br><br>**Chronic or Other Toxic Effects**
**Chronic or Other Toxic Effects**","licensed waste disposal facility. Ensure that disposal or reprocessing is in compliance with government requirements and 
local disposal regulations. Consult your local or regional authorities. <br><br>**Waste Disposal**| Section XIV. Transport Information |  |
|---|---|
| Section XIV. Transport Information |   |
| DOT Classification Not a DOT controlled material (United States). | Special Provisions Not applicable. for Transport |
<br><br>| Section XV. Regulatory Information |  |
|---|---|
| Section XV. Regulatory Information |   |
| Other This product is acceptable for use under the provisions of WHMIS-CPR. All components of this formulation are listed on the Regulations CEPA-DSL (Domestic Substances List). All components of this formulation are listed on the US EPA-TSCA Inventory. This product has been classified in accordance with the hazard criteria of the Controlled Products Regulations (CPR) and the MSDS contains all of the information required by the CPR. Please contact Product Safety for more information. |   |
| DSD/DPD (EEC) Not evaluated. | WHMIS (Canada) D-2A |
| ADR (Europe) NOT EVALUATED FOR (Pictograms) EUROPEAN TRANSPORT NON ÉVALUÉ POUR LE TRANSPORT EUROPÉEN. | TDG (Canada) (Pictograms) |
**Section XVI. Other Information**<br><br>Available upon request. 
*Marque de commerce de Petro-Canada - Trademark 
**References**<br><br>**Glossary**
ACGIH - American Conference of Governmental Industrial Hygienists 
ADR - Agreement on Dangerous goods by Road (Europe) 
ASTM - American Society for Testing and Materials ( 
BOD5 - Biological Oxygen Demand in 5 days","| Corrosivity Not available |   |
| Stability The product is stable. | Hazardous Will not occur under normal working conditions. Polymerization |
| Incompatible Reactive with oxidizing agents, acids and Substances / alkalis. Conditions to Avoid | Decomposition May release COx, smoke and irritating vapours when Products heated to decomposition. |
**Section XI. Toxicological Information**<br><br>Eye contact and ingestion.  **Routes of Entry**<br><br>LD50: 4700 mg/kg (oral/rat). [Ethylene Glycol] 
LD50: 9530 mg/kg (dermal/rabbit). [Ethylene Glycol] 
**Acute Lethality**<br><br>**Chronic or Other Toxic Effects**
**Chronic or Other Toxic Effects**
Slightly hazardous in case of skin contact (irritant).  Dermal Route: <br><br>Slightly hazardous in case of inhalation (lung irritant). Can cause nausea, headaches and vomiting.  Inhalation Route: <br><br>Extremely dangerous in case of ingestion.  Oral Route: <br><br>Slightly hazardous in case of eye contact (irritant).  Eye Irritation/Inflammation: <br><br>Not available  Immunotoxicity: <br><br>Not available  Skin Sensitization: <br><br>Not available  Respiratory Tract Sensitization: <br><br>Not available  Mutagenic:","PEL - Permissible Exposure Limit 
RCRA - Resource Conservation and Recovery Act 
SARA - Superfund Amendments and Reorganization Act 
SD - Single Dose 
STEL - Short Term Exposure Limit (15 minutes) 
TDG - Transportation Dangerous Goods (Canada) 
TDLo/TCLo - Lowest Published Toxic Dose/Concentration 
TLm - Median Tolerance Limit 
TLV-TWA - Threshold Limit Value-Time Weighted Average 
TSCA - Toxic Substances Control Act 
USEPA - United States Environmental Protection Agency <br><br>Propane Installation Code **ANTIFREEZE**<br><br>FDA - Food and Drug Administration 
FIFRA - Federal Insecticide, Fungicide and Rodenticide Act 
HCS - Hazardous Communication System 
HMIS - Hazardous Material Information System 
IARC - International Agency for Research on Cancer <br><br>**For Copy of MSDS**
**Western Canada, telephone: 403-296-4158; fax: 403-296-6551**
**Ontario & Central Canada, telephone: 1-800-668-0220; fax: 1-800-837-1228**
**Quebec & Eastern Canada, telephone: 514-640-8308; fax: 514-640-8385**<br><br>**Prepared by Product Safety - TAR on 7/3/2001.**<br><br>**Data entry by Product Safety - JDW.**<br><br>**For Product Safety Information: (905) 804-4752**<br><br>**To the best of our knowledge, the information contained herein is accurate. However, neither the above named supplier nor any of its**
**subsidiaries assumes any liability whatsoever for the accuracy or completeness of the information contained herein. Final**
**determination of suitability of any material is the sole responsibility of the user. All materials may present unknown hazards and should**"
